{
  "CNN-Attention-GRU-based": {
    "MSE": 0.007925,
    "MAE": 0.069449,
    "RMSE": 0.089024,
    "MAPE": 0.314379
  }
}