{
  "LSTM-based": {
    "MSE": 0.042279,
    "MAE": 0.14144,
    "RMSE": 0.205618,
    "MAPE": 0.415145
  }
}