{
  "LSTM-based": {
    "MSE": 0.042064,
    "MAE": 0.140811,
    "RMSE": 0.205094,
    "MAPE": 0.41376
  }
}