{
  "LSTM-based": {
    "MSE": 0.043326,
    "MAE": 0.143746,
    "RMSE": 0.208148,
    "MAPE": 0.414558
  }
}