{
  "LSTM-based": {
    "MSE": 0.04349,
    "MAE": 0.144161,
    "RMSE": 0.208543,
    "MAPE": 0.405105
  }
}