{
  "LSTM-based": {
    "MSE": 0.04401,
    "MAE": 0.145757,
    "RMSE": 0.209768,
    "MAPE": 0.402572
  }
}