{
  "LSTM-based": {
    "MSE": 0.044486,
    "MAE": 0.14728,
    "RMSE": 0.2109,
    "MAPE": 0.402002
  }
}