{
  "LSTM-based": {
    "MSE": 0.045182,
    "MAE": 0.149435,
    "RMSE": 0.212525,
    "MAPE": 0.404171
  }
}