{
  "CNN-BiGRU-Attention-based": {
    "training_loss": [
      0.02348758029517623,
      0.020970476146311486
    ],
    "validation_loss": [
      0.0025366266113771518,
      0.0025388740009667588
    ]
  }
}