{
  "CNN-BiGRU-Attention-based": {
    "training_loss": [
      0.03232501674729538,
      0.0200480421559535
    ],
    "validation_loss": [
      0.0008494822492062206,
      0.0008494822492062206
    ]
  }
}