{
  "CNN-BiGRU-Attention-based": {
    "training_loss": [
      0.03574086899470946,
      0.032722026109695435
    ],
    "validation_loss": [
      0.00033853372045572147,
      0.0005829195712459382
    ]
  }
}