{
  "CNN-BiGRU-Attention-based": {
    "training_loss": [
      0.0027104647301915866,
      0.0022597156981819027
    ],
    "validation_loss": [
      0.0006604567954414769,
      0.00027970510878060995
    ]
  }
}