{
  "CNN-BiGRU-Attention-based": {
    "training_loss": [
      0.010413215049233685,
      0.0065750557283822545
    ],
    "validation_loss": [
      0.0008543621944753747,
      0.0008543621944753747
    ]
  }
}