{
  "CNN-BiGRU-Attention-based": {
    "training_loss": [
      0.07053880330542443,
      0.06317216745564636
    ],
    "validation_loss": [
      0.0002328465745167833,
      0.00013067364745156866
    ]
  }
}