{
  "CNN-GRU-Attention-based": {
    "training_loss": [
      0.08076215809897373,
      0.06397127482974739,
      0.05598641576474173,
      0.049061119477999834,
      0.04390536666962139,
      0.040345704725437,
      0.0377784184457963,
      0.035801224711171364,
      0.03412905225628301,
      0.03313805097550677,
      0.03206977237734878,
      0.03087690323591232,
      0.029635203316023474,
      0.028924988340913203,
      0.02821566859881083,
      0.027193815705546163,
      0.026574464351461644,
      0.02556302135712222,
      0.02520716553717329,
      0.02409856306356296,
      0.023210174158999796,
      0.022562473770557787,
      0.021796195450843426,
      0.02129558356838268,
      0.020799357091125688,
      0.020400065771843258,
      0.019968338245362566,
      0.019676938862131354,
      0.019319595514159453,
      0.01884581142088823,
      0.01835583470631064,
      0.018378393652669172,
      0.018129818363670717,
      0.01781574754992075
    ],
    "validation_loss": [
      0.013261597030437909,
      0.008438442475520648,
      0.007101084773226843,
      0.007067949432957839,
      0.007182610051875765,
      0.007413993075073182,
      0.007869464371327337,
      0.008050964051089087,
      0.008064272559501907,
      0.008268165753802636,
      0.00811578989862562,
      0.008161736417796227,
      0.008223526922243459,
      0.00845346257898149,
      0.008190157797213618,
      0.008346925919445662,
      0.008491526253625646,
      0.008900107679094051,
      0.009548300532037979,
      0.009224680454268322,
      0.010578078673696601,
      0.01095986929624439,
      0.010648525613067034,
      0.011730225652560487,
      0.01175349520949217,
      0.01234526651540211,
      0.012490932237018238,
      0.01593831802190809,
      0.012411688584704083,
      0.013511702522531257,
      0.013959215901844152,
      0.014602568391319756,
      0.014556849844284825,
      0.014693190649777026
    ]
  }
}