{
  "CNN-GRU-Attention-based": {
    "training_loss": [
      0.11924412391687694,
      0.10503950443184167,
      0.0957404449320676,
      0.0885803737138447,
      0.08323757883749511,
      0.056492076526608384,
      0.036284309351130535,
      0.03300763677086747,
      0.03151698047131823,
      0.030231509135480512,
      0.02913612716814928,
      0.028252328174156054,
      0.02763472506613062,
      0.02678296304585641,
      0.025960315182282215,
      0.024909257522800512,
      0.02408705242631728,
      0.02290891025934303,
      0.02190754563269908,
      0.021011211180634665,
      0.02024160969937057,
      0.01965825947230322,
      0.019319065869377372,
      0.01877325932707703,
      0.018210315900413613,
      0.01780492684950954,
      0.017306922441511823,
      0.017059578511275743,
      0.016982780207406012,
      0.016746967815254865,
      0.01630613601260018,
      0.016051391028521354,
      0.015874096332934864,
      0.01569872337083022,
      0.015445736795663833,
      0.015184984833263514,
      0.01498488741681764,
      0.014890459794224355,
      0.014635902813129258,
      0.014370168689965155,
      0.01416198347221341,
      0.014251070989197806,
      0.013798003460754427
    ],
    "validation_loss": [
      0.0479775274793307,
      0.04465919871602142,
      0.04364955765113496,
      0.043597450342617534,
      0.042880534812023766,
      0.008141590239839595,
      0.007715523840957566,
      0.006756936150946115,
      0.006671699809662083,
      0.006672242805034968,
      0.00663851037817566,
      0.006544554022778022,
      0.006527235550119689,
      0.006595550381104674,
      0.0066699230765695115,
      0.006950364838632052,
      0.00748308802088886,
      0.008724081212360608,
      0.009312558948601547,
      0.010956577688717006,
      0.010186444203320303,
      0.01134146936237812,
      0.01071791261630623,
      0.011198671766671173,
      0.011278414301443518,
      0.009800797795648115,
      0.012309205960155578,
      0.013756422544911242,
      0.010602028265987572,
      0.010936897293778888,
      0.012706742066432509,
      0.012274447325290296,
      0.011782401839369221,
      0.013732885278499963,
      0.01303140114862145,
      0.014890300149196073,
      0.011959715288851345,
      0.015553318950952145,
      0.013174894550128987,
      0.014958900200170383,
      0.01295211746831212,
      0.011634679743203155,
      0.015542358231910488
    ]
  }
}