{
  "CNN-GRU-Attention-based": {
    "training_loss": [
      0.08802509952836962,
      0.06512504714664605,
      0.05487358296016939,
      0.04834423793105309,
      0.04351252660848678,
      0.039509256861783415,
      0.03688617709033106,
      0.035019822454667074,
      0.03352147218778638,
      0.03234019283535608,
      0.030676336028499493,
      0.029257076091678443,
      0.02841890885235449,
      0.027205879805745316,
      0.02621144748229903,
      0.02538212929395231,
      0.02453329368339912,
      0.023541338967455385,
      0.02314033521187211,
      0.022316660718948198,
      0.021864846783761292,
      0.021375403135256144,
      0.020729228386473928,
      0.020406453974080568,
      0.01981059278838199,
      0.019416190476154317,
      0.01896361364632243,
      0.01870677152467046,
      0.017945133421089273,
      0.01769399827082917,
      0.017367297893061358,
      0.017117584698209645,
      0.01684792724759355,
      0.016424056379691982,
      0.016390865653936437,
      0.016270224683647413,
      0.016072865856829394,
      0.01580084896629269,
      0.015386175969329395,
      0.015349886140559618
    ],
    "validation_loss": [
      0.01858020187600663,
      0.008621359871406305,
      0.0074514471795083135,
      0.007131891228716101,
      0.006873644545282188,
      0.006769481678738406,
      0.006709411893889569,
      0.00667028250826294,
      0.006673350745583313,
      0.006611517401771587,
      0.006649345089272972,
      0.006700470934115481,
      0.006710683894261979,
      0.007013207850487609,
      0.007002078843090618,
      0.007133580298212014,
      0.007673632796330933,
      0.007618698946674142,
      0.007509640712094934,
      0.007983881465502475,
      0.007996833915903903,
      0.007978281929370081,
      0.008379969131528286,
      0.008176884792026197,
      0.009072545082553438,
      0.008388472219373574,
      0.008938740133389569,
      0.008740503703685183,
      0.009249082933131017,
      0.009569068922939008,
      0.009129787850798222,
      0.009080488773945131,
      0.010141997585040436,
      0.009414054724600232,
      0.009753550654440595,
      0.00986689650698712,
      0.010745239035602202,
      0.010102060143100588,
      0.009384489539814623,
      0.00994288159959149
    ]
  }
}