{
  "CNN-GRU-Attention-based": {
    "training_loss": [
      0.1015824367323324,
      0.06597192637844958,
      0.05568963712202434,
      0.04864661227944446,
      0.04363559733794737,
      0.039923487718893064,
      0.03733518600516244,
      0.0358507104204912,
      0.03436039830762598,
      0.033073547343692375,
      0.031667791411725835,
      0.03059695785462542,
      0.02938776671467431,
      0.028095119893027105,
      0.02710614868346438,
      0.025949410829031825,
      0.0254918096950425,
      0.0244383010587709,
      0.02399901222103719,
      0.023166855862642423,
      0.022667411177931435,
      0.02203070208011277,
      0.02166665866578191,
      0.020983887427144396,
      0.020634137742182073,
      0.020025515883034896,
      0.019556851694213066,
      0.019183982510663083,
      0.018923559859525967,
      0.018579584138831273,
      0.01833371804971477,
      0.0178868564857278,
      0.017728574387401812,
      0.017403694265808498,
      0.0171533399777117,
      0.017002439601035865,
      0.016432415959155202,
      0.01639258936833204,
      0.016199598393299878,
      0.015863655626066748,
      0.015751349489304428
    ],
    "validation_loss": [
      0.02724228124869497,
      0.011840430098144632,
      0.007576944175780865,
      0.007414371711447051,
      0.0074124776006659916,
      0.0072215293076608265,
      0.007021892243963585,
      0.007024165273954471,
      0.0069779133146399995,
      0.006976554309132329,
      0.006954807838784498,
      0.007041709688737205,
      0.00695845858242951,
      0.007941725954674838,
      0.008180030856869722,
      0.00804992557683012,
      0.008419728805229329,
      0.008576617958514315,
      0.007976278169244006,
      0.008017635227818239,
      0.008492404523125866,
      0.008019212322930494,
      0.008352321634689967,
      0.0077969731828361226,
      0.008535407075102915,
      0.007874944897597297,
      0.008570860388378303,
      0.008152658283187631,
      0.007465623580572898,
      0.007458285217810618,
      0.007566834496040093,
      0.008965997446916606,
      0.007321537799087533,
      0.0073996907949709055,
      0.00803833016635556,
      0.0075272341863366595,
      0.00798658219476541,
      0.008095479638952957,
      0.007469611494034006,
      0.007375143670983482,
      0.0074752019914357285
    ]
  }
}