{
  "CNN-GRU-Attention-based": {
    "training_loss": [
      0.10653378916027888,
      0.08133059878986765,
      0.0716746760992597,
      0.06498477257388457,
      0.059727388903459334,
      0.05060687306006959,
      0.0371965507705587,
      0.0347532864787805,
      0.033219991699057705,
      0.03191332695981129,
      0.030743506660876614,
      0.029760778893896018,
      0.028712530029821312,
      0.02757454123233323,
      0.02686210613445483,
      0.025550082094947708,
      0.024484395894009813,
      0.02381064912194522,
      0.022894409628504708,
      0.02220424135578444,
      0.02136664250464217,
      0.02097590377582147,
      0.02046333158531258,
      0.020199351853108657,
      0.019746582799492013,
      0.019379268859889075,
      0.01895585647647383,
      0.018990574717495455,
      0.018727856269638687,
      0.01806205960126592,
      0.01809991236772837,
      0.017893942690592853,
      0.017739187857249167,
      0.017598539844758173,
      0.017409013746438995,
      0.017360663190549575,
      0.0172171974251589,
      0.01732800499902237,
      0.01725233325910023,
      0.01724287692257576,
      0.01727046153738295,
      0.01692057147183068
    ],
    "validation_loss": [
      0.03485443352868683,
      0.025789594650268553,
      0.02259176429034325,
      0.021887351827401865,
      0.021654161752054566,
      0.008435951817061818,
      0.007351806302342499,
      0.006905716682147039,
      0.006789365433679338,
      0.006752497735514976,
      0.006744299172178695,
      0.006701033547716706,
      0.006803592091851067,
      0.007016388287669734,
      0.007071811331664784,
      0.0076158186257408375,
      0.0077163882978391225,
      0.00844213469117357,
      0.008399789270601775,
      0.00813561481538049,
      0.0092002992894043,
      0.007631487660763557,
      0.009178074259768453,
      0.009118153984870828,
      0.010262251932892883,
      0.008892317501860753,
      0.008364697052329256,
      0.008391552382524599,
      0.010776534918368908,
      0.008860528684760395,
      0.009873579808494501,
      0.008210551993627297,
      0.008856450929714921,
      0.008418289104705316,
      0.007899836993269753,
      0.007440479965717123,
      0.007533306324560392,
      0.007244529287543213,
      0.007088496140612845,
      0.007212188754949654,
      0.007024256051763108,
      0.007034010018565153
    ]
  }
}