{
  "CNN-GRU-Attention-based": {
    "training_loss": [
      0.11560033702514541,
      0.09236438845244932,
      0.06897749300573913,
      0.048501651314362675,
      0.04294634662883382,
      0.03921318856973044,
      0.036703769275000395,
      0.034986738168017964,
      0.0335368093260577,
      0.03237293755084696,
      0.031224385323658795,
      0.030463902358437926,
      0.02960806397694937,
      0.028688720729149565,
      0.027849542423033377,
      0.02725658355884149,
      0.026279830570581933,
      0.02542720876739059,
      0.024620504944886958,
      0.023917227039034938,
      0.023255633741197452,
      0.02263678127611187,
      0.022230012525974865,
      0.02164948873326812,
      0.0212642476749672,
      0.02085994892347027,
      0.02069050674392304,
      0.020176853223795622,
      0.019772320015119835,
      0.01959847915970104,
      0.019354569817512806,
      0.018951672247387995,
      0.018835546212716842,
      0.018391560133494123,
      0.01832957757295857,
      0.017929282852671515,
      0.01778023183660608,
      0.017816824445002516,
      0.017534991962389206,
      0.01754193196833973,
      0.017402868376861155,
      0.017142837972078526,
      0.016891657151806523,
      0.01671168438985314
    ],
    "validation_loss": [
      0.04341367360269814,
      0.03459835021119369,
      0.008682216409789889,
      0.008035568790020127,
      0.007624564408079574,
      0.007375913118257334,
      0.007215449140456162,
      0.00713962431539569,
      0.007078149351046273,
      0.006975518624510681,
      0.006886513908638766,
      0.0069508270115444535,
      0.0068086300682472555,
      0.006783593076755081,
      0.006908543092574467,
      0.006878342020341701,
      0.006812941694730207,
      0.0072689394875053775,
      0.007376407542707105,
      0.0075681860215569795,
      0.007866248919775611,
      0.00770171501657419,
      0.008004500282307465,
      0.008224359540301457,
      0.008063584693560475,
      0.007554884967312478,
      0.008203249950811528,
      0.008484358660746039,
      0.008229269541538598,
      0.007649553851469567,
      0.00789204401437912,
      0.007924368314183595,
      0.007490323750269518,
      0.008658871371625809,
      0.008318604412897114,
      0.007763949922171601,
      0.007607521203330211,
      0.009235692801967002,
      0.008076062831178047,
      0.007587850463102784,
      0.008015412038290187,
      0.00885070592589807,
      0.008497256712105713,
      0.008252950525728234
    ]
  }
}