{
  "CNN-GRU-Attention-based": {
    "training_loss": [
      0.0975952643743703,
      0.06580467039430646,
      0.05649071218262256,
      0.049686551776150584,
      0.04471698109532746,
      0.040788721135804354,
      0.038479965337565245,
      0.036570119028779824,
      0.03516550173222179,
      0.03395206586156093,
      0.03272416274732267,
      0.03183940073973696,
      0.031018879841750776,
      0.030538615521410822,
      0.02969257460093834,
      0.028936696724152902,
      0.028292291181188235,
      0.027480831081178825,
      0.026715867483699824,
      0.02591181326080376,
      0.025216450862271686,
      0.024429100788605045,
      0.023705343335447177,
      0.022952955032528286,
      0.022474200792715584,
      0.021636117380899444,
      0.021399490587728123,
      0.021002387391849304,
      0.020681265951462195,
      0.02035033576925036,
      0.020032585165660147,
      0.019860405527370076,
      0.019410398329647496,
      0.019543655898789286,
      0.01913796218348221,
      0.01893251376147841,
      0.018951871629122277,
      0.018187184044173067,
      0.017774041847024167,
      0.017458133793003122,
      0.017119687549035315,
      0.01711820299461694,
      0.01670228738442693,
      0.01639271915798456,
      0.016163975118436445,
      0.016057724395478274,
      0.015883976987130205,
      0.015691531139989973,
      0.015559438642271807
    ],
    "validation_loss": [
      0.026016069025221005,
      0.01227001853706971,
      0.008013690231551587,
      0.007784157394575821,
      0.007645327597856522,
      0.0075157646181612785,
      0.007570866318288403,
      0.007473604209248868,
      0.007418590860152749,
      0.007429434268564825,
      0.007501513769351681,
      0.0073139979635221015,
      0.0072589167196985705,
      0.007215091709414838,
      0.007204130449345414,
      0.00719599550406278,
      0.0070384669865311035,
      0.00721199919377834,
      0.0070277804731798,
      0.007183130476361429,
      0.00716583950864807,
      0.008121964082279255,
      0.007745858255616376,
      0.010339392139248445,
      0.008310133532266801,
      0.010541181532587384,
      0.009795764657917996,
      0.009633005150711872,
      0.009788818395053836,
      0.008947888697484429,
      0.009432062355827697,
      0.00901501745798848,
      0.008468439297514483,
      0.007654048561472708,
      0.00798098487831967,
      0.00823312570196642,
      0.007495889558233846,
      0.008981042633384046,
      0.008671651902595456,
      0.008281776491342716,
      0.00892007632941847,
      0.008975144869215052,
      0.008786450527136174,
      0.010401881798367265,
      0.01046475221757108,
      0.011810256246949586,
      0.01216555456302955,
      0.013120229014943183,
      0.012866806304475792
    ]
  }
}