{
  "CNN-Based": {
    "actual": [
      [
        0.39954022988505755
      ],
      [
        0.31862068965517243
      ],
      [
        0.2133333333333334
      ],
      [
        0.2744827586206896
      ],
      [
        0.30804597701149417
      ],
      [
        0.41885057471264364
      ],
      [
        0.3949425287356322
      ],
      [
        0.2055172413793104
      ],
      [
        0.3149425287356322
      ],
      [
        0.18850574712643683
      ],
      [
        0.2422988505747127
      ],
      [
        0.22988505747126445
      ],
      [
        0.8680459770114943
      ],
      [
        0.41103448275862065
      ],
      [
        0.44045977011494253
      ],
      [
        0.41471264367816096
      ],
      [
        0.18896551724137936
      ],
      [
        0.2960919540229886
      ],
      [
        0.21517241379310345
      ],
      [
        0.1802298850574713
      ],
      [
        0.8220689655172413
      ],
      [
        0.48091954022988503
      ],
      [
        0.3016091954022989
      ],
      [
        0.3885057471264368
      ],
      [
        0.3071264367816092
      ],
      [
        0.7250574712643678
      ],
      [
        0.6543245808288517
      ]
    ],
    "predicted": [
      [
        0.5388513207435608
      ],
      [
        0.523530125617981
      ],
      [
        0.53172367811203
      ],
      [
        0.5779445171356201
      ],
      [
        0.6235970854759216
      ],
      [
        0.6885350942611694
      ],
      [
        0.7213460206985474
      ],
      [
        0.7698949575424194
      ],
      [
        0.8432855010032654
      ],
      [
        0.9055718183517456
      ],
      [
        0.9973155856132507
      ],
      [
        1.0856480598449707
      ],
      [
        1.1704423427581787
      ],
      [
        1.2589499950408936
      ],
      [
        1.2829235792160034
      ],
      [
        1.2591733932495117
      ],
      [
        1.2396974563598633
      ],
      [
        1.1930373907089233
      ],
      [
        1.1336569786071777
      ],
      [
        1.074298620223999
      ],
      [
        1.0275852680206299
      ],
      [
        1.040230393409729
      ],
      [
        1.0508396625518799
      ],
      [
        1.0723681449890137
      ],
      [
        1.051277756690979
      ],
      [
        1.0423943996429443
      ],
      [
        1.04863703250885
      ]
    ]
  }
}