{
  "CNN-Based": {
    "actual": [
      [
        0.39954022988505755,
        0.31862068965517243
      ],
      [
        0.31862068965517243,
        0.2133333333333334
      ],
      [
        0.2133333333333334,
        0.2744827586206896
      ],
      [
        0.2744827586206896,
        0.30804597701149417
      ],
      [
        0.30804597701149417,
        0.41885057471264364
      ],
      [
        0.41885057471264364,
        0.3949425287356322
      ],
      [
        0.3949425287356322,
        0.2055172413793104
      ],
      [
        0.2055172413793104,
        0.3149425287356322
      ],
      [
        0.3149425287356322,
        0.18850574712643683
      ],
      [
        0.18850574712643683,
        0.2422988505747127
      ],
      [
        0.2422988505747127,
        0.22988505747126445
      ],
      [
        0.22988505747126445,
        0.8680459770114943
      ],
      [
        0.8680459770114943,
        0.41103448275862065
      ],
      [
        0.41103448275862065,
        0.44045977011494253
      ],
      [
        0.44045977011494253,
        0.41471264367816096
      ],
      [
        0.41471264367816096,
        0.18896551724137936
      ],
      [
        0.18896551724137936,
        0.2960919540229886
      ],
      [
        0.2960919540229886,
        0.21517241379310345
      ],
      [
        0.21517241379310345,
        0.1802298850574713
      ],
      [
        0.1802298850574713,
        0.8220689655172413
      ],
      [
        0.8220689655172413,
        0.48091954022988503
      ],
      [
        0.48091954022988503,
        0.3016091954022989
      ],
      [
        0.3016091954022989,
        0.3885057471264368
      ],
      [
        0.3885057471264368,
        0.3071264367816092
      ],
      [
        0.3071264367816092,
        0.7250574712643678
      ],
      [
        0.7250574712643678,
        0.6543245808288517
      ]
    ],
    "predicted": [
      [
        0.2292909026145935,
        0.3796134889125824
      ],
      [
        0.2523278594017029,
        0.34994515776634216
      ],
      [
        0.3348332643508911,
        0.4563652276992798
      ],
      [
        0.42922231554985046,
        0.5656735897064209
      ],
      [
        0.5065779089927673,
        0.6682789921760559
      ],
      [
        0.5911223888397217,
        0.7555539608001709
      ],
      [
        0.7399173378944397,
        0.8423423767089844
      ],
      [
        0.8443440794944763,
        0.972712516784668
      ],
      [
        0.948259711265564,
        1.0227556228637695
      ],
      [
        0.9721010327339172,
        1.1403954029083252
      ],
      [
        1.064087986946106,
        1.2510826587677002
      ],
      [
        1.1897176504135132,
        1.343243956565857
      ],
      [
        1.2660328149795532,
        1.4122753143310547
      ],
      [
        1.3192509412765503,
        1.4525820016860962
      ],
      [
        1.2548214197158813,
        1.460486650466919
      ],
      [
        1.1263924837112427,
        1.3208985328674316
      ],
      [
        0.9741420149803162,
        1.302574872970581
      ],
      [
        0.9706291556358337,
        1.2620062828063965
      ],
      [
        0.864721417427063,
        1.1904947757720947
      ],
      [
        0.7957099676132202,
        1.1230401992797852
      ],
      [
        0.7384580969810486,
        1.054103136062622
      ],
      [
        0.7847508192062378,
        1.0410009622573853
      ],
      [
        0.8104986548423767,
        1.0298004150390625
      ],
      [
        0.7455955743789673,
        1.1322581768035889
      ],
      [
        0.7493247985839844,
        1.1644558906555176
      ],
      [
        0.79924076795578,
        1.1839109659194946
      ]
    ]
  }
}