{
  "GRU-based": {
    "MSE": 0.03537,
    "MAE": 0.148786,
    "RMSE": 0.188068,
    "MAPE": 0.484984
  }
}