{
  "GRU-based": {
    "MSE": 0.036595,
    "MAE": 0.15578,
    "RMSE": 0.191268,
    "MAPE": 0.52572
  }
}