{
  "GRU-based": {
    "MSE": 0.034361,
    "MAE": 0.143322,
    "RMSE": 0.185332,
    "MAPE": 0.470236
  }
}