{
  "GRU-based": {
    "MSE": 0.033875,
    "MAE": 0.141645,
    "RMSE": 0.184005,
    "MAPE": 0.464512
  }
}