{
  "GRU-based": {
    "MSE": 0.033661,
    "MAE": 0.140459,
    "RMSE": 0.183437,
    "MAPE": 0.459189
  }
}