{
  "GRU-based": {
    "MSE": 0.033668,
    "MAE": 0.140717,
    "RMSE": 0.183455,
    "MAPE": 0.463159
  }
}