{
  "GRU-based": {
    "MSE": 0.033943,
    "MAE": 0.140844,
    "RMSE": 0.184177,
    "MAPE": 0.461813
  }
}