{
  "CNN-Attention-GRU-based": {
    "MSE": 0.03931,
    "MAE": 0.132867,
    "RMSE": 0.198268,
    "MAPE": 0.420949
  }
}