{
  "CNN-Attention-GRU-based": {
    "MSE": 0.058287,
    "MAE": 0.177555,
    "RMSE": 0.241376,
    "MAPE": 0.477362
  }
}