{
  "CNN-Attention-BiGRU-based": {
    "MSE": 0.036688,
    "MAE": 0.148359,
    "RMSE": 0.191541,
    "MAPE": 0.476778
  }
}