{
  "CNN-Attention-BiGRU-based": {
    "MSE": 0.018932,
    "MAE": 0.107683,
    "RMSE": 0.137013,
    "MAPE": 0.335896
  }
}