{
  "CNN-BiGRU-Attention-based": {
    "MSE": 0.04975,
    "MAE": 0.197732,
    "RMSE": 0.222995,
    "MAPE": 0.73531
  }
}