{
  "CNN-Attention-BiLSTM-based": {
    "MSE": 0.045858,
    "MAE": 0.17336,
    "RMSE": 0.214026,
    "MAPE": 0.398228
  }
}