{
  "CNN-Attention-LSTM-based": {
    "MSE": 0.216822,
    "MAE": 0.432612,
    "RMSE": 0.465641,
    "MAPE": 1.0
  }
}