{
  "GRU-based": {
    "MSE": 0.006262,
    "MAE": 0.060085,
    "RMSE": 0.079133,
    "MAPE": 0.291826
  }
}