{
  "GRU-based": {
    "MSE": 0.006448,
    "MAE": 0.060957,
    "RMSE": 0.080293,
    "MAPE": 0.30444
  }
}