{
  "GRU-based": {
    "MSE": 0.009963,
    "MAE": 0.078286,
    "RMSE": 0.099815,
    "MAPE": 0.498945
  }
}