{
  "GRU-based": {
    "MSE": 0.006703,
    "MAE": 0.062771,
    "RMSE": 0.081863,
    "MAPE": 0.322472
  }
}