{
  "GRU-based": {
    "MSE": 0.006881,
    "MAE": 0.06391,
    "RMSE": 0.082941,
    "MAPE": 0.331102
  }
}