{
  "GRU-based": {
    "MSE": 0.006926,
    "MAE": 0.064315,
    "RMSE": 0.083211,
    "MAPE": 0.336349
  }
}