{
  "GRU-based": {
    "MSE": 0.010721,
    "MAE": 0.081001,
    "RMSE": 0.103535,
    "MAPE": 0.516017
  }
}