{
  "CNN-BiGRU-Attention-based": {
    "training_loss": [
      0.696476137638092,
      0.6209241827329,
      0.5275187134742737,
      0.45107662479082744,
      0.38717750112215676,
      0.33024573922157285,
      0.28177737394968666,
      0.24279691676298779,
      0.2110298305749893,
      0.18865258395671844,
      0.17324414749940237,
      0.1610862265030543,
      0.15121571918328602,
      0.14142823815345765,
      0.13403540402650832,
      0.12642902384201685,
      0.11983717878659567,
      0.11447955022255579,
      0.10915342619021734,
      0.10433345685402552,
      0.0992164726058642,
      0.09481267432371775,
      0.09097964465618133,
      0.086632339656353,
      0.0839164877931277,
      0.08021626770496368,
      0.07686558365821838,
      0.07372298091650009,
      0.07141755297780036,
      0.06834293156862259,
      0.06600436518589656,
      0.06386628846327463,
      0.06158232043186824,
      0.059646703054507574,
      0.05789811536669731,
      0.05582907994588216,
      0.05386445422967275,
      0.05269760688145955
    ],
    "validation_loss": [
      0.06959808125229906,
      0.019662924080101913,
      0.017800197651809898,
      0.01607885070083555,
      0.014477733060840733,
      0.014564414500943885,
      0.014434963172255469,
      0.014401291597111166,
      0.014732742943793288,
      0.01442897978646696,
      0.015166915906978048,
      0.014904982910668555,
      0.015249832448634234,
      0.015177653163425193,
      0.015045419366152819,
      0.015094320913237974,
      0.015582615740535674,
      0.015906168655915695,
      0.015639936689995537,
      0.015589532003668714,
      0.016092196383998413,
      0.01544098768475627,
      0.016121864010972424,
      0.01612847279911199,
      0.015881465301533376,
      0.016249478048036906,
      0.0157464470498818,
      0.015953321841137468,
      0.01623130294163365,
      0.016152410590944213,
      0.016152661232169994,
      0.015914926905769948,
      0.016969095853980907,
      0.01586606775310414,
      0.016080857493168066,
      0.016224823953691594,
      0.015965125746717136,
      0.016469519277495785
    ]
  }
}