{
  "CNN-BiGRU-Attention-based": {
    "training_loss": [
      0.6957013527552287,
      0.5984453121821086,
      0.506269633769989,
      0.4264039099216461,
      0.3561452229817708,
      0.2943082014719645,
      0.2430422822634379,
      0.2019997626543045,
      0.17174979249636332,
      0.1510811557372411,
      0.13703536689281465,
      0.1263504867752393,
      0.11693722158670425,
      0.10922340750694275,
      0.10230843126773834,
      0.096561265985171,
      0.0906308874487877,
      0.08558649718761444,
      0.08109018206596375,
      0.07675844331582388,
      0.07298683027426402,
      0.06975222031275431,
      0.06616826901833216,
      0.06335192794601123,
      0.060721968114376065,
      0.05764956672986348,
      0.05537165626883507,
      0.05337226465344429,
      0.051853469510873156,
      0.049970071266094845,
      0.048202898104985556,
      0.047012544920047125,
      0.045383507510026296,
      0.04442402049899101,
      0.042922791093587875,
      0.042344354838132856,
      0.040408882002035774,
      0.03979914138714472,
      0.038668519258499144,
      0.03782449041803678,
      0.03694753547509511,
      0.03642307507495086,
      0.03552270531654358,
      0.03471321898202102,
      0.034045540665586786,
      0.033420361454288165,
      0.03269088740150134,
      0.032183187330762544,
      0.03163613056143125,
      0.031171948711077372,
      0.030905254681905112,
      0.03064430815478166,
      0.029914301261305808,
      0.029064140220483144,
      0.028895532339811326,
      0.02887738918264707,
      0.028527268146475156,
      0.028261313090721767,
      0.02917830894390742,
      0.02791461187104384,
      0.027094244211912154,
      0.026842272281646727,
      0.026819023365775744,
      0.025979843363165854,
      0.025862022737661996,
      0.025396288807193437,
      0.02477525236705939,
      0.02500146913031737,
      0.024356050416827202,
      0.024805298075079918,
      0.025015151500701903,
      0.024539546420176823,
      0.024445928012331326,
      0.023689733321468034,
      0.0230974813302358,
      0.022813324878613154,
      0.02269755005836487,
      0.023232436800996462,
      0.023700480908155443,
      0.023657990743716557,
      0.022481304655472437,
      0.022550623988111813
    ],
    "validation_loss": [
      0.04645094821850459,
      0.02344443698724111,
      0.02187129370868206,
      0.01726069226861,
      0.01647208109498024,
      0.015907817333936692,
      0.015991302207112312,
      0.016186999591688313,
      0.01570580353339513,
      0.01554795354604721,
      0.016549197025597095,
      0.015708043426275253,
      0.015388419106602668,
      0.01565274087091287,
      0.015521500259637833,
      0.01546471578379472,
      0.015312321856617928,
      0.01569963451474905,
      0.015774186079700787,
      0.016028611548244955,
      0.016647174085179964,
      0.015112475429972013,
      0.015939543023705482,
      0.015439232252538205,
      0.014759070053696633,
      0.015457257131735484,
      0.016103963119288286,
      0.014768883399665356,
      0.014698606419066588,
      0.015969297414024673,
      0.01371815986931324,
      0.013895971203843753,
      0.014380661770701408,
      0.014345291256904601,
      0.014638850341240565,
      0.013769882544875146,
      0.011944332097967466,
      0.018505326906840005,
      0.01155738929907481,
      0.016081048548221587,
      0.01726422185699145,
      0.027208998178442318,
      0.01741873106608788,
      0.012160628288984298,
      0.011077759166558584,
      0.011534127965569496,
      0.0196768914659818,
      0.011175477132201194,
      0.012596973963081837,
      0.014461737995346387,
      0.013268096434573332,
      0.010592196633418401,
      0.013551533843080202,
      0.011392831926544507,
      0.014981010556221008,
      0.026501678178707758,
      0.02681702747941017,
      0.06473643928766251,
      0.021203691015640895,
      0.043185952305793765,
      0.04577295854687691,
      0.039122695475816725,
      0.04118631010254224,
      0.021768941978613534,
      0.02115247311691443,
      0.02112089693546295,
      0.02462313398718834,
      0.034616782267888384,
      0.039107551674048106,
      0.07074478814999262,
      0.04613671203454336,
      0.03636101856827736,
      0.016262281313538553,
      0.011643334602316221,
      0.018554802611470224,
      0.01803462989628315,
      0.04051352168122927,
      0.07345880468686422,
      0.012288897484540939,
      0.046751125156879424,
      0.04797115201751391,
      0.024268253520131112
    ]
  }
}