{
  "CNN-BiGRU-Attention-based": {
    "training_loss": [
      0.707461709008556,
      0.5997353769745288,
      0.4977388940595683,
      0.4032887942372007,
      0.32158029416116213,
      0.25788152485961197,
      0.20379704367914958,
      0.163446937395439,
      0.13468899930122008,
      0.11675540239367026,
      0.10512158739142836,
      0.09552244857639448,
      0.08796802160006686,
      0.08163753376346253,
      0.0755575687379019,
      0.07031207283857477,
      0.06552654836778861,
      0.06126618689261221,
      0.05760407355851708,
      0.05412249067587833,
      0.051120709113496116,
      0.048462833071353545,
      0.04606180826677438,
      0.04396262563858571,
      0.04194957181561941,
      0.04038161164048327,
      0.0389925969460644,
      0.03759513517927425,
      0.03645709634731255,
      0.03559781953100131,
      0.034608963487287946,
      0.033405857932243384,
      0.032801301682282194,
      0.03185252302080767,
      0.031374966889370436,
      0.03047164294198467,
      0.02993198241025334,
      0.029509511522979915,
      0.028744140094356555,
      0.028145185621089017,
      0.028176288927075254,
      0.027586507077122333,
      0.027144101904276526,
      0.026714334451441484,
      0.02632564918827811,
      0.026175388777979248,
      0.02567696406907367,
      0.025042391167836707,
      0.02476201122275955,
      0.0248102353005105,
      0.024915871907914035,
      0.024566696263132733,
      0.02443605283407736,
      0.02454072710859227,
      0.024305139991715862,
      0.023442200427898303,
      0.02271435359905953,
      0.022199039733247775,
      0.022316224023575065,
      0.021728453331599673,
      0.02189657034422563,
      0.021718980954905435,
      0.02178128129144094,
      0.022180751722041033,
      0.02228114072810157,
      0.021699052943096,
      0.02192496570707864,
      0.021721681135718294,
      0.021984433108418557,
      0.021654241410508816,
      0.020988377364484834,
      0.02054202333716169,
      0.020233519211660868,
      0.019987844203493584,
      0.01985565237856809,
      0.020055703573302993,
      0.019482324702595068,
      0.019897274879512677,
      0.019886825366187296,
      0.01959217706048339,
      0.019359463288070766,
      0.019127843410524863,
      0.019043638838540808,
      0.01881610492641831,
      0.019169544582898147
    ],
    "validation_loss": [
      0.07527217417955398,
      0.060657556851704916,
      0.044490025689204536,
      0.030638073633114497,
      0.019971120357513427,
      0.01994659788906574,
      0.02008645882209142,
      0.019807634378472962,
      0.019485715155800182,
      0.018936865280071893,
      0.019127069662014645,
      0.018853484094142912,
      0.01834629364311695,
      0.019085355475544928,
      0.01842555043598016,
      0.018810355414946873,
      0.017256436124444007,
      0.019965094327926636,
      0.018534872184197106,
      0.018365883082151414,
      0.018764443943897882,
      0.018297054121891657,
      0.01727973793943723,
      0.017489510774612426,
      0.022557686641812326,
      0.016484069327513378,
      0.02160752055545648,
      0.01985261912147204,
      0.02591430867711703,
      0.023348875095446905,
      0.025079545130332313,
      0.01995973822971185,
      0.021435998752713202,
      0.02631664847334226,
      0.03296613469719887,
      0.034753274420897165,
      0.035026228179534276,
      0.03393781557679176,
      0.033410937835772835,
      0.045125438024600346,
      0.05039781332015991,
      0.04974253922700882,
      0.037734964738289516,
      0.04108450214068095,
      0.043354166050752006,
      0.06656619707743326,
      0.05610891034205755,
      0.0605737899740537,
      0.061409476896127066,
      0.07419414222240447,
      0.056957825521628064,
      0.07459861586491266,
      0.06209008991718292,
      0.01863708719611168,
      0.011651451885700225,
      0.019297267496585845,
      0.012775856877366702,
      0.012108307455976804,
      0.0119787002603213,
      0.01977621763944626,
      0.01561301586528619,
      0.016332825521628062,
      0.0378230944275856,
      0.01610985870162646,
      0.062257845203081766,
      0.0717399463057518,
      0.0718781217932701,
      0.07438349574804307,
      0.03637355441848437,
      0.019693993777036668,
      0.022524187217156093,
      0.01528254933655262,
      0.02275553854803244,
      0.028823584814866385,
      0.04094887226819992,
      0.04078303501009941,
      0.041408586750427884,
      0.05762393474578857,
      0.0666153887907664,
      0.02934831231832504,
      0.048297645151615144,
      0.06081679612398148,
      0.0508794791996479,
      0.060094990332921344,
      0.0689942533771197
    ]
  }
}