{
  "CNN-BiGRU-Attention-based": {
    "training_loss": [
      0.6990365209819386,
      0.5969304651084436,
      0.49790181097744396,
      0.4152604037235868,
      0.3402919689939207,
      0.27720824268254096,
      0.22480521268314785,
      0.1833733584833345,
      0.1523938065304946,
      0.13297740705857986,
      0.1192051019964728,
      0.10895113131535128,
      0.10030057545228074,
      0.09296221578146177,
      0.08639167488183615,
      0.08061968799157213,
      0.07522132539774137,
      0.07086741447105098,
      0.06693117985154348,
      0.06335306407364409,
      0.059885128942050773,
      0.05648790809093531,
      0.054364608721788076,
      0.05189471331032567,
      0.04982881715025292,
      0.048024571057510575,
      0.046164392792391325,
      0.04478407683987288,
      0.0430024364022089,
      0.04185893961406104,
      0.04086234924272172,
      0.03928653820490063,
      0.03867976232363493,
      0.03798172023123915,
      0.0369136349788127,
      0.03620226460995164,
      0.035230287098847096,
      0.03444471767863388,
      0.03360573904475576,
      0.03309365992963439,
      0.03263354713030831,
      0.03192587744686713,
      0.03180580939589931,
      0.03140882130095294,
      0.030679770837102546,
      0.030092647178118083,
      0.02939541354400557,
      0.02922839852170999,
      0.028784228625474986,
      0.028865352456518438,
      0.028423200132993032,
      0.027941883578740327,
      0.027263325570733042,
      0.027110736180620123
    ],
    "validation_loss": [
      0.0569623996814092,
      0.03418090815345446,
      0.026144069184859595,
      0.022414603643119334,
      0.02102258043984572,
      0.020264429847399394,
      0.02088690586388111,
      0.02040483442445596,
      0.020950343211491904,
      0.020661312776307266,
      0.021252334862947465,
      0.021025058068335056,
      0.020123975786070027,
      0.020117771377166114,
      0.020164867428441844,
      0.020242703147232533,
      0.02066103108227253,
      0.019568704627454282,
      0.020839251639942328,
      0.018904410799344382,
      0.02076918731133143,
      0.019495778468747935,
      0.019769862480461597,
      0.018564897403120995,
      0.01906329281628132,
      0.02024156302213669,
      0.01970402163763841,
      0.02089381981641054,
      0.02118127979338169,
      0.01969642552236716,
      0.0225487989683946,
      0.025603285059332848,
      0.045828657348950703,
      0.03214216108123461,
      0.02211875282227993,
      0.020639401239653427,
      0.028942194829384486,
      0.04171668564279874,
      0.03588072160879771,
      0.03630661492546399,
      0.03988763441642126,
      0.04881414522727331,
      0.058099394043286644,
      0.032182305306196216,
      0.019077932462096214,
      0.021775755286216735,
      0.02089991730948289,
      0.023717931161324184,
      0.05672973245382309,
      0.057820981244246165,
      0.04013768434524536,
      0.02415413148701191,
      0.02738597219189008,
      0.03779728536804517
    ]
  }
}