{
  "CNN-BiGRU-Attention-based": {
    "training_loss": [
      0.6963292585701502,
      0.5852522133779126,
      0.48393960409805553,
      0.39649510283430084,
      0.3190601991505182,
      0.25409441685476225,
      0.2013835063000687,
      0.1603396206843753,
      0.1306266555515658,
      0.11240623922658567,
      0.10022259071594526,
      0.09094965470438245,
      0.08282807300321195,
      0.07622109315976375,
      0.07045097999713,
      0.0653969076689051,
      0.06084930370835697,
      0.056911201286716624,
      0.053416211032817344,
      0.05020254465336559,
      0.047641506841202746,
      0.045098561292686384,
      0.04295391238787595,
      0.041179861090764276,
      0.03956689644886666,
      0.038199971109127796,
      0.036959184130199815,
      0.03570275522079788,
      0.03466630254347785,
      0.03369322929437421,
      0.032825387951706635,
      0.031968255816888405,
      0.03130855902779002,
      0.03094720608797394,
      0.030032030220667857,
      0.029547405812670204,
      0.029223887797664192,
      0.02863094149580022,
      0.028139282675350413,
      0.027824405267709445,
      0.02734069341496259,
      0.02704115107092036,
      0.026703298686682676,
      0.02633067052967909,
      0.025980696238639977,
      0.025605017444541474,
      0.025474290700018908,
      0.025116576993164896
    ],
    "validation_loss": [
      0.044149878270485825,
      0.03338918431090707,
      0.023120086671424515,
      0.0224360299586248,
      0.02042906321272129,
      0.020945316164934336,
      0.020812923354761943,
      0.020908239508877283,
      0.02128583487091946,
      0.021151955607308058,
      0.021067448930830516,
      0.02112428887802012,
      0.020814693055483474,
      0.020700707655994834,
      0.021032890571015223,
      0.021708308679967366,
      0.020653532927527148,
      0.020153969588900814,
      0.02126620271626641,
      0.023173111952653452,
      0.02125336170321753,
      0.023106243273540706,
      0.022444732862861215,
      0.022892384062043757,
      0.021184973481322537,
      0.025230601805598794,
      0.024060147462271843,
      0.023253288245251198,
      0.024474858548961767,
      0.024783303037661464,
      0.02389597852064782,
      0.02782143232952647,
      0.025275945444317424,
      0.023166893034422098,
      0.021748074025166136,
      0.025774898242299296,
      0.026619675498800118,
      0.02423234809847439,
      0.022930453116653347,
      0.025777546360212213,
      0.02890228057483665,
      0.02190944690163396,
      0.02761654825020237,
      0.02824160685183621,
      0.02246088196500009,
      0.021227079247977555,
      0.02660376387609153,
      0.026200770643077978
    ]
  }
}