{
  "GRU-based": {
    "training_loss": [
      0.8863496180195426,
      0.811812726878123,
      0.6862443959671446,
      0.5756543002477507,
      0.5450688345091683,
      0.48542290946747785,
      0.4367568763914009,
      0.3899651674443421,
      0.348786600167743,
      0.31364543938470635,
      0.2781649664927027,
      0.2455788262006713,
      0.21609185506242493,
      0.19026259205690244,
      0.1678743010925499,
      0.14798070781114625,
      0.13055895767353137,
      0.1160212832045472,
      0.10535200973421023,
      0.09653570850863274,
      0.09104477723197239,
      0.08635316526952105,
      0.0821048829198299,
      0.0783963991582186,
      0.07507322946699654,
      0.07225914927725177,
      0.06926494966608307,
      0.06763519793229651,
      0.06530422634260165,
      0.06323182902165822,
      0.06133751259655903,
      0.06003411830717678,
      0.058568647332515454,
      0.05702104216980187,
      0.056151013652622074,
      0.0546524837768867,
      0.05345453577641826,
      0.052333872168217804,
      0.05118557835445587,
      0.0499759027377446,
      0.04935846273959306,
      0.04875597105935891,
      0.047763707564059864,
      0.04658382915557469,
      0.04641590059738126,
      0.04513859979886211,
      0.04484629867280402,
      0.0440909844995168,
      0.04363083400688936,
      0.04294216025374077,
      0.04231149056854979,
      0.04190065848027787,
      0.041415206400048026,
      0.040797365511335976
    ],
    "validation_loss": [
      0.280750357442432,
      0.24393552707301247,
      0.09413129546576077,
      0.01981976597259442,
      0.029318135386953752,
      0.058802755549550056,
      0.0603355820187264,
      0.04335009032446477,
      0.0324854776263237,
      0.03412249591201544,
      0.04074495373707679,
      0.04185026827164822,
      0.03763655826656355,
      0.03462111194514566,
      0.03450516481987304,
      0.0352903138846159,
      0.034297762593875326,
      0.033153507910254926,
      0.03293738612491223,
      0.03232336835935712,
      0.03174017478401462,
      0.031106810395916302,
      0.030765545709679525,
      0.030596096586022112,
      0.030332094472315576,
      0.029909267142001126,
      0.02950577608620127,
      0.02943833674200707,
      0.029204615029609866,
      0.028921631371809378,
      0.0288837850611243,
      0.028624859017630417,
      0.02856750211988886,
      0.028483447877483234,
      0.02882327770607339,
      0.028817421963645354,
      0.028333383094933298,
      0.028445988686548337,
      0.028508057196935017,
      0.0283083683397207,
      0.028155248819126025,
      0.028133849561628368,
      0.02856719959527254,
      0.02819213250444995,
      0.028029359980589814,
      0.0279179526389473,
      0.02785885954896609,
      0.0282935021031234,
      0.02792678452614281,
      0.027278605279409222,
      0.027852715510461066,
      0.028008677531033754,
      0.027643798643516168,
      0.027947953022602532
    ]
  }
}