{
  "GRU-based": {
    "training_loss": [
      0.8496827762443703,
      0.7523568856132614,
      0.6662430771580943,
      0.6129752881043441,
      0.5598312808083488,
      0.5061699354148411,
      0.45955736757992033,
      0.4178478061319231,
      0.37695495607136015,
      0.338596946084416,
      0.3033412113473132,
      0.2713994310869204,
      0.2420254370549342,
      0.21556961598929825,
      0.19250331975363352,
      0.17147862140115325,
      0.15427732384288229,
      0.13932993674611713,
      0.12722282101224353,
      0.11861760434987662,
      0.11227515553469425,
      0.1064723615983983,
      0.10184238548879024,
      0.0969822906947636,
      0.09322435653709865,
      0.08956804673571686,
      0.08627684638425187,
      0.08314871944330789,
      0.0805635195407834,
      0.07846088217688607,
      0.07574134059510865,
      0.07389263027197832,
      0.07176631397300667,
      0.06991911616983947,
      0.06819750535321402,
      0.06638504486609172,
      0.06492703506996582,
      0.06312935893143808,
      0.06133065471699188,
      0.060867794847988585,
      0.05915884126524825,
      0.05792488574564874,
      0.05675207747967093,
      0.05585173996803644,
      0.05461715297265486,
      0.053845805982192914,
      0.0526645789509053,
      0.05176047496237121,
      0.051300825433922816,
      0.050088615736344475,
      0.04954792585197862,
      0.04881945301915382,
      0.04792346234817605,
      0.04733075878836892,
      0.04656853698767149,
      0.04584410935119315,
      0.04527294130383672,
      0.0449812756916443,
      0.044378786341293705,
      0.04362108899684219,
      0.043325448786462106,
      0.0427046177478937,
      0.042315194578645944,
      0.04229335799500659,
      0.041253866901347684,
      0.04111187988436305,
      0.04052510159415799,
      0.04052777721227466,
      0.03978628607896658,
      0.039555460475124676,
      0.03904565923905873,
      0.03881198266794632,
      0.03853885459524768,
      0.038375187925733883,
      0.03754144201016093,
      0.038015553610516596,
      0.03760280947272594,
      0.037053113686038065
    ],
    "validation_loss": [
      0.15837103873491287,
      0.053518082946538925,
      0.030935838870290253,
      0.04767798518555032,
      0.04993145260959864,
      0.03983464971598652,
      0.03284855393899812,
      0.03323395260506206,
      0.0365082323551178,
      0.03651589713990688,
      0.03362416010349989,
      0.03205047227028343,
      0.03233467026924094,
      0.03241222631186247,
      0.0318871772227188,
      0.030735788711657126,
      0.03044863309090336,
      0.030365626017252605,
      0.029669768125232723,
      0.029865729726023145,
      0.029542158047358196,
      0.028736056346032355,
      0.028848715643915866,
      0.02858987833476729,
      0.02877212491714292,
      0.028872018731716607,
      0.028437846340239048,
      0.028053847917666037,
      0.028555937473558717,
      0.028631368858946696,
      0.028529192527963057,
      0.028554724322424993,
      0.02839195987002717,
      0.028574372383041516,
      0.028148044521609943,
      0.028856748042421207,
      0.028650969473852053,
      0.02815055272852381,
      0.028280963759041496,
      0.028632042308648426,
      0.02851558533600635,
      0.028772139145682257,
      0.02847182233300474,
      0.028363014209187694,
      0.028239718069218926,
      0.02846198410002722,
      0.0284138900331325,
      0.028619585196591087,
      0.02861741775025924,
      0.028191070175833173,
      0.028687396138492558,
      0.028407920203689072,
      0.02842351147491071,
      0.02843260790945755,
      0.028412228708879814,
      0.028264570256902113,
      0.028106405761920743,
      0.028474054609735806,
      0.028545713052153587,
      0.028638482042070892,
      0.028589361605958805,
      0.028395616811596684,
      0.02847080962318513,
      0.028256586545871362,
      0.028222357129885092,
      0.028658350463956594,
      0.02827595096702377,
      0.02834360943072372,
      0.02811145389245616,
      0.02821689425036311,
      0.028506296686828136,
      0.028436331544071436,
      0.028283737030708127,
      0.028433594490504928,
      0.028212143884350855,
      0.028520766956110794,
      0.02843417041003704,
      0.028067060384071536
    ]
  }
}