{
  "GRU-based": {
    "training_loss": [
      0.8867217285532347,
      0.8132444452232038,
      0.7440916064759375,
      0.6790020616961198,
      0.6177315812715343,
      0.5603414807521122,
      0.5067490490389542,
      0.4568546855113876,
      0.4106865281790075,
      0.36492245465936796,
      0.32018928124871054,
      0.27804050814937536,
      0.24057477964481838,
      0.2057122031987553,
      0.17504152949427215,
      0.14955467615329043,
      0.13014371294370838,
      0.11309910261295211,
      0.09081607721221278,
      0.06671918298996671,
      0.051627389876775336,
      0.04598406576354739,
      0.04277484486220588,
      0.04085123685883804,
      0.03967770372687931,
      0.038509507047038684,
      0.03785931471158081,
      0.03726463523549094,
      0.036978757717240025,
      0.03665924565473073,
      0.036608590311567546,
      0.03633260160264835,
      0.03611807021456705,
      0.0360498427295349,
      0.03594329433751778,
      0.03580103001334298,
      0.03576313137588367,
      0.035777745427380145,
      0.03559945361085341,
      0.03552741420940614,
      0.03552002979206367,
      0.03528147369203433,
      0.035264486158397834,
      0.03531892183171192,
      0.03520711144091378,
      0.03502583655882889,
      0.0350867581724281,
      0.03514260515360765,
      0.03501682287790406,
      0.03511277706900113,
      0.03495989577241347,
      0.035036234683553935,
      0.034876848348009755,
      0.03483597587951472,
      0.03491059522813474,
      0.034857251327222505,
      0.03477876281864207,
      0.03474122348805549,
      0.03468485255266579,
      0.03474450935150536,
      0.03465400163976239,
      0.03464588082172501,
      0.034694431585745075,
      0.03442475871301033,
      0.034455064002057195,
      0.03448872798135583,
      0.034334447864495535,
      0.03432904419974542,
      0.03460478515062534,
      0.03444315697735464,
      0.03423467236505428,
      0.03432022559810692
    ],
    "validation_loss": [
      0.27973440620634293,
      0.27973440620634293,
      0.27973440620634293,
      0.27973440620634293,
      0.27973440620634293,
      0.27973440620634293,
      0.27973440620634293,
      0.27973440620634293,
      0.2775477468967438,
      0.2679907712671492,
      0.25469089216656154,
      0.2381873197025723,
      0.21832863986492157,
      0.1943963567415873,
      0.17742043733596802,
      0.16817223777373633,
      0.1640989730755488,
      0.14794418960809708,
      0.11383448210027483,
      0.07645529860423671,
      0.051029250439670354,
      0.04289558043496476,
      0.04344455742587646,
      0.0457103380209042,
      0.04694193787872791,
      0.04674137093954616,
      0.04656666248208947,
      0.046442526703079544,
      0.04604346817359328,
      0.045739152675701514,
      0.04566881019208166,
      0.04546768678766158,
      0.04530057399016288,
      0.04540875435082449,
      0.045366679680430226,
      0.04527981750046214,
      0.04530449014984899,
      0.04532771304042803,
      0.045242391216258206,
      0.04516830559199055,
      0.04508598236781028,
      0.04508444853127003,
      0.045019772835075855,
      0.044920916099929147,
      0.044943132955167026,
      0.044879775080415935,
      0.044832842217551336,
      0.0448172810073528,
      0.044750403664592237,
      0.04484740882698032,
      0.044785819585538574,
      0.04479046290119489,
      0.04479762896274527,
      0.044725490268319845,
      0.044755751060114965,
      0.04479332759769426,
      0.04475232368956009,
      0.044697338404754795,
      0.04455539584159851,
      0.04453821692408787,
      0.04452454552261366,
      0.04452713977338539,
      0.04451170610263944,
      0.044442389574315816,
      0.04439563945763641,
      0.04440844395301408,
      0.044348071277555495,
      0.04430470822585954,
      0.04433269798755646,
      0.044308197839806475,
      0.044263115980558924,
      0.04420482118924459
    ]
  }
}