{
  "LSTM-based": {
    "training_loss": [
      0.4264927824338277,
      0.18256694277127583,
      0.08734275872508684,
      0.04692469102640947,
      0.03581516742706299,
      0.03193602214256922,
      0.02941075824201107,
      0.02761336863040924,
      0.026289539535840352,
      0.02528527130683263,
      0.024359298311173914,
      0.023790786291162172,
      0.023252040644486747,
      0.022779614478349686,
      0.022499022881189983,
      0.02222044679025809,
      0.022082733735442162,
      0.021797292058666547,
      0.02161528921375672,
      0.02141689844429493,
      0.021323584765195847,
      0.02121494666983684,
      0.021166252593199413,
      0.02091157715767622,
      0.020987701105574765,
      0.020939283818006516,
      0.020770799616972604,
      0.020808149563769498,
      0.02063085710008939,
      0.02062444413701693,
      0.02061605763932069,
      0.02055576325704654,
      0.020508102762202423,
      0.020518517307937145,
      0.020400575424234072,
      0.020457039897640545,
      0.020462118710080784,
      0.02032946844895681,
      0.020433938006560008,
      0.020345339613656203,
      0.02018623755623897,
      0.02031499904890855,
      0.020360260705153146,
      0.02031383371601502,
      0.020279496784011523,
      0.020202114060521126,
      0.020110367486874264,
      0.020291788751880327,
      0.020190778374671935,
      0.02019620972375075,
      0.020130620151758195,
      0.02013041004538536,
      0.020160105141500632,
      0.020154986654718716,
      0.020158127446969352,
      0.02014408924927314,
      0.02021488199631373,
      0.020088758816321692,
      0.0200565451135238,
      0.020087770062188308,
      0.020139276422560214,
      0.02009902068724235,
      0.01998851311703523,
      0.020052653489013514,
      0.020066185978551705,
      0.02005218869696061,
      0.019995416328310967,
      0.019964436690012615,
      0.0200947443023324,
      0.020008783787488937
    ],
    "validation_loss": [
      0.026595390655777672,
      0.02661649710383297,
      0.026450459560579506,
      0.026403576997686022,
      0.026167572683785573,
      0.02630061040486186,
      0.02619985019988265,
      0.025981588612410646,
      0.026028291406956585,
      0.026103676135136075,
      0.026027486528739457,
      0.025991248320942083,
      0.02596070540468555,
      0.025993631613894928,
      0.0258586311266442,
      0.02586879645866796,
      0.025841020293964827,
      0.02585853429988396,
      0.025742440338223434,
      0.025676621478204886,
      0.02569032608231237,
      0.025740003967580718,
      0.02569552480189268,
      0.025689298487152935,
      0.025717278557621744,
      0.025778188624165276,
      0.025741206897684367,
      0.025709859103210702,
      0.025637981073915465,
      0.025632570259088328,
      0.02565503283596236,
      0.02566723639437975,
      0.02564928539035734,
      0.025688216705952793,
      0.025689458120460352,
      0.025678936422856385,
      0.0257182577240073,
      0.025724139711088386,
      0.025736364728409396,
      0.025767716494473545,
      0.02572124368272537,
      0.025737887417728252,
      0.02579875561324033,
      0.02572364769568128,
      0.02574776756492528,
      0.025655278705122058,
      0.025684442155617326,
      0.025707500193976173,
      0.02570420395860002,
      0.02571089294823733,
      0.025761510437924014,
      0.025763465507217677,
      0.02569128856186039,
      0.02571457645986691,
      0.025703257088326225,
      0.025749787472742647,
      0.025761856828346724,
      0.02576068474734125,
      0.025763580929641882,
      0.025746777284243877,
      0.025771704463919333,
      0.02576825115060018,
      0.025767265149384492,
      0.02573243534762012,
      0.025752055220121195,
      0.025750065237776308,
      0.025701560326351607,
      0.025700836911920672,
      0.025765662227780366,
      0.025728367361401723
    ]
  }
}