{
  "LSTM-based": {
    "training_loss": [
      0.4287968118985494,
      0.18249720285336177,
      0.087994784116745,
      0.036952591066559154,
      0.02760716751217842,
      0.02600252777338028,
      0.02507803204158942,
      0.024344508349895478,
      0.023882914272447427,
      0.023399562326570353,
      0.023156620810429254,
      0.022866276962061723,
      0.022580592458446822,
      0.02240653211871783,
      0.022172082712252936,
      0.02209260016679764,
      0.02181636479993661,
      0.021786433209975562,
      0.02162698588023583,
      0.021580461226403714,
      0.02154646838704745,
      0.021369023807346822,
      0.021320673326651256,
      0.02124680702884992,
      0.02122192792594433,
      0.021162818868954977,
      0.021089369679490724,
      0.021044572939475377,
      0.020971416495740414,
      0.021009322007497153,
      0.020878789698084196,
      0.020864847799142203,
      0.020813965300718943,
      0.02083935687939326,
      0.020751217007637025,
      0.020729242637753487,
      0.02073957771062851,
      0.02069257435699304,
      0.02066583881775538,
      0.020627130071322122,
      0.020640666224062444,
      0.020545937245090802,
      0.020528726403911908,
      0.020458917319774627,
      0.020547533656160036,
      0.020527412245670954,
      0.02045519066353639,
      0.02043473838518063,
      0.020529310777783395,
      0.02047200532009204,
      0.02039624862372875,
      0.02043809543053309,
      0.020367879730959732,
      0.020396543480455876,
      0.020420544097820917,
      0.02042525230596463,
      0.020346639802058537
    ],
    "validation_loss": [
      0.058680541813373566,
      0.0586800828576088,
      0.04267506649096807,
      0.026851591964562733,
      0.025921344508727392,
      0.025862806290388108,
      0.025781155129273734,
      0.025709289560715356,
      0.0257374773422877,
      0.025752524534861248,
      0.02575320228934288,
      0.02574486881494522,
      0.025728998084863026,
      0.025737211604913077,
      0.025679680705070495,
      0.025682618965705235,
      0.025630995134512582,
      0.025666438788175584,
      0.0256816436847051,
      0.025707216809193294,
      0.025758374482393265,
      0.02569178690512975,
      0.025709819048643112,
      0.025742439677317937,
      0.02574434404571851,
      0.02565378447373708,
      0.02568111817042033,
      0.025708205004533132,
      0.02572264348467191,
      0.02573883707324664,
      0.025749722371498744,
      0.025795421749353408,
      0.025759223848581314,
      0.025721856951713563,
      0.025691658010085425,
      0.025720283885796866,
      0.025762321799993514,
      0.025764048347870508,
      0.025723382582267126,
      0.025755203266938528,
      0.025722544391949972,
      0.025691970189412435,
      0.025645424177249274,
      0.02565153017640114,
      0.02571543405453364,
      0.025727788855632146,
      0.025725658486286797,
      0.025765162458022437,
      0.02573901688059171,
      0.025725053747495015,
      0.02568411553899447,
      0.02568984404206276,
      0.025693741192420325,
      0.025724433610836664,
      0.025716344267129897,
      0.025722843905289967,
      0.02571911613146464
    ]
  }
}