{
  "CNN-GRU-based": {
    "MSE": 0.018826,
    "MAE": 0.107488,
    "RMSE": 0.137207,
    "MAPE": 0.256276
  }
}