{
  "CNN-GRU-based": {
    "MSE": 0.020668,
    "MAE": 0.118048,
    "RMSE": 0.143765,
    "MAPE": 3984012969231.563
  }
}