{
  "CNN-GRU-based": {
    "MSE": 0.021421,
    "MAE": 0.121879,
    "RMSE": 0.146352,
    "MAPE": 3899757892468.7363
  }
}