{
  "CNN-GRU-based": {
    "MSE": 0.028303,
    "MAE": 0.135869,
    "RMSE": 0.168223,
    "MAPE": 0.351043
  }
}