{
  "CNN-GRU-based": {
    "MSE": 0.027676,
    "MAE": 0.139482,
    "RMSE": 0.166326,
    "MAPE": 0.360323
  }
}