{
  "CNN-GRU-based": {
    "MSE": 0.020135,
    "MAE": 0.117695,
    "RMSE": 0.141873,
    "MAPE": 3745785669775.138
  }
}