{
  "CNN-GRU-based": {
    "MSE": 0.017594,
    "MAE": 0.108735,
    "RMSE": 0.132589,
    "MAPE": 2789235474457.6787
  }
}