{
  "CNN-GRU-based": {
    "MSE": 0.017867,
    "MAE": 0.105405,
    "RMSE": 0.133616,
    "MAPE": 0.218975
  }
}