{
  "CNN-GRU-based": {
    "MSE": 0.021134,
    "MAE": 0.118942,
    "RMSE": 0.145335,
    "MAPE": 3682333397874.388
  }
}