{
  "CNN-GRU-based": {
    "MSE": 0.030878,
    "MAE": 0.146278,
    "RMSE": 0.175643,
    "MAPE": 0.378513
  }
}