{
  "CNN-GRU-based": {
    "MSE": 0.021453,
    "MAE": 0.121764,
    "RMSE": 0.146439,
    "MAPE": 4078777129092.893
  }
}