{
  "CNN-GRU-based": {
    "MSE": 0.01779,
    "MAE": 0.108611,
    "RMSE": 0.133287,
    "MAPE": 0.257789
  }
}