{
  "CNN-GRU-based": {
    "MSE": 0.022338,
    "MAE": 0.124953,
    "RMSE": 0.149433,
    "MAPE": 3790889300392.05
  }
}