{
  "CNN-GRU-based": {
    "MSE": 0.021704,
    "MAE": 0.118525,
    "RMSE": 0.147243,
    "MAPE": 0.244088
  }
}