{
  "CNN-Attention-BiGRU-based": {
    "training_loss": [
      4.244398215091187,
      3.888912308091486,
      3.66408920786522,
      3.441983522023058,
      3.2187925431786515,
      3.0106633598380803,
      2.812232956238325,
      2.6173982346099427,
      2.4341248161701374,
      2.2611348828372226,
      2.095656473046811,
      1.9398087196649159,
      1.7933479825794074,
      1.6565665056481178,
      1.530045711620344,
      1.4120884103642108,
      1.3042905077286298,
      1.2070291204319599,
      1.118673673905562,
      1.0408103544952978,
      0.9735441141427602,
      0.9153751182639225,
      0.8683169833043727,
      0.8312938842623907,
      0.8017114105955649,
      0.7729557401627198,
      0.7432206885739902,
      0.7145822409553395,
      0.6904591666696794,
      0.6683782409707844,
      0.6475004371034975,
      0.6277474675859723,
      0.6094289116743135,
      0.5918692927742669,
      0.5753586936080082,
      0.5598435686440418,
      0.54514393324636,
      0.5311195235634515,
      0.5170864853294054,
      0.504774170262473,
      0.4917373686301999,
      0.47971448104971376,
      0.4683190892590048,
      0.4575991721934142,
      0.4468819382714062,
      0.43679724192370106,
      0.4262682457003444,
      0.4172680634447091,
      0.4076669502756737,
      0.39909883513267863,
      0.3900667821488729
    ],
    "validation_loss": [
      0.22117693722248077,
      0.2208288013935089,
      0.1900375783443451,
      0.17265631258487701,
      0.1257304698228836,
      0.10887748748064041,
      0.12950760126113892,
      0.12820322811603546,
      0.13085195422172546,
      0.16424651443958282,
      0.1963290274143219,
      0.2251947969198227,
      0.2521451711654663,
      0.26010119915008545,
      0.27474209666252136,
      0.2807503640651703,
      0.2807503640651703,
      0.2807503640651703,
      0.2807503640651703,
      0.2807503640651703,
      0.2807503640651703,
      0.2807503640651703,
      0.2807503640651703,
      0.2807503640651703,
      0.2807503640651703,
      0.2807503640651703,
      0.2807503640651703,
      0.2807503640651703,
      0.2807503640651703,
      0.2807503640651703,
      0.2807503640651703,
      0.2807503640651703,
      0.2807503640651703,
      0.2807503640651703,
      0.2807503640651703,
      0.2807503640651703,
      0.2807503640651703,
      0.2807503640651703,
      0.2807503640651703,
      0.2807503640651703,
      0.2807503640651703,
      0.2807503640651703,
      0.2807503640651703,
      0.2807503640651703,
      0.2807503640651703,
      0.2807503640651703,
      0.2807503640651703,
      0.2807503640651703,
      0.2807503640651703,
      0.2807503640651703,
      0.2807503640651703
    ]
  }
}