{
  "CNN-Attention-BiGRU-based": {
    "training_loss": [
      4.196584318725156,
      3.919292282050764,
      3.634037602115685,
      3.389380713583718,
      3.1506681509420904,
      2.9232118801331857,
      2.7020968047665876,
      2.494420263129221,
      2.2962808340368137,
      2.107312383786054,
      1.928664187310447,
      1.7604948634832678,
      1.6021977058598693,
      1.4545955019937435,
      1.3177208950821782,
      1.1910012456732737,
      1.0750092066509622,
      0.9704600706906386,
      0.8766505541935773,
      0.79394905080258,
      0.7220779648968871,
      0.6615701636797945,
      0.6121851356936173,
      0.5741609326550658,
      0.5451007124403833,
      0.5157373984095076,
      0.4849776587855648,
      0.45682948533917817,
      0.43220406518855564,
      0.41276975878527467,
      0.39323856209365415,
      0.37325628920340204,
      0.356724931740425,
      0.3414356603588856,
      0.3262480766000882,
      0.3126106337762215,
      0.3002016905327918,
      0.28860820724930564,
      0.2778974939400042,
      0.2675750255584717,
      0.2578628428385291,
      0.24862541573148378,
      0.2403150158868709,
      0.2326167492379605,
      0.2251026773116958,
      0.21853590242459742,
      0.21210449094503697,
      0.205481210644816,
      0.19901749029965468,
      0.19323073222603596,
      0.18752966170579616,
      0.18275389893793723,
      0.1781502496188795,
      0.17345098836321227,
      0.16922273959072542,
      0.16506132819283176,
      0.16185446293421193,
      0.1576732493622202
    ],
    "validation_loss": [
      0.21591311693191528,
      0.22067023813724518,
      0.18676136434078217,
      0.15010397136211395,
      0.12725435197353363,
      0.0966251865029335,
      0.06645463407039642,
      0.054161448031663895,
      0.045405346900224686,
      0.038615357130765915,
      0.037067390978336334,
      0.03045637719333172,
      0.027461493387818336,
      0.03259645402431488,
      0.032687488943338394,
      0.031126460060477257,
      0.036139994859695435,
      0.03109414502978325,
      0.03709648177027702,
      0.03767642751336098,
      0.03498183935880661,
      0.03550196811556816,
      0.03871539607644081,
      0.03537558391690254,
      0.033418506383895874,
      0.03625601530075073,
      0.03767595812678337,
      0.03441459313035011,
      0.03557410091161728,
      0.030416591092944145,
      0.03603077679872513,
      0.04010813683271408,
      0.037069108337163925,
      0.029076965525746346,
      0.04571054130792618,
      0.035586167126894,
      0.03880428150296211,
      0.03830289840698242,
      0.036283865571022034,
      0.04469139873981476,
      0.03190155699849129,
      0.049855686724185944,
      0.03634972497820854,
      0.04691147431731224,
      0.044277191162109375,
      0.04658052325248718,
      0.05653532221913338,
      0.03078560158610344,
      0.03732047975063324,
      0.03638654574751854,
      0.03576274961233139,
      0.04271893575787544,
      0.04483414068818092,
      0.03985884040594101,
      0.03937942907214165,
      0.04549966752529144,
      0.03469138219952583,
      0.047035228461027145
    ]
  }
}