{
  "CNN-Attention-BiGRU-based": {
    "training_loss": [
      4.159853184476812,
      3.914923683125922,
      3.6247585834340845,
      3.3534518759301366,
      3.115591789813752,
      2.8902112372378084,
      2.664532727383553,
      2.4524993186301374,
      2.2503160973812673,
      2.0604943163851472,
      1.8800465502637498,
      1.7098323867676106,
      1.550537588748526,
      1.4022353989012697,
      1.2647880138234888,
      1.1378942880224674,
      1.0218063973365945,
      0.9177417095671309,
      0.8241477608680725,
      0.7422002591985337,
      0.6713540807683417,
      0.6118277577643699,
      0.5640704606441741,
      0.5275187847462106,
      0.49993307920212443,
      0.47132338488355596,
      0.4421022705575253,
      0.41438181856845285,
      0.3912478209810054,
      0.37199900822436555,
      0.35393348019173804,
      0.3363382290018366,
      0.32099755330288665,
      0.30726787004065004,
      0.2934254845406147,
      0.28156435743291325,
      0.27006576162703494,
      0.2595581114292145,
      0.24933134431534626,
      0.24017664029243144,
      0.2319238747053958,
      0.22385317974902214,
      0.2170017605766337,
      0.20939976579331337,
      0.203092966307985,
      0.19696364662748703,
      0.19115288460508306,
      0.18529309776235134,
      0.1799292228323348,
      0.17615623042938558,
      0.17151776590245835,
      0.16700467118557463,
      0.16260087077922009,
      0.15858631311578952,
      0.1550709101113867,
      0.15119260644659083,
      0.14736724850979258,
      0.14417481961402487,
      0.1406787427815985,
      0.13780318390815816,
      0.13465147830070334,
      0.1321960617887213,
      0.13014259490560978,
      0.12853877912176417,
      0.12752164614961503,
      0.12453227125583811,
      0.12342140332181403,
      0.12036578071878311,
      0.11838111947191522,
      0.11603302365921914,
      0.11427405508274728,
      0.11354635164458701,
      0.11124853631283374,
      0.10971393325227372,
      0.10826674087884579,
      0.10701990333643366,
      0.10571709988599128,
      0.10450877597991456,
      0.10253222286701202,
      0.10192172990200367
    ],
    "validation_loss": [
      0.19913698732852936,
      0.22532230615615845,
      0.21443364024162292,
      0.176327645778656,
      0.14435939490795135,
      0.13097986578941345,
      0.11725989729166031,
      0.09573570638895035,
      0.07397177070379257,
      0.06041991710662842,
      0.05140646919608116,
      0.046966519206762314,
      0.04336041584610939,
      0.03921458125114441,
      0.035157300531864166,
      0.033647194504737854,
      0.03180983290076256,
      0.031035682186484337,
      0.03327729180455208,
      0.029341205954551697,
      0.03291802853345871,
      0.030593596398830414,
      0.029660724103450775,
      0.029350321739912033,
      0.03128645569086075,
      0.031763821840286255,
      0.029705533757805824,
      0.03349919989705086,
      0.032788798213005066,
      0.029336176812648773,
      0.03388148546218872,
      0.0365089513361454,
      0.02635462023317814,
      0.04133322462439537,
      0.025090165436267853,
      0.03178917616605759,
      0.03385552018880844,
      0.027207138016819954,
      0.04281683638691902,
      0.026520585641264915,
      0.034975867718458176,
      0.03198804706335068,
      0.03017410635948181,
      0.033981576561927795,
      0.03581702336668968,
      0.032289180904626846,
      0.037171170115470886,
      0.0303779449313879,
      0.028401581570506096,
      0.034909438341856,
      0.031692132353782654,
      0.03472890332341194,
      0.0373801663517952,
      0.03375357389450073,
      0.03124105930328369,
      0.043003689497709274,
      0.02807484194636345,
      0.03294171392917633,
      0.030736492946743965,
      0.030406778678297997,
      0.027158474549651146,
      0.033338502049446106,
      0.031424619257450104,
      0.03021378442645073,
      0.033456671983003616,
      0.03103642910718918,
      0.02953477017581463,
      0.03250334784388542,
      0.03236078843474388,
      0.02930149808526039,
      0.032790374010801315,
      0.03416408970952034,
      0.03111635521054268,
      0.03130677342414856,
      0.0359172448515892,
      0.03114669770002365,
      0.028326932340860367,
      0.03510474041104317,
      0.028608839958906174,
      0.03548634052276611
    ]
  }
}