{
  "CNN-Based": {
    "MSE": 0.003817,
    "MAE": 0.045661,
    "RMSE": 0.061785,
    "MAPE": 0.136492
  }
}