{
  "CNN-Based": {
    "MSE": 0.003175,
    "MAE": 0.042678,
    "RMSE": 0.056158,
    "MAPE": 0.130065
  }
}