{
  "CNN-Based": {
    "MSE": 0.00334,
    "MAE": 0.039647,
    "RMSE": 0.057534,
    "MAPE": 0.10952
  }
}