{
  "CNN-Based": {
    "MSE": 0.003745,
    "MAE": 0.045496,
    "RMSE": 0.060854,
    "MAPE": 0.138912
  }
}