{
  "CNN-Based": {
    "MSE": 0.0039,
    "MAE": 0.042323,
    "RMSE": 0.062076,
    "MAPE": 0.117308
  }
}