{
  "CNN-Based": {
    "MSE": 0.003974,
    "MAE": 0.042997,
    "RMSE": 0.062613,
    "MAPE": 0.120454
  }
}