{
  "CNN-Based": {
    "MSE": 0.004087,
    "MAE": 0.044361,
    "RMSE": 0.063489,
    "MAPE": 0.127503
  }
}