{
  "CNN-Attention-BiLSTM-based": {
    "MSE": 0.002856,
    "MAE": 0.038283,
    "RMSE": 0.052931,
    "MAPE": 0.115855
  }
}