{
  "CNN-Attention-BiGRU-based": {
    "MSE": 0.01106,
    "MAE": 0.084327,
    "RMSE": 0.105161,
    "MAPE": 0.499321
  }
}