{
  "CNN-Attention-BiGRU-based": {
    "MSE": 0.00879,
    "MAE": 0.074774,
    "RMSE": 0.093742,
    "MAPE": 0.382552
  }
}