{
  "CNN-GRU-based": {
    "MSE": 0.006333,
    "MAE": 0.060894,
    "RMSE": 0.079583,
    "MAPE": 0.290749
  }
}