{
  "CNN-GRU-based": {
    "MSE": 0.007513,
    "MAE": 0.069912,
    "RMSE": 0.086674,
    "MAPE": 0.369712
  }
}