{
  "CNN-GRU-based": {
    "MSE": 0.007843,
    "MAE": 0.071775,
    "RMSE": 0.088561,
    "MAPE": 0.388413
  }
}