{
  "CNN-GRU-based": {
    "MSE": 0.006185,
    "MAE": 0.06122,
    "RMSE": 0.078641,
    "MAPE": 0.28916
  }
}