{
  "CNN-GRU-based": {
    "MSE": 0.008336,
    "MAE": 0.074362,
    "RMSE": 0.091296,
    "MAPE": 0.394831
  }
}