{
  "CNN-GRU-based": {
    "MSE": 0.007224,
    "MAE": 0.065475,
    "RMSE": 0.084968,
    "MAPE": 0.313259
  }
}