{
  "CNN-GRU-based": {
    "MSE": 0.007547,
    "MAE": 0.066687,
    "RMSE": 0.086853,
    "MAPE": 0.296229
  }
}