{
  "CNN-Attention-LSTM-based": {
    "training_loss": [
      1.505189481534456,
      1.1850237131118775,
      0.911495692478983,
      0.6796667469175238,
      0.4950728090185868,
      0.35889390110969543,
      0.272906936940394,
      0.22595713969908263,
      0.1926276850072961,
      0.16867348849773406,
      0.1504273971444682,
      0.1360564760471645,
      0.12461664347272171,
      0.1163521564320514,
      0.10904730817205027,
      0.10250804251746128,
      0.09648812499485518,
      0.09105280135807238,
      0.08656535525070994,
      0.08306080573483517,
      0.0803159760017144,
      0.07787786502587168,
      0.07650035180543599,
      0.07376015586288352,
      0.07045558353787974,
      0.06875546770660501,
      0.06662095745927409,
      0.0653403239030587,
      0.0642138988563889,
      0.06332609516225363,
      0.06271383950584813,
      0.06149045013283429,
      0.06050390099224291,
      0.05988197346266947,
      0.0584878328207292,
      0.05910671208249895,
      0.0618182078788155,
      0.06297834252840594,
      0.061923594772815706,
      0.05737104784501226,
      0.054807462190326894,
      0.05327403333626295,
      0.05160605762349932,
      0.04995486257891906,
      0.04884186963501729,
      0.048000402552516835,
      0.04715880418294355,
      0.04665367615066077,
      0.04581319870133149,
      0.046672679758385606,
      0.046770954249720824,
      0.04585165263790833,
      0.04497059764046418,
      0.043790928784169646,
      0.0434865060213365,
      0.043129647248669675,
      0.043609080894997244,
      0.04484536683088855,
      0.04480885220201392,
      0.044374853294146685,
      0.044345765129516,
      0.0445237209922389,
      0.044239103127467004,
      0.044273897064359566,
      0.042788015502063854,
      0.04126728208441483,
      0.03995999787983141,
      0.038867239575637015,
      0.038223067200497576,
      0.03756410565815474,
      0.03750892105071168,
      0.03728895254041019,
      0.03755907114399107
    ],
    "validation_loss": [
      0.011474155996750285,
      0.009086765147016182,
      0.008436480745464771,
      0.007880660171223271,
      0.008195232997251141,
      0.008048653700291277,
      0.008633128536695784,
      0.008550073137389614,
      0.00895295976628582,
      0.0091615408411497,
      0.009291437897388335,
      0.008467214468580026,
      0.008867399923347093,
      0.009736972691660578,
      0.0129358189675462,
      0.011695245762805005,
      0.00918241076405857,
      0.008783188856929748,
      0.010137447566315011,
      0.008581053752165575,
      0.009586226794269535,
      0.010289085169251148,
      0.007567179135300897,
      0.010714623008991455,
      0.008473857169176315,
      0.011783646185185525,
      0.007899369406220796,
      0.007100197675449031,
      0.008979451692812926,
      0.010365101482745234,
      0.010255744700300527,
      0.008998389857319685,
      0.008072546318538123,
      0.008483216309776673,
      0.007587200851290376,
      0.010920463488079034,
      0.007259676337137922,
      0.008914666230809856,
      0.01028495700052985,
      0.009616716673688871,
      0.008911587265352686,
      0.010531270583453295,
      0.011677690547194097,
      0.010608084942702647,
      0.008862085288742206,
      0.011217757095615347,
      0.009663178539880506,
      0.009823902151905574,
      0.011190832442753798,
      0.00926339393155975,
      0.01003984251821583,
      0.009649277117650408,
      0.009931307090641736,
      0.007843914230100134,
      0.007331767760972668,
      0.0071685911397208705,
      0.00995255300736094,
      0.01284403198926182,
      0.007397899234836752,
      0.008293624205345457,
      0.008115103253378319,
      0.008045007474720478,
      0.007699359231140021,
      0.010175274157492848,
      0.01332297085595506,
      0.010358909789759379,
      0.014225817852086955,
      0.01024204813647312,
      0.010768856573198642,
      0.00893264436781719,
      0.007525551178447017,
      0.0110267802903598,
      0.01153892027279297
    ]
  }
}