{
  "CNN-Attention-LSTM-based": {
    "training_loss": [
      1.5519187211781034,
      1.1891855803155607,
      0.882467316210113,
      0.6287178504456544,
      0.4304368780881716,
      0.2905560248352332,
      0.20963430093295538,
      0.17408472715604714,
      0.15479487574498207,
      0.13817804470933037,
      0.12563220741876496,
      0.11734457864794844,
      0.11153571558846415,
      0.10766644849130415,
      0.10465521842267453,
      0.1015404294178714,
      0.0991766709078813,
      0.09631359646517107,
      0.08863479521737169,
      0.06737846253510103,
      0.06350225914691601,
      0.06345428082244871,
      0.06075741116470993,
      0.05858908962585928,
      0.058417639933049,
      0.05775540695575584,
      0.056360963993657566,
      0.055901880712102024,
      0.05468633050087568,
      0.054072902819977404,
      0.05324852664458637,
      0.0521048631934454,
      0.0517479340145994,
      0.05267134353623147,
      0.05074807637820022,
      0.04869822041181434,
      0.04793745992971785,
      0.046995526335027994,
      0.04621214625655401,
      0.0456780251524394,
      0.04581448093017431,
      0.045751820369913876,
      0.044741824979029586,
      0.04432189894988937,
      0.04385335326090102,
      0.043082919894105204,
      0.04250032342545185,
      0.041364001687468926,
      0.040825189706968364,
      0.04038447652198538,
      0.03963679851043423,
      0.03855153506489256,
      0.03825571488415703,
      0.03841869376397007,
      0.038461679741543985,
      0.038503075863992674,
      0.03857781840414724,
      0.03815799437077345,
      0.03734816957176831,
      0.03674335185441665,
      0.035849684651506064,
      0.03609483555626514,
      0.03631145320669196,
      0.03641301574049758,
      0.03575194711429807,
      0.034453377608435524,
      0.03386558523962537,
      0.03334227971294347,
      0.033045556425681966,
      0.032886115750714914,
      0.032160784036928465,
      0.03139766819179843
    ],
    "validation_loss": [
      0.038658227065676135,
      0.034837691329027476,
      0.03369880506866857,
      0.03238577815262895,
      0.03175180358322043,
      0.03172375516671883,
      0.032025271771769774,
      0.031690077130731784,
      0.031822330034092856,
      0.03142023019884762,
      0.0317255137390212,
      0.03190786058181211,
      0.03187720755997457,
      0.03180626179826887,
      0.031260054440874804,
      0.031407847177041204,
      0.03126213385870582,
      0.031750482556067015,
      0.016268995992447202,
      0.007560850032850315,
      0.007362392662387145,
      0.007942482652632813,
      0.007164125144481659,
      0.007776018986968618,
      0.007566928108663935,
      0.007126474890269731,
      0.00688879313927732,
      0.007885837015744888,
      0.007317539157443925,
      0.006998026469036153,
      0.00770836219583687,
      0.007336548715829849,
      0.009386163067660833,
      0.0070628696464394266,
      0.008761536633889925,
      0.008146305744977374,
      0.007323859112435265,
      0.007824604536749815,
      0.008804149778657839,
      0.008117036403794037,
      0.008436328545212746,
      0.008063345569136895,
      0.007766689056236493,
      0.006910958180302068,
      0.007465904098200171,
      0.009879078245476673,
      0.007888421563333586,
      0.008031539864053852,
      0.010102639768860841,
      0.007603113872832374,
      0.007746737097439013,
      0.009397572837769985,
      0.007784986270493583,
      0.009472466397442316,
      0.00881960597869597,
      0.007942349100975615,
      0.011344812692780244,
      0.010146441173396612,
      0.00949197403694454,
      0.009960589342211423,
      0.009015711083223946,
      0.009819018242782668,
      0.008356334072978873,
      0.0072687587749801184,
      0.008404489155662687,
      0.00739986181847359,
      0.009644646403428755,
      0.009253866529386295,
      0.009334912729498587,
      0.007646341317970502,
      0.009323260609648729,
      0.010760256834328175
    ]
  }
}