{
  "CNN-Attention-LSTM-based": {
    "training_loss": [
      1.5526584212935033,
      1.178908650611113,
      0.8782893715717671,
      0.6290827791594453,
      0.4344138716771439,
      0.2949919197806575,
      0.19900469515989871,
      0.15562277655190868,
      0.13103201258632965,
      0.11615254204910123,
      0.10644198019181907,
      0.09854904300351554,
      0.0920183316580231,
      0.08825419154443724,
      0.08480529407258612,
      0.08207406289548153,
      0.07983055382128969,
      0.07655149118185882,
      0.07322873861278507,
      0.0709146345803524,
      0.06826005483239313,
      0.06678255127582483,
      0.06526295557251505,
      0.06275827059217831,
      0.06120700381290305,
      0.060594852313216,
      0.05905419101640713,
      0.058365839450032514,
      0.05783361934374213,
      0.05699167820921262,
      0.05580857117874761,
      0.05555477567501563,
      0.055358065950221046,
      0.05474316735992532,
      0.05304395947572636,
      0.051936399780855444,
      0.05085214444801133,
      0.05029177648033325,
      0.049288534452919384,
      0.04889384581853091,
      0.04876780495545147,
      0.04948370647084734,
      0.05006857084107106,
      0.05019287186263944,
      0.04921597289494345,
      0.04865939837269917,
      0.04844698135745965,
      0.0475967240131907,
      0.04790471319390726,
      0.04741345022548062,
      0.04554153241623055,
      0.044277494724165575,
      0.04297873165674494,
      0.04193767221719812,
      0.041027184732926124,
      0.04087451070232844,
      0.04008763375150298,
      0.03954642051945462,
      0.039338566519987815,
      0.03947148739191685
    ],
    "validation_loss": [
      0.04732201173901558,
      0.03733045380366476,
      0.03296462254304635,
      0.02883835223160292,
      0.02722255046430387,
      0.02053960893107088,
      0.008304347509616299,
      0.008010667337006644,
      0.007178850070034203,
      0.007122148436151053,
      0.007126531789177343,
      0.00722179701551795,
      0.0069101380772496526,
      0.007500860967526311,
      0.006798001305249176,
      0.008366331605142668,
      0.007749681508070544,
      0.006944094853181588,
      0.006879498270389281,
      0.0071770759789567245,
      0.00747773401243122,
      0.007123262415591039,
      0.007068571703214395,
      0.00743445321721466,
      0.007612926258068336,
      0.009042183319596869,
      0.007617393096810893,
      0.00760015768832282,
      0.010782263163281115,
      0.007971410629780669,
      0.009029845020880825,
      0.009562460803671888,
      0.00870538844089759,
      0.008182427179264394,
      0.007825599091225549,
      0.009269510209560395,
      0.0102280062672339,
      0.008994887651581513,
      0.009149693383982306,
      0.013092539243792233,
      0.007457664285443331,
      0.013389802694712814,
      0.009283781081045928,
      0.014506422326360879,
      0.00801936790935303,
      0.0076233018875906345,
      0.007848361752143032,
      0.007913887226267865,
      0.008798340590376603,
      0.009330759177866734,
      0.008672647707556424,
      0.008097959888216696,
      0.009424710656075102,
      0.01206901319521038,
      0.00858311653137207,
      0.008590081941924597,
      0.00848694813290709,
      0.008790414398045916,
      0.008571464107616951,
      0.014507549354120304
    ]
  }
}