{
  "CNN-Attention-LSTM-based": {
    "training_loss": [
      1.5466773988074551,
      1.1705546357071808,
      0.861207123482133,
      0.6133178057330894,
      0.42002408579974815,
      0.2829390118650522,
      0.200680727183347,
      0.16068047324397003,
      0.1353138781553208,
      0.11892341720161463,
      0.10692470491247001,
      0.09868974281882863,
      0.0922624252756227,
      0.08702951878073348,
      0.08232146635219101,
      0.07880163869002249,
      0.07612874647872743,
      0.07362891232354031,
      0.07184989188151499,
      0.07004603501753316,
      0.06816706786762756,
      0.06685944168894775,
      0.06466786021804118,
      0.06354587177173443,
      0.06330804652620431,
      0.06241888354353037,
      0.06073224147422961,
      0.059814107705074754,
      0.05856743163987011,
      0.057698176962404576,
      0.057276550267569934,
      0.056286399962876904,
      0.05448286970561287,
      0.05357312194826106,
      0.05344956920612456,
      0.05382146714820396,
      0.05316840576150487,
      0.05194894275517451,
      0.05099497367885937,
      0.05005975973873465,
      0.04953256807729877,
      0.04909359618510294,
      0.048266938128226036,
      0.04764504317872442,
      0.04689532469240531,
      0.046392018176949434,
      0.04550062553431239,
      0.04491415465530745,
      0.045376532811838594,
      0.04586813153605662,
      0.04570907376962161,
      0.04588713247260192,
      0.04511108465669652,
      0.04504671876655405
    ],
    "validation_loss": [
      0.03361008657436622,
      0.013041952134747254,
      0.011801071278750897,
      0.008314306004659126,
      0.007231083463289236,
      0.006684214984507937,
      0.006855082649149392,
      0.00712156891822815,
      0.006679228703050237,
      0.007241541029591309,
      0.00678699736630446,
      0.006992232029963481,
      0.006744396583618302,
      0.007039045003291808,
      0.006827594285928889,
      0.0074953755363821985,
      0.0072387422140883775,
      0.008248497339847841,
      0.006901450788504199,
      0.0074565929115602845,
      0.0073851865961363445,
      0.009623819119051883,
      0.007288895312108492,
      0.007829074919419853,
      0.006939595712250785,
      0.008170986665706885,
      0.007423514578687517,
      0.007981398535010061,
      0.007306415871962121,
      0.0074144359383928144,
      0.00730595963173791,
      0.009685002355591247,
      0.008280034059364545,
      0.007576623911920347,
      0.007486159653451882,
      0.007988878231691686,
      0.008688008863674967,
      0.007754769176244736,
      0.007309031388477275,
      0.00782753061503172,
      0.009647966999756662,
      0.007698241974178114,
      0.007910886661786782,
      0.008236147772128645,
      0.010864558031684474,
      0.007585311984937442,
      0.011844564817453685,
      0.009663957102518333,
      0.012645425520053035,
      0.008101081181513635,
      0.012196894342962065,
      0.008406980786668627,
      0.008897166395265806,
      0.008437251338833256
    ]
  }
}