{
  "CNN-Attention-LSTM-based": {
    "training_loss": [
      1.5543473236997363,
      1.171391529096684,
      0.8648619802904801,
      0.6127065252250349,
      0.41811759329177967,
      0.2809903235502646,
      0.19377375950276013,
      0.14128273725509644,
      0.11868001069401352,
      0.10439541054443574,
      0.09451402975639826,
      0.08773825517002966,
      0.08467837569999023,
      0.08144626546073967,
      0.0769921676583693,
      0.07370425739758452,
      0.07141207662266745,
      0.0692546567026998,
      0.067508501695915,
      0.06626927485348473,
      0.06518223671845987,
      0.0644547739394114,
      0.06316438695074807,
      0.06237392956522149,
      0.06079871616732906,
      0.060014688318044365,
      0.06037342212569546,
      0.05947771836334551,
      0.05712335451807774,
      0.055559426231283536,
      0.05532831504521236,
      0.055697157349385004,
      0.054229031933445325,
      0.052569588515120495,
      0.052259379184581865,
      0.05266592336792342,
      0.05224764336582641,
      0.05156924885133622,
      0.05198673389747109,
      0.05309075048901665,
      0.05217511259334188,
      0.0498118480851113,
      0.04806582755605939,
      0.04670036993396114,
      0.04541206307394404,
      0.044485524768980454,
      0.04384136462295559,
      0.043451596576143316,
      0.04341706864430871,
      0.04317611167338532,
      0.0425729695969904,
      0.04216455516051239,
      0.041645489370738954,
      0.04099016489697174,
      0.04073416782726704,
      0.04066305124843624,
      0.04119690229565325,
      0.040890595967500984,
      0.04010901621110003,
      0.039872243213401715,
      0.03975901721229016,
      0.03973079441298901,
      0.038650563957405765,
      0.03762925159133656,
      0.036964136320100704,
      0.03663064455482322
    ],
    "validation_loss": [
      0.04879940677630274,
      0.044073923363497386,
      0.03922351159547505,
      0.03672432460282978,
      0.03468717948386544,
      0.033978108395087095,
      0.015601125849704993,
      0.00892033914202138,
      0.009398910452268625,
      0.007918517918963182,
      0.007892635396044505,
      0.008653192604450802,
      0.007789064335979913,
      0.008616390206704015,
      0.007667072205559204,
      0.008422014891709151,
      0.009073687619284579,
      0.009823201665360676,
      0.009133449598754707,
      0.010631767719199783,
      0.007109279665899904,
      0.008698235677653238,
      0.007830935236262647,
      0.007664174253219053,
      0.007876429844059443,
      0.00819740515006216,
      0.007345474678042688,
      0.008744171948025101,
      0.008349431541405225,
      0.007319867037432758,
      0.008105253781142987,
      0.007666709774026745,
      0.008589920989776912,
      0.007224868786962409,
      0.007599365946493651,
      0.00740575734525919,
      0.008241229769038527,
      0.008017925476949466,
      0.007172872003560003,
      0.007304715879849697,
      0.007395456476431144,
      0.009136885924166754,
      0.008841873176003757,
      0.010335579985066463,
      0.008297214382573179,
      0.012469715615244289,
      0.008893952224599688,
      0.009553542782209422,
      0.013021763394537724,
      0.008876476730955275,
      0.01326724941793241,
      0.008530995083090506,
      0.013742753706480327,
      0.010698353195268857,
      0.013955815018791902,
      0.008717743121087551,
      0.008901680084435563,
      0.00887939065302673,
      0.008900310069714722,
      0.009817613788733357,
      0.009171035150556188,
      0.00859958330463422,
      0.01008287999582918,
      0.011345018799367704,
      0.009982657069830519,
      0.011689130952091594
    ]
  }
}