{
  "CNN-Attention-LSTM-based": {
    "training_loss": [
      1.5511283723401352,
      1.1671525323894663,
      0.8597526583873051,
      0.6077350898527764,
      0.4125480332844694,
      0.27278733484342066,
      0.18140154048590593,
      0.1387997412345779,
      0.1168993805915537,
      0.10319065638411214,
      0.09397934618550287,
      0.08720719216155334,
      0.0824763032961899,
      0.07869934290647507,
      0.07556159406060904,
      0.07255699223196002,
      0.07031202410728159,
      0.06872215888030092,
      0.06670509656550179,
      0.06538418533516602,
      0.0649829417152304,
      0.06322366933167821,
      0.06233346829531898,
      0.06148238915582778,
      0.06008693838203457,
      0.059661096250507195,
      0.05902515698066899,
      0.05825991828886556,
      0.05723045173455292,
      0.056898532304125775,
      0.056381426646675864,
      0.0560022512791862,
      0.05551597901003461,
      0.053451763492234995,
      0.05150456495687995,
      0.04984317929811881,
      0.04903186469430655,
      0.04857774435634345,
      0.048255159139213424,
      0.047995682176150065,
      0.04732031354182203,
      0.04657110598095706,
      0.04722645128486862,
      0.047031929218013524,
      0.04654833884306357,
      0.04532558602136626,
      0.044220234621578536,
      0.043665863363675665,
      0.043406910354822456,
      0.043184603918606124,
      0.04258133990454002,
      0.0428213764664153,
      0.04248433764761602,
      0.041772043830911876,
      0.04134097202143199,
      0.04044690980038173,
      0.0396354932495406,
      0.03963130103870177,
      0.03911284247124699,
      0.03870137235228444,
      0.038408849440829854,
      0.03846368991153341,
      0.038554934758535574,
      0.03779067560820512,
      0.036938121988320013,
      0.036059947658172796,
      0.035601579859642914,
      0.035480395641545176,
      0.03518947943205565,
      0.035117995518613866,
      0.034769688955914806,
      0.03473860298244046,
      0.03564591002716145,
      0.035294817419539035
    ],
    "validation_loss": [
      0.04248547994754684,
      0.036575117896140465,
      0.0342342696664199,
      0.03149250700650081,
      0.03014662914292913,
      0.0221563170755833,
      0.00897970709057761,
      0.007674795208157788,
      0.008240765432866526,
      0.007550431795838013,
      0.00812487548190943,
      0.007555498728449916,
      0.00868034253920048,
      0.008407393654047603,
      0.008543088678008234,
      0.0091843447241355,
      0.01092156228727438,
      0.009801642995485117,
      0.008628896660578082,
      0.01313614350756709,
      0.009356063908674347,
      0.007802213817624979,
      0.010964812842053426,
      0.007676569876116766,
      0.009138173358121388,
      0.00797142323211465,
      0.008125648505880798,
      0.008006292578934784,
      0.007099027076447514,
      0.008266094783452195,
      0.007141508988406457,
      0.008397428213920392,
      0.008569643137530543,
      0.008020475349375899,
      0.008270887212014534,
      0.008207095813163569,
      0.008604936577169828,
      0.010281876516594013,
      0.008666458605250843,
      0.008446082289160137,
      0.008302249945700169,
      0.00796063653600048,
      0.008228742019076583,
      0.00845747880480239,
      0.014298353777070281,
      0.007876875469277442,
      0.009074222467000216,
      0.007956341341872451,
      0.016653886169824803,
      0.010411344953930713,
      0.008912619190211867,
      0.011056266147905672,
      0.012991882126096269,
      0.00798949994094355,
      0.008918910195500078,
      0.010114219866063394,
      0.008041309940458184,
      0.008993684274839684,
      0.015226151925367368,
      0.009057883514275014,
      0.014376503887625647,
      0.007852744232390968,
      0.009100387751741308,
      0.010296845703687467,
      0.009298681491382525,
      0.008258754308794585,
      0.008808543341575374,
      0.014262211246704551,
      0.008406169319026907,
      0.00768752703049653,
      0.011339329288039409,
      0.013407429221125556,
      0.010545544785408067,
      0.009144774533178605
    ]
  }
}