{
  "CNN-Attention-GRU-based": {
    "MSE": 0.039321,
    "MAE": 0.150331,
    "RMSE": 0.198295,
    "MAPE": 5628481431738.653
  }
}