{
  "CNN-Attention-GRU-based": {
    "MSE": 0.027895,
    "MAE": 0.122187,
    "RMSE": 0.167009,
    "MAPE": 2819751398924.857
  }
}