{
  "CNN-Attention-GRU-based": {
    "MSE": 0.024084,
    "MAE": 0.125532,
    "RMSE": 0.154742,
    "MAPE": 6003519212802.539
  }
}