{
  "CNN-Attention-GRU-based": {
    "MSE": 0.03235,
    "MAE": 0.145725,
    "RMSE": 0.179829,
    "MAPE": 9065338694981.213
  }
}