{
  "CNN-GRU-based": {
    "training_loss": [
      0.9844699928635046,
      0.7808295626389353,
      0.6174261795847039,
      0.47939683889087875,
      0.36900637557632043,
      0.287527091565885,
      0.2375984781666806,
      0.21035100958849254,
      0.18949587690202813,
      0.17374694598348517,
      0.16115508487350064,
      0.150818942565667,
      0.14085136902959725,
      0.13264054091353167,
      0.12434963505519064,
      0.11755534206566058,
      0.11151429414749145,
      0.10510566336543936,
      0.09951471835374832,
      0.09394659384300834,
      0.08930655615894419,
      0.0853022899282606,
      0.08157622704380436,
      0.0771787573632441,
      0.07395362657935996,
      0.07138962761351937,
      0.06785572814313989,
      0.0652603564293761,
      0.06285567511069147,
      0.06005651382239242,
      0.05822587224997972,
      0.055950446858217845,
      0.054526662395188684,
      0.052536149009277944,
      0.05126704738328331,
      0.04933562549321275,
      0.048070708544630754,
      0.04655772816193731,
      0.045529073712072876,
      0.044491029491550045,
      0.04323524911152689,
      0.04257586241552704,
      0.041212104574630135,
      0.04034462194693716,
      0.03959681999526526,
      0.038931458600257575,
      0.03825213626811379,
      0.03748945393844655,
      0.03669859708139771,
      0.03620588991202806,
      0.03582115526262083,
      0.034717209166602085,
      0.03465205505490303,
      0.0339995591264022,
      0.033429857421862455,
      0.033701048477699884
    ],
    "validation_loss": [
      0.018547725818165533,
      0.016727530742650265,
      0.013917129695207088,
      0.00937002503241484,
      0.006393203476014046,
      0.006061591872281128,
      0.006308028051121669,
      0.006577434578350374,
      0.006641987965188243,
      0.006083325652236288,
      0.006255225402179298,
      0.006391192512860248,
      0.00645505668191643,
      0.006318192049808853,
      0.006214834254729998,
      0.0065249625098455204,
      0.0064657118132377,
      0.00623206997459585,
      0.006158491251404052,
      0.006094704375608818,
      0.006149554836817763,
      0.006201581342367234,
      0.006187896674069075,
      0.006530515732360886,
      0.006300080222422844,
      0.006673882275793727,
      0.006765427973147456,
      0.00668698492609746,
      0.007115437779445332,
      0.007614520170002967,
      0.007312944224039158,
      0.007257138932501519,
      0.006811792538924651,
      0.007162750822368202,
      0.00750435432875073,
      0.007454568546239312,
      0.008237281762115606,
      0.006642486102279875,
      0.008306668387478466,
      0.007626558256732834,
      0.009111128890743623,
      0.008222186521112501,
      0.008035554778534215,
      0.007383272781238689,
      0.008034142392029712,
      0.007414943773064997,
      0.008005778031697223,
      0.009081841166411246,
      0.007508237709428047,
      0.008546506074237657,
      0.0069110120119123195,
      0.01254098999828517,
      0.0076820793450920735,
      0.007364864194101387,
      0.009531669090729911,
      0.007701823839566091
    ]
  }
}