{
  "CNN-GRU-based": {
    "training_loss": [
      1.0041059086197301,
      0.7726845314628199,
      0.6019215119512458,
      0.45805580302288657,
      0.34418662723742033,
      0.26215302536362095,
      0.21147325540843762,
      0.18378153176684128,
      0.16277372821381217,
      0.14784474137582276,
      0.13531327953464106,
      0.12497857840437639,
      0.1157692477107048,
      0.10794596185809688,
      0.10125118039156261,
      0.09551551843944349,
      0.08991891004537281,
      0.08465355360194256,
      0.08063875044647016,
      0.07635401455979599,
      0.07266923377388403,
      0.06940312848279351,
      0.06666156531948793,
      0.06398094147443771,
      0.06116812891866032,
      0.05897839445816843,
      0.05661876887867325,
      0.05473788419836446,
      0.05324335121794751,
      0.05132517708759559,
      0.04997525803352657,
      0.048550148818053696,
      0.046884911232873014,
      0.045794510527660974,
      0.04471834513701891,
      0.04356706969832119,
      0.04258986899727269,
      0.04193008455790972,
      0.041287646952428314,
      0.04022369471035506,
      0.03935165475857885,
      0.03889402841266833,
      0.03816537868819739,
      0.03783469772652576,
      0.03700373400198786,
      0.03639819229903974,
      0.03609969910038145,
      0.03576352937441123,
      0.0352638120321851,
      0.03471769227793342,
      0.0343658259040431,
      0.03392840827766218,
      0.03340932715095972,
      0.0329266310130295,
      0.033216995745897294,
      0.03305788436218312,
      0.03210883915032211,
      0.03238777065355527,
      0.03179622716025302,
      0.031252260898288926,
      0.03113145073385615
    ],
    "validation_loss": [
      0.018184482855232137,
      0.017508732468674057,
      0.014406084141841061,
      0.007621515924601178,
      0.006237483857885787,
      0.006412261459780366,
      0.006315509886725953,
      0.006274844421760032,
      0.006244412319440591,
      0.006054859113340315,
      0.005953116273801577,
      0.006271399214471641,
      0.0060950894987112595,
      0.00606668297397463,
      0.006035034530060856,
      0.006081182406725068,
      0.006097885324178558,
      0.0059696387058418045,
      0.006029507929557248,
      0.006011291019814579,
      0.005992475789236395,
      0.0059581796001446875,
      0.006054016266410288,
      0.005972037483987056,
      0.005968939591395227,
      0.006362836013891195,
      0.006024645592429136,
      0.005992696978347866,
      0.006219725928416377,
      0.0065060237422585486,
      0.006832624158184779,
      0.010237195313368972,
      0.00633656128652786,
      0.011503354665872299,
      0.00640573665793789,
      0.009306015378158344,
      0.006767557973140164,
      0.007400973749003913,
      0.013587303714532602,
      0.006638808666091216,
      0.00713777160762172,
      0.007552335185832099,
      0.01051601465595396,
      0.01384495028147572,
      0.008223862181368627,
      0.006344970516664417,
      0.008825143328622768,
      0.009446738768172891,
      0.015755006994463895,
      0.007598677159924256,
      0.014633854204102566,
      0.006417105851792976,
      0.007012044667805496,
      0.006817941289199026,
      0.019535823068336438,
      0.008614668210870341,
      0.008388085290789604,
      0.007363134436309338,
      0.007609064078056498,
      0.012405498796387722,
      0.00805396307259798
    ]
  }
}