{
  "CNN-GRU-based": {
    "training_loss": [
      0.9919810985429425,
      0.7718216558960913,
      0.5911772343312081,
      0.4446243012098101,
      0.3274486610675738,
      0.24314374679630796,
      0.1916234014532897,
      0.16488439316070772,
      0.14544051644672198,
      0.13072767531620388,
      0.11916375001777874,
      0.10961306575679193,
      0.10140315800748098,
      0.0946649076885205,
      0.08801967071889784,
      0.08259069174528122,
      0.07744676860700801,
      0.07312516980724301,
      0.06951601623912687,
      0.06595791990235317,
      0.06278655863970989,
      0.06013563175166847,
      0.057716366185140526,
      0.05528360948961732,
      0.053106677651352956,
      0.05151620699724539,
      0.0497449087290018,
      0.04815673229721602,
      0.04649320043793671,
      0.04582673169816525,
      0.044375821123118976,
      0.043287299796022305,
      0.04261335323978811,
      0.04127952265954185,
      0.04061544455443828,
      0.040095065574706754,
      0.03901031534784917,
      0.038831587265424024,
      0.03795964523547563,
      0.03743049939063186,
      0.037090015406139286,
      0.03651983178300891,
      0.03533674100240421,
      0.03558830618989279,
      0.034952346530132426,
      0.03481343720494549,
      0.03361422816039389,
      0.03367757590353384,
      0.032811590802638096,
      0.03277360199114245,
      0.03252509885151692,
      0.032306122968402184,
      0.03228417046774041,
      0.03239547977836145,
      0.03174693760034908,
      0.03218308994006398,
      0.03170777216016827,
      0.031546228432697235,
      0.030833130299730754,
      0.0307369444565111,
      0.030376198925798095,
      0.030284075875012025,
      0.029538906197372976,
      0.02956179789347682,
      0.029500528875417577,
      0.029609113381700903,
      0.02945188025048621,
      0.029424544325612343,
      0.029080122211695973
    ],
    "validation_loss": [
      0.04041538136570077,
      0.022495561798936442,
      0.013374854594861206,
      0.009268940034273424,
      0.006783395726233721,
      0.006509405379428675,
      0.006374849653557727,
      0.006346498821911059,
      0.006376708450874216,
      0.006373124677491815,
      0.006355900371349171,
      0.006395295879950648,
      0.006383456726019319,
      0.0064344522053081735,
      0.006302052481394065,
      0.0063074808959898195,
      0.0063983315013741195,
      0.006673814174964239,
      0.006287674517615845,
      0.0063178764509135175,
      0.007351893333620147,
      0.0063423185413213155,
      0.006809205449137249,
      0.007828455065426074,
      0.0064482086191051885,
      0.008591233723257718,
      0.007445698692218254,
      0.007699595362340149,
      0.006551218616138947,
      0.00967066828161478,
      0.006926183980938636,
      0.009044468824408557,
      0.008383191886701082,
      0.008341359837274803,
      0.006601917586828533,
      0.01540496223851254,
      0.0063822510358142225,
      0.03545216557226683,
      0.010964736773779517,
      0.024138093798568374,
      0.0079044139796966,
      0.02012190131568595,
      0.00838673772584451,
      0.025471881698620948,
      0.006413641969036115,
      0.012427011044009735,
      0.006772309698556599,
      0.008617418749552025,
      0.0068673888417451,
      0.01015670922045645,
      0.0066375482190204295,
      0.02041237118997072,
      0.0068569302951034744,
      0.018539982985116932,
      0.0156157959056528,
      0.04001109807899124,
      0.007783644538568823,
      0.02354062176064441,
      0.009074542083238301,
      0.020667613356521255,
      0.007203351343540769,
      0.010179105224578005,
      0.007762080911350878,
      0.011835304549650143,
      0.00675943895782295,
      0.026907234619322574,
      0.013274534301538217,
      0.03217680713063792,
      0.009390592388808728
    ]
  }
}