{
  "CNN-GRU-based": {
    "training_loss": [
      0.994647355146811,
      0.7638413377211127,
      0.5833089460789318,
      0.43430007679361693,
      0.3177921990273704,
      0.2340774246504609,
      0.18363175656594022,
      0.15673328642274292,
      0.13787586588255116,
      0.12417780093743767,
      0.1129963357054012,
      0.10396488797916494,
      0.09629948626101857,
      0.08946337267546586,
      0.08396656937162641,
      0.07832479854704628,
      0.07433648302521505,
      0.06976736872129037,
      0.06642524961014869,
      0.06369902707741294,
      0.06068506123314441,
      0.05869109855151512,
      0.05629654060786878,
      0.05438919701206852,
      0.05273529131647567,
      0.05100954061662647,
      0.049656674055986,
      0.048405529222857784,
      0.04730853842387737,
      0.046038923968731514,
      0.044974752452591776,
      0.044388367623930246,
      0.04337078002347073,
      0.042102116671666294,
      0.041653559766185115,
      0.040616964790183056,
      0.04007686994655032,
      0.039492069940331956,
      0.03899455878516318,
      0.03832398995127476,
      0.037959920163725465,
      0.037458209294668386,
      0.03675852212267862,
      0.035959076241288385,
      0.035736908637721776,
      0.03535975699483509,
      0.035250198568256806,
      0.03501817542062679,
      0.03458942903179518,
      0.033988602616837324,
      0.03378048355520611,
      0.03345319203717608,
      0.03350267139538913,
      0.03283174026390197,
      0.032190939437755396,
      0.03215091203300046,
      0.0316853915196909,
      0.03128346525342532,
      0.03158775758995137,
      0.03101190211067737,
      0.031087902440151697,
      0.03097510091225866,
      0.030534293187755933,
      0.030328917854898413,
      0.030608053358507827,
      0.03027929221345505,
      0.030186264447762932,
      0.029894314076699003,
      0.02963064185960192,
      0.02952453032345839,
      0.029363127267906363,
      0.029149247726923982,
      0.02923215327548309,
      0.029177087346013163,
      0.02896161610916467,
      0.02848498192681393,
      0.02843534726072365,
      0.028423879138180907,
      0.02817095745302422,
      0.02816771700138777
    ],
    "validation_loss": [
      0.03403710385686473,
      0.02398622496739814,
      0.01302952473296931,
      0.008019090620310683,
      0.007254157872184327,
      0.007136059645563364,
      0.00684822091930791,
      0.006855409430634034,
      0.006900406922948988,
      0.006832833485187669,
      0.006825406962123357,
      0.006867710951911776,
      0.006848976962072284,
      0.00687088911470614,
      0.0068764139456968555,
      0.006780479848384857,
      0.006913345253193065,
      0.006665470338377513,
      0.0066737583593318335,
      0.0066028650016768985,
      0.006652725056598061,
      0.006608577454952818,
      0.006582108306649484,
      0.006576493000121493,
      0.006519222489901279,
      0.00659772515493004,
      0.006776108533928269,
      0.007271453748015981,
      0.006627990192684688,
      0.006421969536887972,
      0.006479123710213523,
      0.0064543882433913255,
      0.007804246138977377,
      0.006839979189987245,
      0.008150585231028105,
      0.00653125820191283,
      0.01006796452167787,
      0.006452781638424648,
      0.013259825669229031,
      0.006922437329041331,
      0.01662959127049697,
      0.006536730535720524,
      0.013048462765781503,
      0.007674365618119115,
      0.017661511937254355,
      0.007073329732214149,
      0.035147804492398314,
      0.008246144485708914,
      0.02275883506395315,
      0.015681977177921094,
      0.03647335908914867,
      0.012867785519675205,
      0.028874576562329342,
      0.007257972706697489,
      0.01327811732496086,
      0.006782482677188359,
      0.009778683446347714,
      0.006622760277241469,
      0.01752596844575907,
      0.007626876352648986,
      0.018931686701743226,
      0.008116123712572611,
      0.022933128260468182,
      0.011393461807778007,
      0.042503424969158675,
      0.011249605095700214,
      0.026853898324464498,
      0.010230003983566636,
      0.02796515265577718,
      0.007102414387229242,
      0.018374251280176012,
      0.007991325512136284,
      0.01562848937158522,
      0.008646263642922827,
      0.016031157441045107,
      0.007909040290274118,
      0.008253546088541808,
      0.007573629925517659,
      0.01795534420954554,
      0.007555771579867915
    ]
  }
}