{
  "GRU-based": {
    "training_loss": [
      0.6316229346960339,
      0.29335311840003975,
      0.11838768601208952,
      0.04692508666657974,
      0.03594940515562618,
      0.031649641052201354,
      0.029101780808855855,
      0.027422000707004117,
      0.026301509211017496,
      0.025519435329009126,
      0.02493349205269067,
      0.02451934776743931,
      0.024137217223918032,
      0.02389837640613865,
      0.02363544791017774,
      0.02347639003933154,
      0.023335832274622388,
      0.02319137517229205,
      0.023067864596726387,
      0.022950402599509253,
      0.022915386493796073,
      0.022798995739166817,
      0.022719320332695022,
      0.022645359102731095,
      0.02261878855197266,
      0.022574604621722526,
      0.022540886049612716,
      0.022524876031154408,
      0.022448497494374674,
      0.022426143511869046,
      0.022411935810367996,
      0.022384180994549554,
      0.022357191915737103,
      0.02237411244419564,
      0.022303989365670834,
      0.022309227764267518,
      0.022259727256471976,
      0.022211440466507318,
      0.022248268318920676,
      0.022236289474412422,
      0.022204897100022773,
      0.02218930163662734,
      0.022172384327464947,
      0.022149278959120874,
      0.022119905819182634,
      0.022104948332935755,
      0.022078626292121328,
      0.022084396012283843,
      0.022033782982229144,
      0.022014049987519716,
      0.022012907335386397,
      0.022047948870361374,
      0.021991668902142,
      0.022071194215755086,
      0.021961085871513852,
      0.021967221568041168
    ],
    "validation_loss": [
      0.049466736302092355,
      0.04931785906111444,
      0.015069656412709843,
      0.012117777319325434,
      0.01209609517241483,
      0.012072893009371274,
      0.01208612886811053,
      0.01210466786645926,
      0.012116201026560544,
      0.012128621190004832,
      0.012146651705766058,
      0.0121573292148801,
      0.012168850684603612,
      0.012187241185847278,
      0.012189223352897833,
      0.012193569294795707,
      0.012199371812174786,
      0.012206528804727368,
      0.012202597392553633,
      0.012207202932478248,
      0.012217710647810172,
      0.01222414093521925,
      0.012218043090892838,
      0.012222892774099653,
      0.012230953006269215,
      0.012228931411058753,
      0.012219961022736725,
      0.012223970854876342,
      0.012226865750613746,
      0.012231247864298887,
      0.012227555385211131,
      0.012224093607099322,
      0.012231901841615881,
      0.012229525809781951,
      0.012231598425838914,
      0.012230364130354011,
      0.012232349208601705,
      0.012237642780988366,
      0.012230439000873715,
      0.01223021341240281,
      0.012233712111267593,
      0.012232728803960176,
      0.012239451331275327,
      0.012228834136695295,
      0.012237752123468823,
      0.012232495725832203,
      0.012243335415329133,
      0.012233915406611416,
      0.012240818630044278,
      0.012238149654927788,
      0.012240964053133567,
      0.01224094074401822,
      0.012241174694854062,
      0.012241567530623682,
      0.01224429945793602,
      0.012246534886112163
    ]
  }
}