{
  "GRU-based": {
    "training_loss": [
      0.6247945572276085,
      0.2908895825009377,
      0.12072766318721635,
      0.05790741280112538,
      0.045020669549540565,
      0.03875780625338106,
      0.03498847268326147,
      0.03244674914644897,
      0.03069404170683359,
      0.029449597328770866,
      0.028438136513452953,
      0.027668317891575835,
      0.026984122878091342,
      0.02652188562818638,
      0.02609286933354789,
      0.025788193401071514,
      0.025486871699600826,
      0.02522630190203696,
      0.024981886766345548,
      0.024826998815462156,
      0.02465270534157753,
      0.024464063077382497,
      0.024314510567965603,
      0.024208252192260922,
      0.02407090122234769,
      0.023883464560727843,
      0.023823846220008264,
      0.023720499189647987,
      0.0236416977962695,
      0.023572255827535426,
      0.023431950777410417,
      0.02337597114252053,
      0.023240835438085073,
      0.023250031161898464,
      0.023202551783141998,
      0.023111628627718407,
      0.0230556489761177,
      0.023081655683366814,
      0.022960784666941254,
      0.022919849788513302,
      0.022870014199102603,
      0.02288759745315076,
      0.022847203961706006,
      0.02278733788266028,
      0.022749708667886597,
      0.022668414492021505,
      0.02270681801979599,
      0.02268831261822901,
      0.022697786995794632,
      0.022611588770747836,
      0.022586227783065134,
      0.022530916080090748,
      0.022574559822515532,
      0.022528135960746386,
      0.022484698804417377,
      0.022523529338497564,
      0.022532727109590298,
      0.02247111723316055
    ],
    "validation_loss": [
      0.037077129668705945,
      0.03676501679774764,
      0.013123775402513834,
      0.01189143132496547,
      0.011893904383678537,
      0.011869310186459469,
      0.01187085924292361,
      0.011862787971650805,
      0.011884758235899719,
      0.011897084967500263,
      0.011899140266167533,
      0.011907344293240066,
      0.01192982429052358,
      0.011941084553572264,
      0.011943195269189098,
      0.01195510687189294,
      0.011982529593462294,
      0.011993909567281916,
      0.012001095717395101,
      0.012019024399871176,
      0.01202964694141508,
      0.01204200565710768,
      0.012053525472593892,
      0.01205770160117141,
      0.012067386463701308,
      0.012086713230693257,
      0.012088312370168578,
      0.012107883619105482,
      0.012099477762056814,
      0.012107153690153069,
      0.012114036222594184,
      0.012118290575755227,
      0.012128302156664692,
      0.01213115105939495,
      0.012131977461643153,
      0.012138815870235017,
      0.012154727874623312,
      0.012155842544002966,
      0.012156123933675406,
      0.012160193520252938,
      0.01214803737047669,
      0.012156643181830852,
      0.012163240319261184,
      0.012164544835165663,
      0.012164394468902709,
      0.012170346948754537,
      0.012167605336989972,
      0.012167768520335635,
      0.012177563031445016,
      0.0121882100088092,
      0.012179799931501593,
      0.012184822749528852,
      0.012188670420823814,
      0.01218687010915963,
      0.01218268748737507,
      0.01218010044910691,
      0.012182545730961369,
      0.012199920908241839
    ]
  }
}