{
  "GRU-based": {
    "training_loss": [
      0.6461071151776823,
      0.2821203207959227,
      0.07986528738263192,
      0.04228624180546471,
      0.03396480069895342,
      0.03033625763137996,
      0.028335560147443397,
      0.027137997421564863,
      0.026289950919234816,
      0.02572879110399353,
      0.025317295524577125,
      0.02491075870125912,
      0.024718618865292877,
      0.024472313042527845,
      0.024267653557887847,
      0.024086505223567974,
      0.023940590743608315,
      0.023858280040180202,
      0.02368510752792377,
      0.02361703118319165,
      0.023489290417780393,
      0.023429905150849015,
      0.023397086057714112,
      0.02330948505713727,
      0.023205525137405782,
      0.02318364268596139,
      0.023117414287465988,
      0.02310100946438396,
      0.023024615611483043,
      0.02299440052562545,
      0.022936569068469956,
      0.02288635506175602,
      0.022858951010801643,
      0.02283238743851043,
      0.02278968223391815,
      0.022768296780890006,
      0.022732789545024758,
      0.022686430525471785,
      0.02263201058119692,
      0.022613786240866744,
      0.022579157522727853,
      0.022545029967044678,
      0.022569140469926148,
      0.022530081634607083,
      0.022486420136251718,
      0.022500448737900226,
      0.022443060040630517,
      0.022425451749795478,
      0.022422993792165495,
      0.02242914467704223,
      0.02239471701203785,
      0.022351044996750856,
      0.022389174866344903,
      0.022328323790650233,
      0.022336721332212046
    ],
    "validation_loss": [
      0.06789997496179767,
      0.01618818681478709,
      0.012130214474522151,
      0.0120694633130427,
      0.012062920185808953,
      0.012077694986718934,
      0.012089181769561102,
      0.012101738661579736,
      0.012114961012885287,
      0.012126853884933711,
      0.012143085489270988,
      0.012156268444980358,
      0.0121509460471831,
      0.012174217049944234,
      0.012171258869860972,
      0.012193024432013085,
      0.012187299487942999,
      0.01218226704407822,
      0.012203610990639333,
      0.012197949708654331,
      0.01220640615670831,
      0.012208702459514558,
      0.012201611297791237,
      0.012205641338979448,
      0.012209299417746651,
      0.012216723960387957,
      0.01221860688622598,
      0.012213020898089125,
      0.01220507494506094,
      0.01221400214085629,
      0.012222529454091628,
      0.01221695815870812,
      0.01222702523472009,
      0.012215779540682589,
      0.012217258891234031,
      0.01221572022911135,
      0.012214686415464311,
      0.012224336955826599,
      0.012227038116930248,
      0.012224243908234827,
      0.012217584287526307,
      0.012222773792756188,
      0.012228114576033362,
      0.012218931494476079,
      0.01222538512356423,
      0.012228100091687866,
      0.0122299789340346,
      0.012229761506033528,
      0.012230485938228928,
      0.012223096154109164,
      0.012226545323546115,
      0.01222877112588474,
      0.012235559992023281,
      0.012226839002768893,
      0.012231961381133203
    ]
  }
}