{
  "GRU-based": {
    "training_loss": [
      0.6247633424197729,
      0.2868395936520421,
      0.1077277958262614,
      0.04978801065406741,
      0.039746187816515906,
      0.035096328209713756,
      0.032287723360332005,
      0.03041192182647994,
      0.029048081580386374,
      0.028068797323598335,
      0.02733096821745776,
      0.026676892937404054,
      0.026241158694681268,
      0.02579920813800105,
      0.025404598053394706,
      0.025072372929501346,
      0.02484856402067608,
      0.024565435758418356,
      0.02441095498483465,
      0.024223926429834133,
      0.02407318986006303,
      0.02394071784059659,
      0.02378646684109173,
      0.023701997862022938,
      0.02361773964728762,
      0.02357619780322925,
      0.023480828316481017,
      0.023382898276564118,
      0.02328808565221192,
      0.023229619644699707,
      0.023140450978681,
      0.023149614051088768,
      0.023116045147050075,
      0.02309439496191026,
      0.02303622135706572,
      0.023015444878090804,
      0.022945437803799238,
      0.022921052299792213,
      0.022852106558097014,
      0.022843270735479173,
      0.022807542756591286,
      0.022781039038493628,
      0.022767583753150314,
      0.022762221303783137,
      0.02269004516942906,
      0.02268444914240292,
      0.022674725332253346,
      0.02263504883760485,
      0.022586567413825184,
      0.022610672467409415,
      0.022572491073331775,
      0.02255469311074388,
      0.022552769696388895,
      0.022531937674053287,
      0.02247717976243922
    ],
    "validation_loss": [
      0.04192325125746885,
      0.04177592109543012,
      0.013671374437766191,
      0.011927264926860503,
      0.01189183420787081,
      0.01189980881644214,
      0.011917634412072168,
      0.011913044185698971,
      0.011940456077051976,
      0.011953358704814664,
      0.011986967407806325,
      0.012001290816272202,
      0.012024585092391316,
      0.012040501701826599,
      0.012058979947439635,
      0.012073320657954325,
      0.012094041017812208,
      0.012110191997590813,
      0.012108517768295341,
      0.012131104488806528,
      0.012130480719609562,
      0.012140951042704531,
      0.012155513998427658,
      0.012146746579903438,
      0.012167508404003864,
      0.012154225377454022,
      0.012173311589138938,
      0.01217224262817885,
      0.01218063448231191,
      0.012181267527220754,
      0.012195037173893426,
      0.012191706049972053,
      0.012191094029140244,
      0.012189477443982131,
      0.01219231689482562,
      0.012199506453921833,
      0.012204284973820955,
      0.01220485175618879,
      0.012216280974552114,
      0.01221350999793687,
      0.012217503698337203,
      0.012219325371817302,
      0.012225167933466556,
      0.012216304939390273,
      0.01222208347302028,
      0.012231808459148098,
      0.012230961978265889,
      0.012235060720761583,
      0.012227084298476238,
      0.01223060013090249,
      0.012234295594412997,
      0.012235949065490592,
      0.012235785679542664,
      0.012242641097714313,
      0.01224519530451496
    ]
  }
}