{
  "GRU-based": {
    "training_loss": [
      0.6217388843712032,
      0.2753280569039256,
      0.1040824449429818,
      0.05304077409119706,
      0.04192950825222845,
      0.03683868725794322,
      0.03378143009455957,
      0.03170753942832736,
      0.030252628482019907,
      0.02917719908805986,
      0.028387119409400176,
      0.027748226704980738,
      0.027275490343237833,
      0.026786690177677416,
      0.02643600232129002,
      0.026105420354735783,
      0.02581917973862658,
      0.025567578249727222,
      0.02532274851414766,
      0.025144963883813203,
      0.024966829560005215,
      0.024795391578088584,
      0.024629615010645534,
      0.02447232033892572,
      0.024355094873338638,
      0.024236367016776162,
      0.02413424801903822,
      0.024018742302387784,
      0.023939806411138267,
      0.023813019477261742,
      0.023768151805548882,
      0.023643687532246244,
      0.02363665030548774,
      0.023537517806732938,
      0.023497164144172147,
      0.02344030662767338,
      0.023407594935966072,
      0.02331188925840956,
      0.02328638321598906,
      0.023202652308275656,
      0.02317850645819203,
      0.02313253708694504,
      0.023063565710860545,
      0.02305531960088422,
      0.022988046831122967,
      0.0229493980889506,
      0.02296014458220085,
      0.022869582166809604,
      0.02284586303502295,
      0.022835465223151916,
      0.022798481356944893,
      0.022781951413736682,
      0.022761594462508285,
      0.02274521905969644,
      0.02268988720459135,
      0.022684327516814127
    ],
    "validation_loss": [
      0.036607512574636375,
      0.024448549472800278,
      0.015208455623044338,
      0.01179033262743215,
      0.011777726090113565,
      0.011753624986902845,
      0.01176874194581277,
      0.011797523269537452,
      0.011819412524040443,
      0.011838694220496873,
      0.01185935887062821,
      0.011886154854386367,
      0.011896661153281737,
      0.011917364186625243,
      0.011954564416875669,
      0.011973667976278453,
      0.011994231170966516,
      0.012015432034555542,
      0.012024878310577882,
      0.012044029745832739,
      0.012063254727843347,
      0.012079046181225317,
      0.01208585972576394,
      0.012108875105839268,
      0.012115729470360508,
      0.012121949695546553,
      0.012136898354191706,
      0.012142785120226977,
      0.012147679535146874,
      0.012163943288139934,
      0.01216015234857067,
      0.012185365676018694,
      0.01218412581491961,
      0.012194881416309214,
      0.012204302248142125,
      0.012208245691375222,
      0.012195927082787671,
      0.012210253006313811,
      0.012209227165099618,
      0.012212361902285583,
      0.01222277937649428,
      0.012211262016849113,
      0.01221989053293358,
      0.012222692127390104,
      0.012226679576022612,
      0.012229782488399336,
      0.012217989484999726,
      0.012230145324171634,
      0.01222720075457401,
      0.012234831785036156,
      0.012235795203172284,
      0.012230176457420854,
      0.012227850078870974,
      0.012229654052329043,
      0.012237452094536111,
      0.012234195924956098
    ]
  }
}