{
  "GRU-based": {
    "training_loss": [
      0.6374576037437847,
      0.27128965830092466,
      0.09687382838869178,
      0.04669922775377525,
      0.03799190926451259,
      0.03408266299981281,
      0.031703371856619554,
      0.030144470594464217,
      0.029076482808441054,
      0.02828221572734461,
      0.027633670554231073,
      0.02717178884818562,
      0.026709577733100662,
      0.026363679598837335,
      0.026053467265099262,
      0.025790134834992477,
      0.025494579354743495,
      0.025308689451878474,
      0.025146258797408404,
      0.024979760201025908,
      0.02480103601485256,
      0.024656552599382233,
      0.02448780553563972,
      0.024357015779609224,
      0.024255726751720403,
      0.024157934400149336,
      0.024041479254283474,
      0.023934174409849563,
      0.02386192848871639,
      0.023772868180058172,
      0.023673260522439853,
      0.02361986733398398,
      0.023536500378163315,
      0.02345847928738197,
      0.023413969042215505,
      0.023324288963279004,
      0.02327978471742974,
      0.023232665278611737,
      0.023128883442192563,
      0.023124115508927994,
      0.02307897649450745,
      0.023003167390340154,
      0.02299258965708309,
      0.022961205523705973,
      0.022859350725923527,
      0.022904978900181422,
      0.022844703894967212,
      0.02277355990637874,
      0.02279418309796259,
      0.022768562266196626,
      0.022682932991531207,
      0.022692244127719263,
      0.02264105595687468,
      0.022573608849573094,
      0.022609365537540626,
      0.022566291837447783
    ],
    "validation_loss": [
      0.038021447316412334,
      0.03336045290824619,
      0.012809997499511037,
      0.011984116573950142,
      0.011961867541870699,
      0.011940758057173517,
      0.011944186366481247,
      0.011949252518262525,
      0.011962669779221983,
      0.01197536573818707,
      0.011992005252926864,
      0.012000718886349121,
      0.012032676501209389,
      0.012034389634018082,
      0.012060072016943044,
      0.012070578403914454,
      0.012091853763523223,
      0.012092569418864784,
      0.012095457313161494,
      0.01210801328667774,
      0.012131472871738328,
      0.01212872944661333,
      0.01214351242607143,
      0.012151758592647555,
      0.012159583400184658,
      0.012162578102990646,
      0.012172585209723946,
      0.012179524703000244,
      0.012197135150067234,
      0.01218713890115246,
      0.012194660094268164,
      0.01219559437554532,
      0.01220431605813904,
      0.012212696344952137,
      0.012207941057555207,
      0.012214512440283015,
      0.012213476356151538,
      0.012218422003599265,
      0.012214634215195,
      0.012212763843819786,
      0.01221878400917333,
      0.012225341342141666,
      0.012225671741465554,
      0.012218529867389992,
      0.01222855574410611,
      0.012228629142437424,
      0.012225155746352235,
      0.012225122535160879,
      0.012234996774294226,
      0.012234012023814923,
      0.012236808646868281,
      0.012237374134192116,
      0.012231486221537281,
      0.012248264648503055,
      0.012234671550253227,
      0.012230566422244609
    ]
  }
}