{
  "CNN-BiGRU-Attention-based": {
    "training_loss": [
      0.7238511609125741,
      0.6693430962944835,
      0.6078528377074229,
      0.5690418014043495,
      0.5220554317603131,
      0.48672441968434976,
      0.44518024496388336,
      0.41013104352266977,
      0.37629663013707737,
      0.34452450765839104,
      0.3154644167624445,
      0.288407706132921,
      0.2640997045653782,
      0.24222804870032058,
      0.22486864828862219,
      0.2063906460623198,
      0.1932659325217396,
      0.18184940869043648,
      0.17197807328107487,
      0.16425928863292003,
      0.15677139930081266,
      0.15020804201500326,
      0.14348234613484975,
      0.13895764186160978,
      0.13271003527731834,
      0.12927736706623044,
      0.12464351694292157,
      0.12028859492847185,
      0.11661132695428429,
      0.11252468720644335,
      0.10915352190345652,
      0.10598595339789169,
      0.10270907340044713,
      0.10011094142113054,
      0.0968361352314929,
      0.0946096661284503,
      0.09255156493136651,
      0.08939702246133788,
      0.08698968331522076,
      0.08533665028553974,
      0.08260812428052919,
      0.0811229622313745,
      0.07901261234459495,
      0.07759691007781129,
      0.07479166657612797,
      0.07361342327252722,
      0.07182299543785144,
      0.07011003503065069,
      0.06843918797713291,
      0.06692226765528007,
      0.06527897923053065,
      0.0650114090130802,
      0.06286519413758934,
      0.0616881428011359,
      0.06040074233012863,
      0.05891116963157171,
      0.05738869182105306,
      0.056797839261057005
    ],
    "validation_loss": [
      0.043883952250083284,
      0.08187277366717656,
      0.03609830290079117,
      0.04767497926950455,
      0.028349090615908304,
      0.03073715716600418,
      0.025260652601718902,
      0.027600491295258205,
      0.027689857532580693,
      0.025340312719345094,
      0.024744132657845815,
      0.02459334060549736,
      0.025194115191698074,
      0.02348963792125384,
      0.023989725609620413,
      0.02419622118274371,
      0.02311461269855499,
      0.022926093886295955,
      0.023117562383413316,
      0.023373158027728397,
      0.022737741470336914,
      0.0229451393087705,
      0.02305117299159368,
      0.02334907924135526,
      0.0233371930817763,
      0.022890517363945644,
      0.02276529868443807,
      0.022584012399117153,
      0.02283108582099279,
      0.022751667847235996,
      0.022918408860762914,
      0.022709342588980993,
      0.0226916973789533,
      0.022596017022927604,
      0.02267889603972435,
      0.022621109833319983,
      0.02283097580075264,
      0.02285780335466067,
      0.022863747924566268,
      0.02307226484020551,
      0.023199651390314102,
      0.023534150421619417,
      0.023130209495623905,
      0.023116364081700643,
      0.02309785063068072,
      0.023090537140766778,
      0.0232736070950826,
      0.02343925436337789,
      0.023669170588254927,
      0.024530123670895895,
      0.024194717903931937,
      0.0244826835890611,
      0.024349200973908105,
      0.024426677326361338,
      0.02392280474305153,
      0.024396848678588868,
      0.024142194290955862,
      0.02405491148432096
    ]
  }
}