{
  "CNN-BiGRU-Attention-based": {
    "training_loss": [
      0.7188191343162019,
      0.6678550657579454,
      0.6029492960137836,
      0.556197049254078,
      0.5047285814406508,
      0.4592681860519668,
      0.4157459109516467,
      0.37364186927423637,
      0.33712683138200794,
      0.3017869566456746,
      0.2697719805321451,
      0.24084988918344855,
      0.21486322657536652,
      0.19208659130637928,
      0.17316770553588867,
      0.15659629086316643,
      0.14337788623268322,
      0.13280393107462737,
      0.12492924575078285,
      0.11779900274034273,
      0.1119906359304816,
      0.1068626041129484,
      0.10140752034672236,
      0.09775766730308533,
      0.0929059746154284,
      0.08976204579664489,
      0.08627887903633764,
      0.08272340312852698,
      0.08026171437764572,
      0.07706673418061208,
      0.07512638023344137,
      0.07216594545012814,
      0.06949949024592415,
      0.06764229046086133,
      0.06526676893739378,
      0.0631161732441288,
      0.061665479283211595,
      0.05987363851676553
    ],
    "validation_loss": [
      0.04998693135330232,
      0.08006638894646854,
      0.051643380042860065,
      0.05756055437407251,
      0.04739370733752089,
      0.04354898612630569,
      0.04331550096808854,
      0.038985978117433644,
      0.041165467351675034,
      0.040260849110150744,
      0.042544334684893235,
      0.043630622769311324,
      0.044832085780167986,
      0.044808110948336324,
      0.04502226532263271,
      0.04496995732188225,
      0.04471034089387473,
      0.04566919740478871,
      0.04798370378754907,
      0.0457836296093666,
      0.04555088287945521,
      0.04716019938557835,
      0.04425683415542215,
      0.05035447228257939,
      0.047933097739340895,
      0.050492726076962584,
      0.05036139923889758,
      0.05295392012192031,
      0.051758720271163065,
      0.048539197987924186,
      0.05250609931299242,
      0.05175789350927886,
      0.048170036304805236,
      0.04772076553712457,
      0.05220803820480734,
      0.05374945056135372,
      0.049765035383782144,
      0.05119135969523656
    ]
  }
}