{
  "CNN-BiGRU-Attention-based": {
    "training_loss": [
      0.7163358476540561,
      0.6569940128039904,
      0.5955914384305733,
      0.5430648641524909,
      0.49044793153525423,
      0.44245388387610474,
      0.3969492927641316,
      0.3542516981071669,
      0.31588514475351753,
      0.27982765231521345,
      0.24744907175010877,
      0.21811137453936713,
      0.19273206566024748,
      0.16942618525079392,
      0.15018347551638475,
      0.134619267649405,
      0.12096579852533955,
      0.1118645317244939,
      0.1050634228428546,
      0.09824349804753398,
      0.09278548128359307,
      0.08836400470508526,
      0.08388539806583921,
      0.07987465437645565,
      0.07672871630079245,
      0.07299876689527168,
      0.07006634922114564,
      0.06738311026740995,
      0.06456630325240639,
      0.06258313645620714,
      0.059654134889273173,
      0.05785353529734673,
      0.055775073656708384,
      0.054244771791630036,
      0.051996106241905635,
      0.05053532801472578,
      0.04908397771386118,
      0.04738009449238429,
      0.04627503684917745,
      0.0446261879008727,
      0.04325124602205252,
      0.042392173805973564,
      0.041289328697413336,
      0.03993778867655046,
      0.038971294996692385
    ],
    "validation_loss": [
      0.061935335524001364,
      0.06885371761301816,
      0.05035665448186761,
      0.04806970255607265,
      0.04167421048475524,
      0.03842401176185931,
      0.03817208995253353,
      0.036468238396159675,
      0.03629202477760234,
      0.037022713634927394,
      0.03707695095720938,
      0.03658065237736298,
      0.037883760754839846,
      0.03756515757512238,
      0.03628924722641201,
      0.038046014447838575,
      0.036700156091128366,
      0.036416417461330605,
      0.037548961780839045,
      0.03676524190074307,
      0.03683522015304889,
      0.037954222474057796,
      0.03787752000962274,
      0.037774669858863796,
      0.03825544850048372,
      0.03877379240120871,
      0.03876949979339616,
      0.03917570892026869,
      0.03852398371544935,
      0.039047224541841924,
      0.03893015937784971,
      0.038619233958296854,
      0.03878376203573356,
      0.03938878517029649,
      0.03839438585406643,
      0.03801010751118094,
      0.03885490289431507,
      0.039612676948308945,
      0.03976810079509929,
      0.039083412390644265,
      0.038504139472872526,
      0.03828854707338042,
      0.038693542702723356,
      0.03921334754865048,
      0.03897676604279017
    ]
  }
}