{
  "CNN-BiGRU-Attention-based": {
    "training_loss": [
      0.7258771472963793,
      0.6622999454366749,
      0.6012036101571445,
      0.5463104165833572,
      0.49502462970799416,
      0.44589200513116245,
      0.40044493819105215,
      0.35842857997992944,
      0.3189783435443352,
      0.28290140217748183,
      0.2500831551592925,
      0.22119669873138953,
      0.19516864007916943,
      0.17276796133353792,
      0.1534453358115821,
      0.13747823032839546,
      0.12468925940579381,
      0.1151062185908186,
      0.10779908736204279,
      0.10174407116298018,
      0.09648909368391695,
      0.09157590234074099,
      0.08721415338845089,
      0.0832212248752857,
      0.07971984995850201,
      0.07617519333444793,
      0.0732333672971561,
      0.0702929437674325,
      0.06741008213881788,
      0.06484408342632754,
      0.0623838125631727,
      0.06021735919960614,
      0.05811146030138279,
      0.05597012412959132,
      0.05455986949904212,
      0.052757070239247944,
      0.050791431860677125,
      0.049262908512148366,
      0.04781665961290228,
      0.04666990375724332,
      0.045184516701205026,
      0.04415915161371231,
      0.042717366639910076,
      0.04156183862480624,
      0.040650351679530634,
      0.03959466465588274,
      0.03885246260926641
    ],
    "validation_loss": [
      0.06699475797556215,
      0.07370329130504091,
      0.06344398654113381,
      0.052903176553673666,
      0.049930649414911106,
      0.04463308310862315,
      0.04164544657125312,
      0.04084922518518012,
      0.039311356211112716,
      0.039374532588457654,
      0.038452977914426284,
      0.039696071865194936,
      0.038221428960056626,
      0.03839024326811403,
      0.03863042157332776,
      0.03798203650167433,
      0.0377595258592549,
      0.03851849813077409,
      0.03792737373861216,
      0.038808413860151325,
      0.03980531309873371,
      0.039756922272302334,
      0.03964825871132188,
      0.040153224715742016,
      0.040312850121724406,
      0.04028273013941312,
      0.03990314667255192,
      0.04079619132108608,
      0.040118379549959955,
      0.03919123504626549,
      0.03923783451318741,
      0.03981392110808421,
      0.039558496326208115,
      0.04073668309187485,
      0.04101491050194886,
      0.04068875312805176,
      0.04021599794090804,
      0.040327298565436216,
      0.04018284563543433,
      0.04021593688403146,
      0.03982222661123437,
      0.04058780723204047,
      0.04045720455252518,
      0.04046386903372862,
      0.04101617583784006,
      0.03966219881075924,
      0.04049258249796043
    ]
  }
}