{
  "CNN-GRU-Attention-based": {
    "training_loss": [
      0.0006626355621783219,
      0.000556708777134639
    ],
    "validation_loss": [
      0.00016912662515967665,
      0.00014132701686885154
    ]
  }
}