{
  "CNN-GRU-Attention-based": {
    "training_loss": [
      0.12307116131723662,
      0.0728004981601049,
      0.03717805721141674,
      0.016741899901596958,
      0.009961163135642938,
      0.007938131033007641,
      0.006871634427412057,
      0.006178450174432583,
      0.0056611532624646676,
      0.00525331116122123,
      0.004944479497021468,
      0.004697078369176788,
      0.0045073934595841365,
      0.004351916977547674,
      0.004212130156774369,
      0.004075745820368408,
      0.003945120940448115,
      0.0038135765511312604,
      0.0036875923316945476,
      0.0035603467959785797,
      0.0034379613646544267,
      0.003315927437794061,
      0.003196671132057432,
      0.003078047521215267,
      0.0029609351693217294,
      0.0028425051158908394,
      0.0027299974067711537,
      0.002616125433270473,
      0.002503870446004985,
      0.0023924608959617647,
      0.002281064959325067,
      0.0021740752986814608,
      0.002065385795301861,
      0.0019588589707694986,
      0.0018523875459687,
      0.0017488770896480197,
      0.0016451809141370985,
      0.001543168914775369,
      0.001442109922857091,
      0.0013419200240829844,
      0.0012433849393375337,
      0.0011466231256250352,
      0.0010545298003803486,
      0.0010026274610317363,
      0.0009762157293486637,
      0.0009606151038376743,
      0.0009493012280191904,
      0.0009417315021919405
    ],
    "validation_loss": [
      0.0006815735185125344,
      0.000546660575963242,
      0.000488588691387378,
      0.0004891721944941181,
      0.00042941075959570813,
      0.00043015858210938076,
      0.0004321851728247925,
      0.00038483376536046116,
      0.0003916211557430281,
      0.0003964923696041527,
      0.0004396205472851723,
      0.00043977656021294457,
      0.00043835326320898363,
      0.00043734645103694686,
      0.0004377098144097647,
      0.0004375902771897299,
      0.0004371964753093854,
      0.00043680389988905106,
      0.00043686782993691066,
      0.00043680424421605927,
      0.00043700468516580653,
      0.00043646517721280246,
      0.00043638385373207043,
      0.00043627113090749357,
      0.0004358391284050656,
      0.00043566122283818015,
      0.00043569075625757097,
      0.00043594258063485924,
      0.000435781006006078,
      0.00043549506046192745,
      0.00043519669946965196,
      0.00043569823635191145,
      0.00043505932611059134,
      0.000435068855770457,
      0.0004345373952315307,
      0.00043458188556029764,
      0.0004346335739631888,
      0.0004346273268874682,
      0.00043425616204843554,
      0.0004341601997508969,
      0.00043384259579781916,
      0.00043369018026745654,
      0.0004336971258351081,
      0.0004338188175584229,
      0.0004337360315077322,
      0.00043353007476724367,
      0.00043319848129971767,
      0.00043274290059548866
    ]
  }
}