{
  "CNN-GRU-Attention-based": {
    "training_loss": [
      0.016020582033697738,
      0.00861440776516038
    ],
    "validation_loss": [
      0.0004930900783658447,
      0.00022185886849347556
    ]
  }
}