{
  "CNN-GRU-Attention-based": {
    "training_loss": [
      0.002133039862917927,
      0.001671173455121239
    ],
    "validation_loss": [
      0.0003646695706664252,
      0.0002124925529051164
    ]
  }
}