{
  "CNN-GRU-Attention-based": {
    "training_loss": [
      0.009139151066805408,
      0.005972180904540341
    ],
    "validation_loss": [
      0.00013512569765951945,
      0.00011175391412349977
    ]
  }
}