{
  "CNN-GRU-Attention-based": {
    "training_loss": [
      0.0010369175878428484,
      0.0008179507126736366
    ],
    "validation_loss": [
      0.00029861101018455763,
      0.0003342903926705303
    ]
  }
}