{
  "CNN-GRU-Attention-based": {
    "training_loss": [
      0.0015744995722111236,
      0.0012491957568530495
    ],
    "validation_loss": [
      0.0006862297020059951,
      0.0004366292545558713
    ]
  }
}