{
  "CNN-GRU-Attention-based": {
    "training_loss": [
      0.03637538842367236,
      0.012712078886917175
    ],
    "validation_loss": [
      0.0013034320931802404,
      0.0007832796108109731
    ]
  }
}