{
  "CNN-GRU-Attention-based": {
    "training_loss": [
      0.003980981245689969,
      0.003647581505128497
    ],
    "validation_loss": [
      0.0009668049475191333,
      0.0010514197052053525
    ]
  }
}