{
  "CNN-GRU-Attention-based": {
    "training_loss": [
      0.0045082794340479465,
      0.0032273441540033175
    ],
    "validation_loss": [
      0.0006054707557747238,
      0.0003116570854265439
    ]
  }
}