{
  "CNN-GRU-Attention-based": {
    "training_loss": [
      0.010747428567344511,
      0.006245944986452423
    ],
    "validation_loss": [
      0.0005649399339107045,
      0.0002808708043997748
    ]
  }
}