{
  "CNN-GRU-Attention-based": {
    "training_loss": [
      0.016426833057907264,
      0.014830209419760905
    ],
    "validation_loss": [
      0.000633253988114671,
      0.00023444948232614657
    ]
  }
}