{
  "CNN-Attention-BiGRU-based": {
    "training_loss": [
      4.206209925156605,
      3.871994465212279,
      3.6366395829599116,
      3.404740490490877,
      3.1789157149157945,
      2.9606624041931537,
      2.7504294160046157,
      2.5488152322889883,
      2.3563039604621596,
      2.1733506812325007,
      1.9999467647528346,
      1.8364368103727509,
      1.683140078677407,
      1.539919631390632,
      1.4072535249251354,
      1.2845987715298617,
      1.1724075999441026,
      1.0717178220990338,
      0.9811219656014745,
      0.9015608875057365,
      0.8329153981389879,
      0.775048406818245,
      0.7281224440924728,
      0.6920999016942857,
      0.6652633178083203,
      0.638196275958532,
      0.6103225403194186,
      0.583668243281449,
      0.5607554474963418,
      0.5418743061113961,
      0.523487155196033,
      0.5055803158615209,
      0.4896203883086579,
      0.4749211706692659,
      0.46093911083438727,
      0.44776776847960076,
      0.43543534490126595,
      0.4237359815006015,
      0.4126289305807669,
      0.4020401096042198,
      0.3919574459896812,
      0.38239567189276974,
      0.37331678293928316,
      0.36451523137997976,
      0.35621959650063817,
      0.3481134855294529
    ],
    "validation_loss": [
      0.12381104379892349,
      0.12381104379892349,
      0.12381104379892349,
      0.12381104379892349,
      0.12381104379892349,
      0.12381104379892349,
      0.12381104379892349,
      0.12381104379892349,
      0.12381104379892349,
      0.12381104379892349,
      0.12381104379892349,
      0.12381104379892349,
      0.12381104379892349,
      0.12381104379892349,
      0.12381104379892349,
      0.12381104379892349,
      0.12381104379892349,
      0.12381104379892349,
      0.12381104379892349,
      0.12381104379892349,
      0.12381104379892349,
      0.12381104379892349,
      0.12381104379892349,
      0.12381104379892349,
      0.12381104379892349,
      0.12381104379892349,
      0.12381104379892349,
      0.12381104379892349,
      0.12381104379892349,
      0.12381104379892349,
      0.12381104379892349,
      0.12381104379892349,
      0.12381104379892349,
      0.12381104379892349,
      0.12381104379892349,
      0.12381104379892349,
      0.12381104379892349,
      0.12381104379892349,
      0.12381104379892349,
      0.12381104379892349,
      0.12381104379892349,
      0.12381104379892349,
      0.12381104379892349,
      0.12381104379892349,
      0.12381104379892349,
      0.12381104379892349
    ]
  }
}