{
  "CNN-Attention-BiGRU-based": {
    "training_loss": [
      4.198118953381554,
      3.886468329672086,
      3.638528646048853,
      3.3951776229729087,
      3.1625752489445573,
      2.9372348664170604,
      2.721096289359917,
      2.51392423500449,
      2.3163590875722595,
      2.1277376029451016,
      1.9494674609879317,
      1.7807985665434498,
      1.6229351375062586,
      1.4749722925283142,
      1.3378979068691448,
      1.2115424790624845,
      1.0951459508831218,
      0.9910209148617114,
      0.8969597846774732,
      0.8139864620515855,
      0.7423402131614039,
      0.6816573365259979,
      0.6321713591026048,
      0.5938031380459413,
      0.5646858518406496,
      0.5352900796017405,
      0.5052279648134264,
      0.4763066445366811,
      0.451656540571633,
      0.4310553245625253,
      0.41147242764295155,
      0.39236369729042053,
      0.3752872095269672,
      0.35948260507341157,
      0.3447709209838156,
      0.3311409662335606,
      0.31828086254960397,
      0.3058010213455911,
      0.29445239446930965,
      0.28345190165406564,
      0.27334206437660474,
      0.2637326838606495,
      0.25488108143968097,
      0.246341795739481,
      0.2382671757269714,
      0.23069075861219632,
      0.2232943169646344,
      0.2164921452433376,
      0.2099408297720602,
      0.20366551259816704,
      0.197938985238641,
      0.192667767658072,
      0.18708776594218562,
      0.1822362855329352,
      0.17742324557344794,
      0.17257910259699416,
      0.16827608064069585,
      0.16387964355743537,
      0.16004502924822145,
      0.1561293167583013,
      0.15262708977117376,
      0.1491971450336909,
      0.145978695760339,
      0.14261569865679335,
      0.13966011950525187,
      0.13670513286428937,
      0.13407798465025628,
      0.13121378497552064,
      0.12883979890306116,
      0.12660528542631763,
      0.12414309887562767,
      0.1222841497194969,
      0.12026113776837365,
      0.11799708766452337,
      0.11608043868662947,
      0.11430185502868588
    ],
    "validation_loss": [
      0.10702983289957047,
      0.10367318987846375,
      0.10226869583129883,
      0.09796266257762909,
      0.0963846817612648,
      0.09410131722688675,
      0.09261016547679901,
      0.09068239480257034,
      0.09013734012842178,
      0.08807056397199631,
      0.08678307384252548,
      0.08435074239969254,
      0.08391254395246506,
      0.08353281021118164,
      0.0810064971446991,
      0.08153306692838669,
      0.07915437966585159,
      0.08026862144470215,
      0.07867431640625,
      0.07901717722415924,
      0.07865716516971588,
      0.0781126469373703,
      0.07838819921016693,
      0.0784938782453537,
      0.07865827530622482,
      0.07825217396020889,
      0.07857605814933777,
      0.07788323611021042,
      0.0789482444524765,
      0.07899423688650131,
      0.07767403870820999,
      0.07780488580465317,
      0.0787045955657959,
      0.07919292151927948,
      0.07968799024820328,
      0.07812849432229996,
      0.08041110634803772,
      0.07936215400695801,
      0.07988343387842178,
      0.07832422852516174,
      0.07971445471048355,
      0.07933522760868073,
      0.07937223464250565,
      0.07986555248498917,
      0.07935473322868347,
      0.08050048351287842,
      0.08029361069202423,
      0.07866813242435455,
      0.08094457536935806,
      0.08004172891378403,
      0.08014432340860367,
      0.07970969378948212,
      0.07894368469715118,
      0.08109131455421448,
      0.08127471804618835,
      0.07923277467489243,
      0.0820600688457489,
      0.08104418218135834,
      0.08291303366422653,
      0.08140075951814651,
      0.08178162574768066,
      0.08153354376554489,
      0.08130642771720886,
      0.083070769906044,
      0.08400615304708481,
      0.08164288103580475,
      0.08348007500171661,
      0.08556430786848068,
      0.08301644027233124,
      0.08370037376880646,
      0.08394668996334076,
      0.0847158133983612,
      0.08478324860334396,
      0.08311336487531662,
      0.08255932480096817,
      0.08289065212011337
    ]
  }
}