{
  "CNN-Attention-BiGRU-based": {
    "training_loss": [
      4.147574457209161,
      3.8510454401056817,
      3.5784207202018576,
      3.314248597368281,
      3.0604272243824413,
      2.8166739139151065,
      2.582858082588683,
      2.3596986872084598,
      2.147703530940604,
      1.9469618066828303,
      1.757089907057742,
      1.5784047111551813,
      1.4115825982803993,
      1.2563694198080835,
      1.112972644542126,
      0.9811126960084794,
      0.861059332908468,
      0.7542838789047079,
      0.6588781049911012,
      0.5760163134716927,
      0.505699338431054,
      0.4471449178584079,
      0.40128710498201087,
      0.3673794140207007,
      0.3439338010676364,
      0.3199351167425196,
      0.29423489418435606,
      0.27033761371957493,
      0.2509185293253432,
      0.23601572481875724,
      0.22161628312252937,
      0.20820076636811521,
      0.19696893761766718,
      0.18679504895463903,
      0.177988519440306,
      0.1692788820951543,
      0.16140611006858502,
      0.15462829749634927,
      0.14817511800755845,
      0.14234646463647802,
      0.13717153421107758,
      0.13230415531929504,
      0.12788530537422668,
      0.124294169595901,
      0.12062265574932099,
      0.11702933384382978,
      0.1137800303545404,
      0.11067687288877812,
      0.10777467115128293,
      0.10501246981798334,
      0.10244411356905674,
      0.10063238023443424,
      0.09848082744060678,
      0.09637206567728773,
      0.09464777175416338,
      0.0929563728418756,
      0.0914538950362104,
      0.08987468398631887,
      0.08855265638929732,
      0.08744371936042258,
      0.08579838111045512,
      0.08472382343829947,
      0.08353259214695463,
      0.08248298478887436,
      0.0815365066236638,
      0.08042406490508547,
      0.07983096834826976,
      0.07886181546652571,
      0.07780333884218905,
      0.0767121840981727,
      0.07595315908497953,
      0.07536426414834692,
      0.07479068218393528,
      0.07421628319202585,
      0.07375160747386039,
      0.07310366586167762,
      0.07316278155813825,
      0.07232024501612846,
      0.07201654980791376,
      0.07134921804387519,
      0.07062439763165534,
      0.07037618461441486,
      0.0705136294060565,
      0.06971028592992336,
      0.06963432529505263
    ],
    "validation_loss": [
      0.09753398597240448,
      0.09775660932064056,
      0.09554233402013779,
      0.09056936949491501,
      0.08567950129508972,
      0.082384392619133,
      0.08026328682899475,
      0.076917864382267,
      0.07411044090986252,
      0.07207212597131729,
      0.0701712816953659,
      0.0688217431306839,
      0.0668729916214943,
      0.0664953663945198,
      0.06506245583295822,
      0.06296893954277039,
      0.06236812472343445,
      0.062082961201667786,
      0.061446551233530045,
      0.06099395081400871,
      0.060900695621967316,
      0.06041696295142174,
      0.060499150305986404,
      0.0586189329624176,
      0.057200897485017776,
      0.05861012265086174,
      0.061878398060798645,
      0.05990736931562424,
      0.05975153669714928,
      0.05882704630494118,
      0.05739156901836395,
      0.06230790168046951,
      0.05946417897939682,
      0.0575949028134346,
      0.05702681466937065,
      0.05819007754325867,
      0.05717289820313454,
      0.059123143553733826,
      0.059534113854169846,
      0.05619087815284729,
      0.05983249843120575,
      0.06143520772457123,
      0.058834780007600784,
      0.05779425427317619,
      0.061136696487665176,
      0.06101413071155548,
      0.0596502423286438,
      0.06299950182437897,
      0.05953097343444824,
      0.06170506775379181,
      0.06470333784818649,
      0.06140339747071266,
      0.061175599694252014,
      0.06416266411542892,
      0.0614844411611557,
      0.06082981824874878,
      0.060194190591573715,
      0.06015609949827194,
      0.059097182005643845,
      0.06155615299940109,
      0.058557599782943726,
      0.05948323756456375,
      0.0628475546836853,
      0.061266299337148666,
      0.06385987251996994,
      0.05998918414115906,
      0.06020599976181984,
      0.06422454118728638,
      0.06352970749139786,
      0.06435278803110123,
      0.06446672230958939,
      0.06437855958938599,
      0.06330493837594986,
      0.06360912322998047,
      0.061626583337783813,
      0.06338056921958923,
      0.06655841320753098,
      0.059336770325899124,
      0.060437168926000595,
      0.06345495581626892,
      0.06358176469802856,
      0.062428850680589676,
      0.06493736803531647,
      0.06222189962863922,
      0.06440386176109314
    ]
  }
}