{
  "CNN-LSTM-based": {
    "MSE": 0.006321,
    "MAE": 0.062567,
    "RMSE": 0.079503,
    "MAPE": 0.305745
  }
}