{
  "CNN-LSTM-based": {
    "MSE": 0.005658,
    "MAE": 0.056738,
    "RMSE": 0.075215,
    "MAPE": 0.222769
  }
}