{
  "CNN-LSTM-based": {
    "MSE": 0.006041,
    "MAE": 0.059302,
    "RMSE": 0.077714,
    "MAPE": 0.265791
  }
}