{
  "CNN-LSTM-based": {
    "MSE": 0.007307,
    "MAE": 0.065824,
    "RMSE": 0.085469,
    "MAPE": 0.269016
  }
}