{
  "CNN-LSTM-based": {
    "MSE": 0.006592,
    "MAE": 0.062898,
    "RMSE": 0.081182,
    "MAPE": 0.304578
  }
}