{
  "CNN-LSTM-based": {
    "MSE": 0.006909,
    "MAE": 0.065007,
    "RMSE": 0.083072,
    "MAPE": 0.342954
  }
}