{
  "CNN-LSTM-based": {
    "MSE": 0.006746,
    "MAE": 0.064524,
    "RMSE": 0.082078,
    "MAPE": 0.337284
  }
}