{
  "CNN-BiLSTM-Attention-based": {
    "training_loss": [
      0.4024623888363523,
      0.11514353360223312,
      0.05397939193337361,
      0.04132905541045675,
      0.036003320117509154,
      0.03289261673445596,
      0.030950860039318396,
      0.029534463487666508,
      0.028424027425151075,
      0.027354555859327785,
      0.02669876512705263,
      0.02620182149348415,
      0.025682077547238027,
      0.02524927100244051,
      0.024893911238995946,
      0.024510608930230323,
      0.024161098645059338,
      0.02393956058733996,
      0.02368328213458779,
      0.023486733360026255,
      0.023239167211280023,
      0.023065093574067313,
      0.02290846299458251,
      0.022779637461452437,
      0.022661633551720194,
      0.022459043688326095,
      0.022414393889973086,
      0.0222837023231782,
      0.022170062519359077,
      0.021989785868203764,
      0.021969078314723955,
      0.02193791055086728,
      0.02186310324194028,
      0.021765817679174872,
      0.02175930658111835,
      0.0215723586000362,
      0.021632522108806212,
      0.021481163550134068,
      0.02144476835696156,
      0.02141241281027415,
      0.021336334948902393,
      0.021170700855869157,
      0.021291361431048383,
      0.021143468908043632,
      0.021054889970130414,
      0.020992993884958136,
      0.020866530287276204,
      0.02089516649728826,
      0.0207705593614578,
      0.02066655761542334,
      0.020644159574235925,
      0.020507350244738935,
      0.020437736753219592,
      0.020403936635629547,
      0.020326816826280177,
      0.020096159343834546,
      0.020101490374336898,
      0.01989476583249766,
      0.019972163329497923,
      0.019813934732823064,
      0.019695528001032987,
      0.019738367389338634,
      0.01961562780734228,
      0.019428906764364366,
      0.01926316881807261,
      0.01902395091253725,
      0.019042946789601015,
      0.01895687328411285,
      0.018758853730897508,
      0.01860843310120406,
      0.01858270697207705,
      0.018498356412130254,
      0.018310685498313346,
      0.018282969691556485
    ],
    "validation_loss": [
      0.03369391894528082,
      0.010941298567800671,
      0.01001136246547624,
      0.009541132161719399,
      0.00926868960105039,
      0.009032183111860203,
      0.008910107830135556,
      0.008811924932198924,
      0.00874679378670204,
      0.008615006334506549,
      0.008501248251829114,
      0.008363028284865659,
      0.008276954514684376,
      0.008099161068928409,
      0.007899789641109796,
      0.007848562132176403,
      0.007744618027203983,
      0.0076121495437476185,
      0.007583445179035197,
      0.007507584663433629,
      0.007478922312440989,
      0.00747971789637854,
      0.0074336318025639,
      0.007338045659911382,
      0.007369401539070206,
      0.007319692144548143,
      0.007276298999265358,
      0.007244809921440128,
      0.007255917349895397,
      0.007189380597661842,
      0.00717348490118772,
      0.007175177778605815,
      0.007136101821450504,
      0.006991856210454777,
      0.007131489710165904,
      0.006981604009658307,
      0.007013963756861387,
      0.006941494707773615,
      0.0070369971811875594,
      0.006977878081110807,
      0.0069948376149876965,
      0.006830310989562031,
      0.006899745776676214,
      0.006789834935452555,
      0.006859103315412164,
      0.006831092538533511,
      0.0068677971009295305,
      0.007116064230644411,
      0.007083609000082825,
      0.007206854452802377,
      0.007382277930090269,
      0.0074060886635907465,
      0.007015536480641865,
      0.007333512818505922,
      0.007429299928195827,
      0.008132903484979293,
      0.008133815318163666,
      0.007759036606998293,
      0.00770875400296979,
      0.007553589621467607,
      0.007872888421105754,
      0.008439019211678655,
      0.007721197596015213,
      0.007945590392015613,
      0.007896841881418978,
      0.00767479629184191,
      0.007660521943304506,
      0.0077667685707549115,
      0.007685005710414657,
      0.008115716044094178,
      0.008077922446483915,
      0.009388044808659103,
      0.010516502041291525,
      0.008138300349506048
    ]
  }
}