{
  "CNN-BiLSTM-Attention-based": {
    "training_loss": [
      0.40573632284307937,
      0.17537625588326733,
      0.09969505040612225,
      0.07412098753587884,
      0.06034560197164172,
      0.051435040435505244,
      0.045533186554817494,
      0.0411940089191456,
      0.03796967881310435,
      0.03549595643894149,
      0.03364310884719498,
      0.03198128898097618,
      0.03064018445723378,
      0.029478436736805544,
      0.02862419369561257,
      0.027797365689866915,
      0.02701645417013454,
      0.026353768961160255,
      0.02569005032634641,
      0.02511128906261629,
      0.024597913210955714,
      0.024052276804860703,
      0.02348948564227224,
      0.023005746821575485,
      0.022401142739939355,
      0.021821612845829258,
      0.021238624778260867,
      0.020780390113826812,
      0.020215024836752516,
      0.019743518286229014,
      0.019461606108532176,
      0.01881996059361666,
      0.018515588592636877,
      0.018433688988229578,
      0.017981505903072348,
      0.017716397550885915,
      0.01721045779339702,
      0.016823275410753534,
      0.016261203804445287,
      0.01606894250916788,
      0.01611603652424491,
      0.015561314967028268,
      0.015980873732768124,
      0.01621794127977322,
      0.016839129268497306,
      0.01706334511315155,
      0.01645726856896988,
      0.015414402711800806,
      0.014620922825259277
    ],
    "validation_loss": [
      0.012575495857875664,
      0.00983355582489834,
      0.008944310840557922,
      0.00839017986782364,
      0.008112289656240206,
      0.007962512633913047,
      0.007839951227855432,
      0.007741644581245793,
      0.007623347531925965,
      0.00755598138158138,
      0.007533902126540254,
      0.007516627747018437,
      0.007482194185413264,
      0.007311935236977114,
      0.007311821472342614,
      0.007264444005343464,
      0.007239683589839435,
      0.0072529428814361975,
      0.007102293750414481,
      0.007267330740611037,
      0.007320748114554615,
      0.007562729041580554,
      0.008349967430104743,
      0.008327794339429666,
      0.009639973687073151,
      0.012836957923494853,
      0.01401214231248502,
      0.013911865768836929,
      0.01159547717421205,
      0.008836430119728293,
      0.012021584501424869,
      0.011450961127981439,
      0.023969011993466557,
      0.02744268149241701,
      0.016619639249739946,
      0.02404876108040343,
      0.017684223052192402,
      0.012052266838979888,
      0.007791482263824323,
      0.013011986845648372,
      0.009343190652715576,
      0.01881626579858415,
      0.007642274351230451,
      0.007205649787052112,
      0.024616423212773315,
      0.0260795959746921,
      0.036858346756104825,
      0.026978622262294475,
      0.013609743279802215
    ]
  }
}