{
  "CNN-BiLSTM-Attention-based": {
    "training_loss": [
      0.4041065261322247,
      0.17025957000920758,
      0.09394104073488478,
      0.0690854936153414,
      0.056077171421937924,
      0.047884915431623126,
      0.042482685728133115,
      0.03861732180729606,
      0.03586989674285152,
      0.033588794770465114,
      0.03188376930792953,
      0.030403717801268305,
      0.029218371909445956,
      0.02818818217473557,
      0.02722432395724551,
      0.0265157564170251,
      0.025864241538769046,
      0.02524014649998307,
      0.02460190329692557,
      0.024099629529684585,
      0.02368349129868023,
      0.023214791753457725,
      0.022785507172297204,
      0.022342582704413774,
      0.021941309475240093,
      0.021494128489846474,
      0.02105747979435931,
      0.020534774423852008,
      0.02002197429863838,
      0.019515842368064095,
      0.019015982926006,
      0.018590029299715677,
      0.018155377574216095,
      0.017620371187541888,
      0.017169028527920564,
      0.01685720404499991,
      0.01644095439439399,
      0.01621556805622004,
      0.016186112200503016,
      0.016327323956940837,
      0.016507996075442243,
      0.0161063297890143,
      0.01539480005201417,
      0.015284112650142978,
      0.015427644362090322,
      0.014744005941620801,
      0.014416894900329264,
      0.014671014402575252,
      0.01477462742355381
    ],
    "validation_loss": [
      0.012835478839965967,
      0.009564816515397775,
      0.008823012425140902,
      0.008535250962770486,
      0.008343211297023962,
      0.008196505125273357,
      0.008039300557929318,
      0.007920208647586666,
      0.007856140981291558,
      0.007773821600354635,
      0.007665915141155669,
      0.007661766769898521,
      0.007591398185366517,
      0.00757985379077963,
      0.0075326850768048445,
      0.0076131109682309045,
      0.007481777682327307,
      0.007448465511254914,
      0.007318391249730037,
      0.007353606868300821,
      0.007352944163905157,
      0.007832525174257221,
      0.007499482932051162,
      0.008123128186468478,
      0.007816728191463264,
      0.007571657754845552,
      0.007645749317651445,
      0.007615846855292371,
      0.008740697420768804,
      0.007960540183878446,
      0.00878470310928313,
      0.007783120055194501,
      0.010005439540462477,
      0.008064665916291151,
      0.008270421469180318,
      0.016512616778482925,
      0.02175871819466144,
      0.034495023554646884,
      0.047980615100660526,
      0.013019001489127432,
      0.06899548155236078,
      0.02014734188967443,
      0.027397912334312092,
      0.009691047202144469,
      0.03698248255971845,
      0.01103466556414024,
      0.026876798902566616,
      0.007572897866211988,
      0.05767358516479706
    ]
  }
}