{
  "CNN-BiLSTM-Attention-based": {
    "training_loss": [
      0.4155675517802898,
      0.1649689797814381,
      0.08416928163682308,
      0.06242003304893624,
      0.051428981895204604,
      0.0446290936184013,
      0.040141021783892616,
      0.03683232189516574,
      0.03444666199177347,
      0.0323609591326342,
      0.030881656676322065,
      0.029501197236588457,
      0.028585586034661836,
      0.027722909648604233,
      0.026897814281402244,
      0.026238647571743684,
      0.025691639253585852,
      0.02521028271476671,
      0.024677741212440873,
      0.024240557450129145,
      0.023947943765311234,
      0.023396358719248906,
      0.023121943110159734,
      0.022727130091832314,
      0.022398203839719192,
      0.022096210803621286,
      0.021604814555254585,
      0.021286734314586466,
      0.020744311719506508,
      0.020380279227060424,
      0.019976387986172833,
      0.019471877986881655,
      0.018887163210014327,
      0.018343380660523257,
      0.018194555371817064,
      0.017804442939141376,
      0.017511355157308738,
      0.017426414203205377,
      0.017494399545815383,
      0.017298951868992135,
      0.016563035208477447,
      0.016328550258654637,
      0.016327293031896267
    ],
    "validation_loss": [
      0.031110363432785847,
      0.01007205311703932,
      0.009216394881112176,
      0.008850452346870532,
      0.00857721580439931,
      0.008399513263541918,
      0.008290094557915118,
      0.008219769849748045,
      0.008176992035151778,
      0.008193806601831546,
      0.00812561761822317,
      0.008164838783547177,
      0.008101902934690038,
      0.008503491690681948,
      0.00885821765588297,
      0.00957527827028628,
      0.00985296830613088,
      0.010039322638324091,
      0.010697400321128902,
      0.01030743107121516,
      0.011197437239172575,
      0.009426288502095462,
      0.010440675847857565,
      0.009024119258604267,
      0.008778531937957643,
      0.009157300190804721,
      0.009625828440685373,
      0.008306050640563448,
      0.009129754977522197,
      0.008493671734276767,
      0.014082055903606481,
      0.008529568455748624,
      0.008518012390322202,
      0.012741709570888873,
      0.01214038989656455,
      0.027949444519785736,
      0.0591393062857898,
      0.03553843391420958,
      0.01884539933367209,
      0.01300011917792417,
      0.0141455652192235,
      0.03681127426142876,
      0.009605942261437853
    ]
  }
}