{
  "CNN-BiLSTM-Attention-based": {
    "training_loss": [
      0.4085736803116243,
      0.16221370425901321,
      0.08483415700684609,
      0.0625091675411025,
      0.051453731209692675,
      0.04472795291905807,
      0.04024021588527091,
      0.03707031740118912,
      0.0346894771510394,
      0.03274875539081542,
      0.03129351221671447,
      0.02999845431671918,
      0.029075741067554846,
      0.028211588317513674,
      0.0274613042615883,
      0.02685523123254283,
      0.026307051496924694,
      0.025790574228249027,
      0.025292569227797435,
      0.024966761211911177,
      0.024555676093522546,
      0.02425561396863824,
      0.023886482397830613,
      0.02367885244274014,
      0.023336744069804967,
      0.02312809703128835,
      0.022790013377429832,
      0.022614493099262483,
      0.022328380247174807,
      0.022105175639379453,
      0.021862586483516053,
      0.021580687432658452,
      0.021332327088734542,
      0.021034293158321032,
      0.020757355426065133,
      0.020475029323403508,
      0.02009049395636364,
      0.019797792099089762,
      0.0193429858285826,
      0.01908855438624214,
      0.01883674171034126,
      0.018451323193203296,
      0.018239287536274594,
      0.018061092995126763,
      0.017662246062646405,
      0.01737270242633342,
      0.01718547241558222,
      0.01710877378898086,
      0.01682429197819791,
      0.016662966913815448,
      0.016723964384558636,
      0.01656046941285458,
      0.016257972997677735,
      0.016343134417019844,
      0.01651687501202436,
      0.016736929904829504,
      0.017278066135969057,
      0.016370289901060875,
      0.01625374250120494,
      0.01602260584271236,
      0.01565146232211569,
      0.015556789534680683,
      0.015586802912231185,
      0.015753975670252527,
      0.015717134785680893,
      0.015500322885413007,
      0.015441139394337415,
      0.015516042052282512,
      0.015465293157156834,
      0.015495219006709996,
      0.015391624701600342,
      0.015517708194082134,
      0.01572386118257704,
      0.015435699606926477,
      0.015350187660948316,
      0.015488571473491182,
      0.015260729588581271,
      0.015215108682067638,
      0.015380303085660015,
      0.015419722979563458
    ],
    "validation_loss": [
      0.02427583801741149,
      0.011008856255371914,
      0.0103185125210709,
      0.01000944591386671,
      0.009819541271652002,
      0.009693930387144644,
      0.0095695894009282,
      0.00948012521206654,
      0.009522424433412986,
      0.009332381728742983,
      0.009569159240809297,
      0.009745329143821984,
      0.009718300626269051,
      0.009737564479172126,
      0.009758528703644272,
      0.010029181616214446,
      0.009871633121525239,
      0.009820722691036251,
      0.00997536758453489,
      0.009728007320308122,
      0.010037223982988432,
      0.009653298981853103,
      0.009321756551658731,
      0.00920125517028591,
      0.008767098744584152,
      0.008984616252996562,
      0.008934465416375997,
      0.008498321120968112,
      0.008613230944358322,
      0.008482740332426311,
      0.008859719735310917,
      0.009010893446042638,
      0.010110703321424967,
      0.012052595067358268,
      0.010337067692949977,
      0.00889373880740901,
      0.009276871691782504,
      0.008999409209512787,
      0.010961831265150353,
      0.009550633907135439,
      0.011818803713090992,
      0.008770066595615104,
      0.008375724294792124,
      0.00927450489611634,
      0.009354282157485832,
      0.021195105582005925,
      0.017623558689411175,
      0.012983270309173916,
      0.008017279313723907,
      0.0074036081130706075,
      0.00951152214790236,
      0.013061268476935693,
      0.021288339939170668,
      0.04918014284242891,
      0.007630659756617663,
      0.10316972854676054,
      0.023689606169894364,
      0.023068233538295048,
      0.023179851071142482,
      0.010414592135573645,
      0.02339395581893036,
      0.009497273693777843,
      0.015093330579325426,
      0.03573206846721327,
      0.008491140682635186,
      0.03414585338269349,
      0.013252608752083653,
      0.02806939667452864,
      0.03028237826848197,
      0.014716991225025908,
      0.04687577198975558,
      0.02266737551880175,
      0.013283542678699602,
      0.033172230241125394,
      0.008673950382255527,
      0.012427383792405579,
      0.015017815430089178,
      0.018240999254265935,
      0.02490399543672226,
      0.008415336123685599
    ]
  }
}