{
  "CNN-BiGRU-Attention-based": {
    "MSE": 0.055806,
    "MAE": 0.20207,
    "RMSE": 0.236215,
    "MAPE": 0.378983
  }
}