{
  "LSTM-Attention-based": {
    "MSE": 0.098504,
    "MAE": 0.263616,
    "RMSE": 0.313853,
    "MAPE": 1321817217087.576
  }
}