{"num_cnn_layers": 3, "num_lstm_layers": 2, "filters": 64, "kernel_size": 2, "lstm_units": 150, "dropout": 0.30000000000000004, "activation": "ReLU", "lr": 0.000927249679455002, "optimizer": "SGD"}