{
  "CNN-Attention-BiGRU-based": {
    "training_loss": [
      4.02402324716333,
      3.5529886964467474,
      3.118245966499185,
      2.7142760629196006,
      2.3412304701038593,
      1.9980469882363816,
      1.6853755269518476,
      1.404362395810185,
      1.1555086369305414,
      0.9386803628507387,
      0.7559073324741052,
      0.6061219609107255,
      0.4900666730388968,
      0.4083066827195671,
      0.3593606315475416,
      0.3204049869345225,
      0.28169029111155386,
      0.2513266865296254,
      0.226620436523553,
      0.20496121241802462,
      0.18704736966927515,
      0.17144758713145844,
      0.15824611348125284,
      0.14739285776535505,
      0.13815946671684,
      0.1298242131080906,
      0.12248611996156437,
      0.11758666435773786,
      0.11171583374009501,
      0.10615977497153092,
      0.10133180124899042,
      0.0982720694331635,
      0.09555936419640304,
      0.09263158476054047,
      0.08931511397899317,
      0.08579632655439397,
      0.08329218433147184,
      0.08163582902238364,
      0.07939102094706016,
      0.07691006877290431,
      0.07564718895329314,
      0.07466222090736063,
      0.07349305285728053,
      0.07160582006102066,
      0.07129530414223421,
      0.07089113472087896,
      0.07006877828739382,
      0.06824183910462951,
      0.0667305745199976,
      0.06577817271298307,
      0.06458814258615259,
      0.06316875936249601,
      0.06251919201899919,
      0.0627090883419882,
      0.0628127136378547,
      0.06150806598785277,
      0.06121582062701094,
      0.06012908209869657
    ],
    "validation_loss": [
      0.059230244159698485,
      0.04244935065507889,
      0.037253177165985106,
      0.028978916257619856,
      0.026865622401237486,
      0.021566902101039887,
      0.019011398404836656,
      0.014655352383852006,
      0.01212785132229328,
      0.011335662379860879,
      0.00950903668999672,
      0.009558010101318359,
      0.008895015344023705,
      0.009916305541992188,
      0.01101199835538864,
      0.01483505666255951,
      0.010942472144961357,
      0.010454825684428215,
      0.010562573000788689,
      0.010053692758083344,
      0.009560948982834817,
      0.009839360788464546,
      0.01134796179831028,
      0.011271846294403077,
      0.009688673913478852,
      0.011183670163154602,
      0.014835947006940842,
      0.010878985002636909,
      0.011503567546606063,
      0.0111394751816988,
      0.013776804506778716,
      0.010233908891677856,
      0.011548053473234177,
      0.011231048405170441,
      0.00986490473151207,
      0.011812235414981841,
      0.01315782219171524,
      0.010630158334970474,
      0.011131650954484939,
      0.012256258726119995,
      0.011466984450817109,
      0.011412681639194488,
      0.011297232657670974,
      0.01256529986858368,
      0.013314670324325562,
      0.013170606270432473,
      0.010109074041247368,
      0.010014725849032402,
      0.01242349185049534,
      0.009670481458306313,
      0.010160475224256515,
      0.01148349530994892,
      0.012596001848578453,
      0.010910110175609588,
      0.012353737279772759,
      0.010651364549994468,
      0.010648147016763688,
      0.011392987519502639
    ]
  }
}