{
  "CNN-Based": {
    "MSE": 0.020404,
    "MAE": 0.111265,
    "RMSE": 0.142843,
    "MAPE": 3184662359927.699
  }
}