{
  "CNN-Based": {
    "MSE": 0.027296,
    "MAE": 0.130687,
    "RMSE": 0.165216,
    "MAPE": 0.269265
  }
}