{
  "CNN-Based": {
    "MSE": 0.025958,
    "MAE": 0.12853,
    "RMSE": 0.161104,
    "MAPE": 0.261343
  }
}