{
  "CNN-Based": {
    "MSE": 0.017855,
    "MAE": 0.10621,
    "RMSE": 0.133561,
    "MAPE": 2815421231067.2627
  }
}