{
  "CNN-Based": {
    "MSE": 0.038803,
    "MAE": 0.159947,
    "RMSE": 0.196709,
    "MAPE": 0.300065
  }
}