{
  "CNN-Based": {
    "MSE": 0.017991,
    "MAE": 0.10754,
    "RMSE": 0.134014,
    "MAPE": 2934310495650.865
  }
}