{
  "CNN-Based": {
    "MSE": 0.018398,
    "MAE": 0.108238,
    "RMSE": 0.135533,
    "MAPE": 3251709673472.699
  }
}