{
  "CNN-Based": {
    "MSE": 0.029784,
    "MAE": 0.138954,
    "RMSE": 0.172416,
    "MAPE": 0.271272
  }
}