{
  "CNN-Based": {
    "MSE": 0.032417,
    "MAE": 0.143228,
    "RMSE": 0.179858,
    "MAPE": 0.277148
  }
}