{
  "CNN-Based": {
    "MSE": 0.019571,
    "MAE": 0.111491,
    "RMSE": 0.139738,
    "MAPE": 3820287853652.0063
  }
}