{
  "CNN-Based": {
    "MSE": 0.037118,
    "MAE": 0.156547,
    "RMSE": 0.192225,
    "MAPE": 0.301206
  }
}