{
  "CNN-Based": {
    "MSE": 0.020075,
    "MAE": 0.113984,
    "RMSE": 0.141491,
    "MAPE": 3737684530135.761
  }
}