{
  "CNN-Based": {
    "MSE": 0.035006,
    "MAE": 0.151058,
    "RMSE": 0.186793,
    "MAPE": 0.294981
  }
}