{
  "CNN-Based": {
    "MSE": 0.020702,
    "MAE": 0.115595,
    "RMSE": 0.143727,
    "MAPE": 3726075241433.868
  }
}