{
  "CNN-Based": {
    "training_loss": [
      0.11346142622236591,
      0.1049881693274302,
      0.09647718871512063,
      0.0969041851235599,
      0.09508675534135373,
      0.10065708436617037,
      0.09068595553109039,
      0.08661603995108853,
      0.08798757641988349,
      0.09064756193642833,
      0.0795282832888776,
      0.08875310732512524,
      0.08477468503061487,
      0.08076344028063352,
      0.08296331345308118,
      0.08350590925391127,
      0.08314939082084218,
      0.08032264038660801,
      0.08496112690570047,
      0.08753997035558216,
      0.07970697035565194,
      0.07725211689800336,
      0.08664627840502337,
      0.08765449792873568,
      0.08116547397308649,
      0.0849651558006682,
      0.08109158781139693,
      0.0778575291928514,
      0.07263459031590186,
      0.07724980843814823,
      0.08006263654094956,
      0.08178427685636261,
      0.07798537757338547,
      0.08286350742242062,
      0.07616562593585523,
      0.07968247731180557,
      0.08159926684268261,
      0.0765687188828033,
      0.08159444115095438,
      0.08323081105116768,
      0.08025664625890579,
      0.07849840902908338,
      0.0793686419829259,
      0.07781863726597629,
      0.07864562011865789,
      0.07807324458082379,
      0.08295138746188492,
      0.07932778930726367,
      0.07504877712876123,
      0.07201697877267511,
      0.08104463357750963,
      0.08151440312015056,
      0.07596531629770059,
      0.07541016341294146,
      0.07480522564479283,
      0.07578253743436694,
      0.07900552228352749,
      0.07462052938622464
    ],
    "validation_loss": [
      0.263698935508728,
      0.2198294980658425,
      0.17187078959412044,
      0.1240913247068723,
      0.0795828356511063,
      0.04405419569876459,
      0.02219406794756651,
      0.016278543354322512,
      0.02324029513531261,
      0.036289784850345716,
      0.04941971517271466,
      0.05956105184223917,
      0.0649762869709068,
      0.06727161217066976,
      0.06616606397761239,
      0.06182868075039652,
      0.056957492811812296,
      0.05275418609380722,
      0.048836554090181984,
      0.045204404534565076,
      0.04178199420372645,
      0.03834419656131002,
      0.03528620530333784,
      0.03220325460036596,
      0.02970166876912117,
      0.027924581327372126,
      0.026722375510467425,
      0.02577144942349858,
      0.025167389669352107,
      0.02509319471816222,
      0.024934452441003587,
      0.024285227060317993,
      0.02345407950795359,
      0.022980120550427172,
      0.022202802097631827,
      0.0216981317434046,
      0.021244777987400692,
      0.021228414960205555,
      0.0203868444595072,
      0.01947828320165475,
      0.01886135194864538,
      0.018600394535395835,
      0.01821971715738376,
      0.018298594177597098,
      0.0180557318445709,
      0.017803860621319875,
      0.017867857900758583,
      0.018326295539736748,
      0.018333629601531558,
      0.01769145650582181,
      0.017249389241139095,
      0.017045774962753057,
      0.017006792335046664,
      0.01684229789922635,
      0.016888272017240524,
      0.016892617671853967,
      0.016785878739837144,
      0.016513560484680865
    ]
  }
}