{
  "CNN-Based": {
    "training_loss": [
      0.6282755614157753,
      0.5838798296991541,
      0.5538248851739571,
      0.49299138306740686,
      0.4687669393492908,
      0.43183151998586355,
      0.3968939318058798,
      0.37150591435332747,
      0.34830281398022217,
      0.3311236072915772,
      0.29969582055088534,
      0.2696292591427261,
      0.2516542837179496,
      0.22780920373022764,
      0.21417041709614132,
      0.2024852059236387,
      0.19372747828113077,
      0.17873219823795744,
      0.17044444387382746,
      0.15873868929592158,
      0.1409263487788443,
      0.13004056122867902,
      0.14055093084478212,
      0.12123807729952012,
      0.1134240491257312,
      0.11896540847597221,
      0.10646744503376791,
      0.10561372178772185,
      0.1061894674022854,
      0.09958871882343957,
      0.09912069271665833,
      0.0919254552248463,
      0.09203527888562206,
      0.08754858828899337,
      0.0873610005301881,
      0.09256929237045063,
      0.09843823806957086,
      0.08996125993412961,
      0.0860824098985785,
      0.08039586866462688,
      0.08663238195592103,
      0.07769669654685031,
      0.08387204781434261,
      0.08172001580639583,
      0.08168269792500274,
      0.08090965839213195,
      0.0919306048221289,
      0.0813608525729761,
      0.0817144806740176,
      0.08491040631246069,
      0.08832637937122936,
      0.0817044031536953,
      0.08527918645417648,
      0.07653475389247988,
      0.08937312641833302,
      0.08874936391459941,
      0.08480512426082265,
      0.08279900756447157,
      0.08939532271037949,
      0.0828521170682608,
      0.08178932539054326,
      0.07872826613823296,
      0.07953452809554774,
      0.08311897874501524,
      0.07905438550154091,
      0.07849444443755864,
      0.08650326100583691,
      0.07880229853379186,
      0.08064067555844576,
      0.07853744659274298,
      0.07846916962791403,
      0.08074654088410767,
      0.08826191100301643,
      0.08314367985995388,
      0.07504358651434503,
      0.07918459202977424,
      0.08333324207453778,
      0.0807365629471553,
      0.08212858025724463,
      0.08262092108718194,
      0.08407451160485736
    ],
    "validation_loss": [
      0.770684176021152,
      0.6957039833068848,
      0.6324785252412161,
      0.5832635131147172,
      0.5469352073139615,
      0.5156924194759793,
      0.4831825825903151,
      0.4453571190436681,
      0.4013410591416889,
      0.3537278970082601,
      0.3070874710877736,
      0.26282138129075366,
      0.2223726229535209,
      0.18845799151394102,
      0.1599977496597502,
      0.1361177215973536,
      0.1157402065065172,
      0.09779016797741254,
      0.08404429298308161,
      0.07369827210075325,
      0.06380591872665617,
      0.054619546979665756,
      0.04699186411582761,
      0.04046150457320942,
      0.03534407841248645,
      0.03092155372723937,
      0.02771361115285092,
      0.025603290750748582,
      0.024171831603679392,
      0.023363482414020434,
      0.02321494132694271,
      0.023602237924933434,
      0.024445835087034438,
      0.025320962071418762,
      0.026244293277462322,
      0.027454082957572408,
      0.02916994897855653,
      0.03098613644639651,
      0.03296080521411366,
      0.03411453382836448,
      0.035562995821237564,
      0.03695399479733573,
      0.03862520017557674,
      0.04003052372071478,
      0.04044533852073881,
      0.04075166624453333,
      0.04165990692045954,
      0.0434442733724912,
      0.044634974665111966,
      0.04537252833445867,
      0.04606204397148556,
      0.046521569705671735,
      0.04768775403499603,
      0.04948326821128527,
      0.051127802994516164,
      0.05303425797157817,
      0.05367949066890611,
      0.054656096630626254,
      0.055823232564661235,
      0.056781384680006236,
      0.05708826084931692,
      0.057422537356615067,
      0.057190788288911186,
      0.056399410797490016,
      0.05594099354412821,
      0.05607719346880913,
      0.05644813469714589,
      0.05661777199970351,
      0.05742989728848139,
      0.05808741682105594,
      0.05957829703887304,
      0.060444808254639305,
      0.061855697797404394,
      0.061250430428319506,
      0.06098607058326403,
      0.061984470734993614,
      0.061150415076149836,
      0.06179522929920091,
      0.06327803846862581,
      0.06256493263774449,
      0.062157118072112404
    ]
  }
}