{
  "CNN-GRU-Attention-based": {
    "training_loss": [
      0.0808933675289154,
      0.07964569431240276,
      0.07464008917242794,
      0.07092995461771044,
      0.06913981119454918,
      0.06612654409166109,
      0.06341954838421385,
      0.060746736193107345,
      0.05875863488447868,
      0.05666074030480142,
      0.05418178868495812,
      0.05228516686770875,
      0.050365413902169566,
      0.04863473368903338,
      0.047094744772224105,
      0.045414558406603536,
      0.043880203644097865,
      0.04261211773096505,
      0.04128957400887699,
      0.035991211563853896,
      0.0277124999438302,
      0.0230575358589827,
      0.02358377245018038,
      0.02260708600535231,
      0.02108713220489227,
      0.02044998046200154,
      0.019816800699395648,
      0.018948709213380086,
      0.018695592154133116,
      0.0182079357742253,
      0.018145492047829143,
      0.017822071183788573,
      0.017531935062448857,
      0.017230969080227917,
      0.016886811040468134,
      0.016452403644383964,
      0.016367457491361488,
      0.016229883152044426,
      0.01589298459811736,
      0.016085670629547813,
      0.015404124854732368,
      0.015414701427443552,
      0.015151104053198281,
      0.014971610916368032,
      0.014744277317392624,
      0.014868278624647754,
      0.014720576389108673,
      0.014255657571099572,
      0.014056696130310074,
      0.013930210007070485,
      0.013874987203438403,
      0.013756702196294978,
      0.013611591357927201,
      0.013546696280018759,
      0.013180782102932364,
      0.013361786192251464,
      0.013052967976841886,
      0.012952770406411867,
      0.012767004717330811,
      0.01265733190259691,
      0.012527583798362036,
      0.012555750355250755
    ],
    "validation_loss": [
      0.09112690389156342,
      0.09997203946113586,
      0.09421868622303009,
      0.0883263647556305,
      0.0889890044927597,
      0.09026912599802017,
      0.08811631053686142,
      0.08460071682929993,
      0.08327727019786835,
      0.08301424980163574,
      0.08207964897155762,
      0.08074057847261429,
      0.0796736404299736,
      0.07908286154270172,
      0.0789492055773735,
      0.07842110097408295,
      0.07771991193294525,
      0.07744355499744415,
      0.0748586654663086,
      0.05957246199250221,
      0.04092484340071678,
      0.030438637360930443,
      0.030797088518738747,
      0.031570445746183395,
      0.03297363594174385,
      0.03380671516060829,
      0.03282933682203293,
      0.030889932066202164,
      0.029942454770207405,
      0.02936064451932907,
      0.029371801763772964,
      0.02916860207915306,
      0.02943270094692707,
      0.02979731746017933,
      0.02978358045220375,
      0.029302604496479034,
      0.029585842043161392,
      0.030234195291996002,
      0.029980111867189407,
      0.030713336542248726,
      0.03152730315923691,
      0.03228180482983589,
      0.033550046384334564,
      0.03378589078783989,
      0.034776605665683746,
      0.03665664419531822,
      0.03619446977972984,
      0.03769567236304283,
      0.03765265271067619,
      0.03663763031363487,
      0.03617027774453163,
      0.036429762840270996,
      0.03769052401185036,
      0.03880688175559044,
      0.03773101791739464,
      0.03977064788341522,
      0.04139355197548866,
      0.043174758553504944,
      0.043413374572992325,
      0.04480283707380295,
      0.046127162873744965,
      0.04825950786471367
    ]
  }
}