{
  "CNN-GRU-Attention-based": {
    "training_loss": [
      0.07273588796793404,
      0.06423962204638174,
      0.0610206593775143,
      0.056184609120680115,
      0.05346282603124441,
      0.05163349141761408,
      0.048955992179906975,
      0.04633637972302356,
      0.04383833201254828,
      0.04152304508675963,
      0.0398852619958126,
      0.03791387701186083,
      0.03605024573408951,
      0.03420051616632332,
      0.032854040169109734,
      0.031153143209926154,
      0.029815119328135152,
      0.028235800564289093,
      0.027266545063358242,
      0.026090037014524815,
      0.024767445495068017,
      0.024009567069805275,
      0.02319028891496739,
      0.022267490941084038,
      0.02138871207075604,
      0.020955358552983253,
      0.0204790881440296,
      0.019981680469492735,
      0.019411893719333714,
      0.018972017944364223,
      0.018561535751668072,
      0.018113276116171126,
      0.017957174582249026,
      0.017738912443993456,
      0.017022737949076345,
      0.016801490306349125,
      0.016919923283286013,
      0.01606843254323733,
      0.016281426079192404,
      0.015866414849030768,
      0.01556343515798197,
      0.01526648797473665,
      0.014821948136313486,
      0.014639787959976721,
      0.014373510712915557,
      0.014436712014978216,
      0.013993421411615307
    ],
    "validation_loss": [
      0.05309457331895828,
      0.051036544144153595,
      0.054114583879709244,
      0.05009480565786362,
      0.04427610710263252,
      0.04148552194237709,
      0.040654487907886505,
      0.03858655318617821,
      0.0350680835545063,
      0.032060734927654266,
      0.03071061708033085,
      0.029805229976773262,
      0.02892267145216465,
      0.028243716806173325,
      0.028094712644815445,
      0.027875857427716255,
      0.027832871302962303,
      0.027939876541495323,
      0.028158217668533325,
      0.02838827110826969,
      0.028507469221949577,
      0.028558755293488503,
      0.028697054833173752,
      0.02880968526005745,
      0.029102258384227753,
      0.02907244674861431,
      0.029070552438497543,
      0.029190577566623688,
      0.02947917766869068,
      0.03024313785135746,
      0.030187195166945457,
      0.030444888398051262,
      0.03047480806708336,
      0.02954695373773575,
      0.02945774234831333,
      0.029623471200466156,
      0.029599443078041077,
      0.029627980664372444,
      0.02952914498746395,
      0.029804935678839684,
      0.029894182458519936,
      0.0300678052008152,
      0.03074711374938488,
      0.030541667714715004,
      0.030862312763929367,
      0.031142670661211014,
      0.03275120258331299
    ]
  }
}