{
  "CNN-GRU-Attention-based": {
    "training_loss": [
      0.0736204151777511,
      0.06532892293118416,
      0.06096670659298593,
      0.05705827016462671,
      0.054035564448605196,
      0.051646457041831725,
      0.049053963289615955,
      0.04654618515930277,
      0.044340239592055054,
      0.04209247664251226,
      0.04019862140746827,
      0.0380589930301017,
      0.03639288088108631,
      0.03444825550343128,
      0.03320830159998955,
      0.031386046840789474,
      0.030184212889760097,
      0.02883456455583268,
      0.027515091707414768,
      0.02655441959170585,
      0.025228881677414508,
      0.02419663303075953,
      0.023375639652318144,
      0.022631019163638987,
      0.022016927156042546,
      0.021098298492266777,
      0.020708008300750813,
      0.02005472627091915,
      0.019682827988203536,
      0.01939114936171694,
      0.01894760712822701,
      0.018569635821783795,
      0.018211496256767434,
      0.018206794750183188,
      0.017771766572556597,
      0.017208554254884417,
      0.01703286071089988,
      0.01681453567394551,
      0.016537106060918343,
      0.016507764224042282,
      0.016034709820722012,
      0.015898260149232884,
      0.015673890281864937,
      0.015448304027953046,
      0.014975449633091054,
      0.015341061298200424,
      0.014584170904089797,
      0.014428416140218999,
      0.014541984095852426,
      0.01433264562424193,
      0.014155791462101835,
      0.013754325788071816,
      0.013728897816481742
    ],
    "validation_loss": [
      0.05943447723984718,
      0.05782554671168327,
      0.0608098991215229,
      0.05697566643357277,
      0.05196104943752289,
      0.04823194444179535,
      0.04542696848511696,
      0.04196754842996597,
      0.03884541615843773,
      0.036453358829021454,
      0.035137955099344254,
      0.033828891813755035,
      0.03280126303434372,
      0.031926579773426056,
      0.031426675617694855,
      0.03085346519947052,
      0.030808990821242332,
      0.030487626791000366,
      0.030109643936157227,
      0.03010873682796955,
      0.03039856255054474,
      0.03021753765642643,
      0.02999158576130867,
      0.03034781850874424,
      0.03079676441848278,
      0.03044150024652481,
      0.030714765191078186,
      0.030558301135897636,
      0.030386580154299736,
      0.031060166656970978,
      0.03245488926768303,
      0.03178251162171364,
      0.031292784959077835,
      0.03262430429458618,
      0.03263965621590614,
      0.03256802260875702,
      0.032699666917324066,
      0.032753098756074905,
      0.03366733342409134,
      0.03466189280152321,
      0.034817714244127274,
      0.03567693009972572,
      0.03718551620841026,
      0.03937503695487976,
      0.03630036860704422,
      0.03860730677843094,
      0.040333766490221024,
      0.038991715759038925,
      0.0387934111058712,
      0.03963993117213249,
      0.03915384039282799,
      0.04134506732225418,
      0.040673766285181046
    ]
  }
}