{
  "CNN-GRU-Attention-based": {
    "training_loss": [
      0.08283647589194469,
      0.08241968003348407,
      0.07694820677622771,
      0.07301040057443146,
      0.06398372625948018,
      0.0558924693455044,
      0.05497910645909798,
      0.047232484811136864,
      0.042576432992250494,
      0.04152596343913649,
      0.039310776142992526,
      0.036740080254454896,
      0.03461589536860458,
      0.03296655161767943,
      0.031596367780724145,
      0.029899534029074203,
      0.02857821676720921,
      0.026925660574283354,
      0.025911303284840707,
      0.024696256917638656,
      0.023759439285112243,
      0.0228014484875732,
      0.022005887606587164,
      0.02128583151433203,
      0.020509380751695387,
      0.019894606234808255,
      0.019405387580776826,
      0.01900612550158786,
      0.018336361767644554,
      0.018236104828807023,
      0.018012984345356624,
      0.017394048408565357,
      0.017288872478609413,
      0.01704532926918095,
      0.016661202996714503,
      0.016364768258908875,
      0.01617516005714225,
      0.01592251795352015,
      0.01578710279148868,
      0.01557042440160727,
      0.015297434746454924,
      0.015324913220018404,
      0.0148967385578614,
      0.014746196806812897,
      0.014663473249245912,
      0.014528411448511303,
      0.014249023909752186,
      0.01424159936638724,
      0.01396291308168672,
      0.013929598367749116,
      0.01378245789430335,
      0.01367265637168008,
      0.013355998863649165,
      0.013406975107251579,
      0.013269848086767726,
      0.012983262196628965,
      0.013058735598993098,
      0.012940523413638784,
      0.012912984443908064,
      0.012614480593902433,
      0.012512012456472103,
      0.012374078106676411
    ],
    "validation_loss": [
      0.09672894328832626,
      0.10556186735630035,
      0.10688368231058121,
      0.09985308349132538,
      0.07923802733421326,
      0.06371363997459412,
      0.060488827526569366,
      0.05202296003699303,
      0.043218642473220825,
      0.03973856940865517,
      0.03887064754962921,
      0.03609602898359299,
      0.03247958794236183,
      0.030311821028590202,
      0.029611513018608093,
      0.02924862504005432,
      0.028985898941755295,
      0.028674626722931862,
      0.028523115441203117,
      0.028319235891103745,
      0.028208978474140167,
      0.028186341747641563,
      0.02814592607319355,
      0.02812700718641281,
      0.028229769319295883,
      0.02831309661269188,
      0.02830047346651554,
      0.02819620631635189,
      0.02812318690121174,
      0.02812030352652073,
      0.028043294325470924,
      0.02803157828748226,
      0.028148498386144638,
      0.028164708986878395,
      0.028122982010245323,
      0.028209572657942772,
      0.028301160782575607,
      0.02826295606791973,
      0.02820410020649433,
      0.028185155242681503,
      0.028263060376048088,
      0.028270453214645386,
      0.02838478796184063,
      0.028705377131700516,
      0.028682397678494453,
      0.02881346270442009,
      0.028912663459777832,
      0.028867589309811592,
      0.029208790510892868,
      0.02930714190006256,
      0.029019737616181374,
      0.02879437245428562,
      0.029103349894285202,
      0.02926674857735634,
      0.02937512844800949,
      0.029922466725111008,
      0.030138319358229637,
      0.02999146282672882,
      0.02955866977572441,
      0.029416361823678017,
      0.029377099126577377,
      0.029379181563854218
    ]
  }
}