{
  "CNN-GRU-Attention-based": {
    "training_loss": [
      0.07766886340062505,
      0.07451222836971283,
      0.06950191948802686,
      0.06619554882781188,
      0.06295308275667895,
      0.06017825909182749,
      0.05558026163107336,
      0.05047465870436681,
      0.0491313109486144,
      0.04646842002612839,
      0.043729559290562575,
      0.041402961067503616,
      0.03985729592936233,
      0.03822677368258202,
      0.03653207745866714,
      0.03458715212639309,
      0.03321384875175779,
      0.031794001312342834,
      0.03066544324287529,
      0.029392240161292032,
      0.028386815359152436,
      0.027514019925067353,
      0.026483492566024797,
      0.02521701702296478,
      0.02257055355947417,
      0.02014165750580796,
      0.018839480667155187,
      0.018582432582782575,
      0.01817858008899658,
      0.017954822789573874,
      0.017372247263341502,
      0.01706033961871407,
      0.01669873417127286,
      0.016257408766531638,
      0.016083224856418603,
      0.01588731945008679,
      0.01565812636854311,
      0.015591136871361426,
      0.015220225113144248,
      0.014905456577471653,
      0.014801742792801028,
      0.014624901947289578,
      0.014581901480967394,
      0.014402588889354544,
      0.014228038601737165,
      0.014234440301269165,
      0.013853660636769344,
      0.013839061751705893,
      0.013618176303356246,
      0.013509411788485592,
      0.01335471072693879,
      0.013036445350797904,
      0.013141083662985732,
      0.013081685052345238,
      0.012771689648791955,
      0.012819314383513938,
      0.012622221712774473,
      0.012475242462536808,
      0.012599449580767124,
      0.01226065056838191,
      0.01219626897426378,
      0.012160903802181518,
      0.012026302556431345,
      0.011951736450323219,
      0.011797286450159396,
      0.01170619418085133,
      0.011801943974369586,
      0.011593911908726835,
      0.011499119650716434,
      0.011449407666218128,
      0.011318000728991922
    ],
    "validation_loss": [
      0.08396990597248077,
      0.08464761078357697,
      0.08600921183824539,
      0.0832701250910759,
      0.07832147181034088,
      0.07293552160263062,
      0.06032470613718033,
      0.05280661582946777,
      0.054368238896131516,
      0.05500556528568268,
      0.051209282130002975,
      0.046904854476451874,
      0.04517310485243797,
      0.04552740603685379,
      0.04605588689446449,
      0.04559323936700821,
      0.044654764235019684,
      0.04415305703878403,
      0.04406801611185074,
      0.04423036426305771,
      0.04425748065114021,
      0.044122517108917236,
      0.044027965515851974,
      0.039704035967588425,
      0.03404557332396507,
      0.029746973887085915,
      0.027974193915724754,
      0.02806413546204567,
      0.028388457372784615,
      0.028253421187400818,
      0.027906756848096848,
      0.02788102626800537,
      0.028066381812095642,
      0.028036650270223618,
      0.02796400710940361,
      0.02786676026880741,
      0.027739405632019043,
      0.027780326083302498,
      0.027782130986452103,
      0.02758028358221054,
      0.02748454175889492,
      0.02756638638675213,
      0.027641894295811653,
      0.02762177214026451,
      0.027592895552515984,
      0.027609584853053093,
      0.027689483016729355,
      0.027753015980124474,
      0.0277340617030859,
      0.027687283232808113,
      0.027647415176033974,
      0.0276943389326334,
      0.02778981439769268,
      0.027864838019013405,
      0.028085479512810707,
      0.027908015996217728,
      0.02786394953727722,
      0.02794428914785385,
      0.02802250161767006,
      0.02800593711435795,
      0.027946889400482178,
      0.028043705970048904,
      0.028080305084586143,
      0.027987847104668617,
      0.027934780344367027,
      0.02808675356209278,
      0.028444603085517883,
      0.028258783742785454,
      0.02819065935909748,
      0.028445713222026825,
      0.029073601588606834
    ]
  }
}