{
  "CNN-GRU-Attention-based": {
    "training_loss": [
      0.0761994961006888,
      0.07268159964988971,
      0.06773530923087022,
      0.062309808772185754,
      0.057206443928439044,
      0.05512624850560879,
      0.05232910567830349,
      0.049639779046691694,
      0.04712269031282129,
      0.044717431196878696,
      0.042589542423856666,
      0.0405038566938762,
      0.038450610791814735,
      0.0367050648763262,
      0.03496593069927446,
      0.033416964884462025,
      0.031981747083622836,
      0.030545228000344902,
      0.029141091581048637,
      0.028041356211078578,
      0.026925394247318137,
      0.026072805618931508,
      0.02513019997498085,
      0.024326445599054468,
      0.023523689215553218,
      0.022886425256729126,
      0.021273474498041744,
      0.01911824781062274,
      0.01765587874527635,
      0.017139615169886886,
      0.016874057594044454,
      0.016581497123015338,
      0.0160850348143742,
      0.01591036802735822,
      0.01562851802285375,
      0.015439256768802116,
      0.015159897763153603,
      0.014908957584150907,
      0.014841886429951108,
      0.014609272655998838,
      0.014259719225610125,
      0.014279073168491495,
      0.014063679067225292,
      0.013948629449667602,
      0.013744439480119738,
      0.013630683630191046,
      0.013575859175160014,
      0.013471527153561855,
      0.013324749302761308,
      0.013148449521897167,
      0.01301387087281408,
      0.012747634748189613,
      0.012923633422831008,
      0.012805354460303125,
      0.012681739918630698,
      0.012514649922477788,
      0.012477742668626637,
      0.012304585940878967,
      0.012242880906781247,
      0.012171677795463595,
      0.011944485314447304,
      0.012070646766444733,
      0.011877556363570279,
      0.011815290448480639
    ],
    "validation_loss": [
      0.07366620749235153,
      0.07535503804683685,
      0.07928185909986496,
      0.07238660752773285,
      0.06241021305322647,
      0.057402752339839935,
      0.05650543048977852,
      0.05533334240317345,
      0.05273296684026718,
      0.049599576741456985,
      0.04714091122150421,
      0.045761093497276306,
      0.044723570346832275,
      0.04392967000603676,
      0.04331756755709648,
      0.04293040558695793,
      0.04282849654555321,
      0.0427619144320488,
      0.04255694895982742,
      0.04243073612451553,
      0.042359959334135056,
      0.04239513725042343,
      0.04239659011363983,
      0.042369112372398376,
      0.04237750545144081,
      0.04060802608728409,
      0.035850465297698975,
      0.03164132684469223,
      0.029569895938038826,
      0.029434463009238243,
      0.02997351437807083,
      0.02989540621638298,
      0.029396723955869675,
      0.029144497588276863,
      0.029180292040109634,
      0.02928001433610916,
      0.029375175014138222,
      0.029408805072307587,
      0.029362205415964127,
      0.02937840111553669,
      0.029398398473858833,
      0.029478469863533974,
      0.029566006734967232,
      0.02957983873784542,
      0.029587190598249435,
      0.029603641480207443,
      0.029625331982970238,
      0.029549675062298775,
      0.029529070481657982,
      0.029665203765034676,
      0.029737822711467743,
      0.029799941927194595,
      0.029806269332766533,
      0.029728800058364868,
      0.02979816123843193,
      0.029756324365735054,
      0.029728656634688377,
      0.02962220460176468,
      0.0296158529818058,
      0.029646966606378555,
      0.029734252020716667,
      0.029742300510406494,
      0.0297539159655571,
      0.029860425740480423
    ]
  }
}