{
  "CNN-GRU-based": {
    "training_loss": [
      0.8888348209518834,
      0.5286464790677086,
      0.29943779322198494,
      0.19275165650202877,
      0.1520925028579762,
      0.12799905823539592,
      0.11119013544114988,
      0.09783484415687148,
      0.08724521168016501,
      0.07898328740565469,
      0.07194712287878834,
      0.06648005582636764,
      0.06188467980996264,
      0.05782800275074314,
      0.05466480254474824,
      0.052107542419003186,
      0.049335625684561304,
      0.04725336142422334,
      0.04572882649837229,
      0.044006276119264,
      0.04244211570602277,
      0.04131624848139625,
      0.04022599371472125,
      0.039033171232928335,
      0.038207145542297635,
      0.037425887415132586,
      0.03673435573015745,
      0.03617977408174613,
      0.03563794690129272,
      0.035004250884577794,
      0.03454108519125037,
      0.03399027156311391,
      0.03387389727735676,
      0.03364757440772307,
      0.03314399704239301,
      0.03263014657687828,
      0.03247356723007671,
      0.032239557543455644,
      0.03209380652323463,
      0.031544370991656766,
      0.031396383801943886,
      0.031169413398600774,
      0.031215146528781112,
      0.030857587977428665,
      0.030702634354649802,
      0.030536517572611634,
      0.03030634848176781,
      0.030266949847438402,
      0.029968285360078062,
      0.029797978032404797,
      0.02976922675054235,
      0.029384132943379018,
      0.029222125023668652,
      0.028992797168587176,
      0.028836451136635483,
      0.028660748282720538,
      0.02859103264739529,
      0.02826589892172057,
      0.02821593193471823,
      0.028142578806116755,
      0.0277907811626955,
      0.027630121748348294,
      0.027600634728988358,
      0.02746179061951992,
      0.027493514746623173,
      0.026940698492905243,
      0.027040627686800007,
      0.026511958677574374,
      0.02654625934179815,
      0.026509611875927423,
      0.02617481788640732,
      0.026340331544761324,
      0.026143642681237124,
      0.02595131830587429
    ],
    "validation_loss": [
      0.027647417807183064,
      0.009825055995448069,
      0.008265527342999731,
      0.008064618555607495,
      0.007981775061494403,
      0.007757803910392356,
      0.007765262570049796,
      0.007809999024404304,
      0.0076657007285556595,
      0.007811619476838546,
      0.00751370855874115,
      0.007422081579069991,
      0.007493770319864258,
      0.00755572419327039,
      0.007505696198505747,
      0.00963579517483086,
      0.008113813075282566,
      0.007374682089222686,
      0.00816031553215914,
      0.009635763392633908,
      0.007905449744287904,
      0.012844746157370664,
      0.007740391011291242,
      0.006756917039466488,
      0.009661760884565074,
      0.013021472620067897,
      0.012120735584074383,
      0.007834981430087474,
      0.014150086067408531,
      0.010944161915799954,
      0.01169288792758138,
      0.014020220838956066,
      0.013929171969632169,
      0.011376509775075462,
      0.011427579310859417,
      0.014771728470296293,
      0.014374567430231956,
      0.01346811832586577,
      0.011636394284457176,
      0.010643674008600362,
      0.01061002124700096,
      0.012498135033708353,
      0.01906422090592918,
      0.0139456359877974,
      0.015629795184554336,
      0.01275116814808412,
      0.013644062210577767,
      0.014107876183738658,
      0.014636907902370383,
      0.0170525078095131,
      0.019663981689543992,
      0.0350885796067598,
      0.02804874994798557,
      0.015537776762841049,
      0.02178846909241243,
      0.014339884951502293,
      0.01992387057549053,
      0.011933639801882364,
      0.015071533939482032,
      0.014433543718830271,
      0.01089999803270285,
      0.014104299384032513,
      0.014056702541721451,
      0.019984694888124932,
      0.007401137632298303,
      0.011142453452298692,
      0.010433347928305189,
      0.018007189348027423,
      0.01409974670806131,
      0.012185569722335655,
      0.008753203728294873,
      0.022382476477773038,
      0.023288115819955206,
      0.007843157738916107
    ]
  }
}