{
  "GRU-based": {
    "MSE": 0.039655,
    "MAE": 0.134097,
    "RMSE": 0.199135,
    "MAPE": 0.400914
  }
}