{
  "GRU-based": {
    "MSE": 0.044825,
    "MAE": 0.148589,
    "RMSE": 0.211719,
    "MAPE": 0.431445
  }
}