{
  "GRU-based": {
    "MSE": 0.044685,
    "MAE": 0.147522,
    "RMSE": 0.211387,
    "MAPE": 0.423371
  }
}