{
  "GRU-based": {
    "MSE": 0.045398,
    "MAE": 0.149595,
    "RMSE": 0.213066,
    "MAPE": 0.418991
  }
}