{
  "GRU-based": {
    "MSE": 0.045888,
    "MAE": 0.151092,
    "RMSE": 0.214201,
    "MAPE": 0.416563
  }
}