{
  "GRU-based": {
    "MSE": 0.046319,
    "MAE": 0.152471,
    "RMSE": 0.215194,
    "MAPE": 0.415895
  }
}