{
  "GRU-based": {
    "MSE": 0.046797,
    "MAE": 0.153977,
    "RMSE": 0.216284,
    "MAPE": 0.416468
  }
}