{
  "CNN-GRU-based": {
    "training_loss": [
      0.8724483074730184,
      0.5236848956643515,
      0.31793663871519556,
      0.23908896354859935,
      0.20107790337469514,
      0.17604917393251263,
      0.15682274716441827,
      0.14144189363879003,
      0.1287627105093492,
      0.11756594702403053,
      0.1087615473182449,
      0.10053126186064415,
      0.09319157612475663,
      0.08733176013483844,
      0.08123662733972731,
      0.0765201748834449,
      0.07272795592312488,
      0.06932043061283842,
      0.06564815857930527,
      0.06285427358836083,
      0.06099608840088556,
      0.058114058552426774,
      0.05690951566872555,
      0.05509235043207608,
      0.054013376016157036,
      0.052382687616139685,
      0.05072137447319905,
      0.04960975043132714,
      0.048783016657140056,
      0.04749503300251413,
      0.04679129802090172,
      0.04597477576195536,
      0.045639309995287314,
      0.04461695313646386,
      0.04408213367686384,
      0.04314004586065119,
      0.04253276588714771,
      0.04203254473882739,
      0.042265027089801836,
      0.04163278946521936,
      0.04180856357399798,
      0.040875356305729256,
      0.04026008052088975,
      0.039501667879989454,
      0.03927468296498933,
      0.039132958913583996,
      0.03942287211955024,
      0.039233399769762436,
      0.0396206994693671,
      0.03894729997159275,
      0.03830648995666687,
      0.03728055716065365
    ],
    "validation_loss": [
      0.04194861983365201,
      0.016781679176269694,
      0.01758465568300076,
      0.01778455065014152,
      0.018657800914170533,
      0.018203113958420725,
      0.019033329329229777,
      0.019176255696450324,
      0.018911946519620512,
      0.019597972321428788,
      0.019359079198090864,
      0.01880402047198413,
      0.01918896886103965,
      0.019254352110452202,
      0.018963773205514012,
      0.019514542203226713,
      0.0189264141657251,
      0.019383868638505327,
      0.01896683691709237,
      0.019522808073230064,
      0.01886136744363873,
      0.019655691120082846,
      0.018542376746024405,
      0.02075948109878595,
      0.018135118527524738,
      0.019505768663343324,
      0.01858823876658109,
      0.02020498592191373,
      0.01879495416844326,
      0.01993854719817095,
      0.01858273882271671,
      0.020105336529505653,
      0.018260853359402134,
      0.020400867336019195,
      0.01882345496045601,
      0.02008408002306263,
      0.019013826047441156,
      0.020086447835693244,
      0.018935990454713985,
      0.021295235568719793,
      0.018042033289114755,
      0.020434965116274757,
      0.01903512920493594,
      0.02011280908818303,
      0.01981171917476009,
      0.019996829523413376,
      0.019078461023041907,
      0.02123800842912364,
      0.018380926395440898,
      0.02136210891160559,
      0.019207347586388646,
      0.02066824025839658
    ]
  }
}