{
  "CNN-GRU-based": {
    "training_loss": [
      0.8864359047314893,
      0.5229602903808088,
      0.31019233861198164,
      0.22773165231970346,
      0.18897782055210305,
      0.16263028938476354,
      0.14351051467466572,
      0.1285718377662576,
      0.11589811803543404,
      0.10567912507002757,
      0.09690608526473721,
      0.08989526117092943,
      0.08451432465962623,
      0.0824481221298649,
      0.07605259426652569,
      0.07265776385591455,
      0.06811821652942052,
      0.0655500432093666,
      0.06252427656016393,
      0.06044720421166725,
      0.05852996722952416,
      0.05813641335866223,
      0.056351970524004064,
      0.05571894366379198,
      0.052762833036924604,
      0.051498233523543026,
      0.050119368963317784,
      0.04902096262805538,
      0.048530913787345364,
      0.04878291047122925,
      0.04809997928196981,
      0.04755764102486715,
      0.04595932165441448,
      0.04523126085259054,
      0.04414058762462172,
      0.04482129821766457,
      0.04372100344939863,
      0.044446762208933156,
      0.042827552822354724,
      0.04263445750287134,
      0.04139491136623844,
      0.04135722986775446,
      0.041032484422127403,
      0.04194727227023747,
      0.04138080819964953,
      0.042254192337870054,
      0.04027922606291292,
      0.04020484581113406,
      0.039007504985212736,
      0.03904503719991745,
      0.03877163214022166,
      0.03955004942607662,
      0.03914740897681071
    ],
    "validation_loss": [
      0.06833393058787726,
      0.01831952386781981,
      0.017337604434339834,
      0.017464071223483986,
      0.017679027663855203,
      0.01771401767378339,
      0.018110499437049166,
      0.018305314257514513,
      0.017772786409840396,
      0.018283349594899585,
      0.018508104069617018,
      0.018450499684932023,
      0.01931229183354095,
      0.018603357693072874,
      0.019446672373493755,
      0.018242957897054025,
      0.019222483457855905,
      0.01923868567385572,
      0.019265956016070576,
      0.019558867937842762,
      0.020323632443521884,
      0.018888025394553108,
      0.02067782724202585,
      0.018428285739251545,
      0.01958355889018727,
      0.01957270932754666,
      0.019770576344027346,
      0.019553570150423194,
      0.02051267208457899,
      0.01876566062559654,
      0.02108671763022982,
      0.018962271387000938,
      0.020826052330819307,
      0.019986275549536418,
      0.021100146514802357,
      0.01936244321449187,
      0.020864129757174606,
      0.018779375157276547,
      0.0202179518061206,
      0.019624446651765277,
      0.019930139116059682,
      0.019491489591660107,
      0.019898817526306786,
      0.019339314659089304,
      0.020020970406639176,
      0.019232945675228503,
      0.02025161103818192,
      0.020257628848351607,
      0.020846406263964518,
      0.02194152210236139,
      0.020808067937073012,
      0.019051558986351483,
      0.021420792311339393
    ]
  }
}