{
  "CNN-GRU-based": {
    "training_loss": [
      0.8777020962815306,
      0.49885243381539435,
      0.28595819790341537,
      0.2075012578675736,
      0.17277683827975024,
      0.14964880831709734,
      0.13267383976205843,
      0.11896943222714342,
      0.1075780167495279,
      0.09953303988937919,
      0.09153632700579352,
      0.08751399270747895,
      0.08309193860450292,
      0.07961255128252996,
      0.07341920587842322,
      0.06956824320092049,
      0.06593362384871261,
      0.0634934054049727,
      0.060906459258435526,
      0.05914114623173187,
      0.05719847027977852,
      0.05629932370087872,
      0.05484344129829102,
      0.056396003846572416,
      0.0567180151332459,
      0.054779370625813804,
      0.05039478161427528,
      0.048761317736073714,
      0.047512877919630374,
      0.046531699155563634,
      0.04578135460274949,
      0.045822772924622446,
      0.044321550524125904,
      0.04372785092420774,
      0.044349667008064655,
      0.04779923135695392,
      0.05049123749409092,
      0.04363797683285796,
      0.042061943424755034,
      0.041501103640963495,
      0.04042338302622647,
      0.04030198697426003,
      0.03932378303310643,
      0.039405665764389516,
      0.03896797433087271,
      0.03951483002128122,
      0.046353321352369706,
      0.04270805219469005,
      0.042368462300736064,
      0.039726405936084924,
      0.03831484073509364,
      0.03843146695257866,
      0.03819670403997103,
      0.042116407849336866,
      0.04082688444281277,
      0.04169003195958595,
      0.03832288344973298,
      0.037468762302847756,
      0.0367366673093136,
      0.03642948808735364,
      0.03745673587503227,
      0.03999006649538807,
      0.04286527301963061,
      0.038261216031770184,
      0.03689970828796903,
      0.03608435957126966,
      0.03549062860406697,
      0.03513268320119544,
      0.035111981916101015,
      0.035422407141695283,
      0.03865461672345797,
      0.039470874963830054,
      0.039031043104385134,
      0.03572361183152895,
      0.03511614047977478,
      0.03459292538804278,
      0.034176185803666506,
      0.03423075553999372,
      0.03548022089993845,
      0.038363413162291325,
      0.03780569764679153,
      0.03463572512920861,
      0.0341320647496611,
      0.03371222460106628,
      0.03364584986205515,
      0.033678026180969524,
      0.03425191601389619
    ],
    "validation_loss": [
      0.05125926737779896,
      0.018517610255509753,
      0.017937956148222703,
      0.018510968700799768,
      0.018678196310384632,
      0.01873217084228176,
      0.01898011237757119,
      0.019008517282330283,
      0.0197994908037251,
      0.019141506063475457,
      0.02032143006007693,
      0.01875326085036204,
      0.019364136870797365,
      0.01858096959316023,
      0.01843075437224619,
      0.01908171568150934,
      0.019336630671059705,
      0.020026734260391428,
      0.01893061557657098,
      0.019889969565824832,
      0.018902558867381587,
      0.02011371937210429,
      0.018645395733177934,
      0.018932954982331354,
      0.021536113498689922,
      0.018021194493933898,
      0.018103672591246428,
      0.018532534465874165,
      0.018620882574553903,
      0.018624230317737415,
      0.019092679261889088,
      0.018600551632645467,
      0.01899640284240518,
      0.018374363785465014,
      0.021142489553246324,
      0.020458067712038074,
      0.016892738665824067,
      0.01801657199553431,
      0.018629783815512918,
      0.01773516343030483,
      0.017902415713559,
      0.018641834772408824,
      0.018822508927893965,
      0.018520571291446686,
      0.019674738784018715,
      0.018703407561193864,
      0.018790797113555753,
      0.020154396922552966,
      0.01795187709878569,
      0.0189760892256482,
      0.018987210475963,
      0.02046612288683789,
      0.01789438143610682,
      0.017815517533791663,
      0.022848931961952278,
      0.017136156346359753,
      0.019301537424325943,
      0.020984122580657266,
      0.017865293178724373,
      0.018756261733296798,
      0.02199702042252778,
      0.02110546194527247,
      0.017081352035816948,
      0.018487530722193522,
      0.02096050229246758,
      0.019041530609334986,
      0.019801819577949232,
      0.018753485796658417,
      0.0193242405256316,
      0.01792387705143184,
      0.0186221365940217,
      0.02010337696261874,
      0.017899077649326085,
      0.0200071418105059,
      0.018210351637237148,
      0.0186976777925475,
      0.01788129916916427,
      0.018183921621134292,
      0.019092754056872843,
      0.020658715734402883,
      0.01817170380865602,
      0.019774204154060854,
      0.018870796829666178,
      0.018438945196943196,
      0.018914003273871934,
      0.019296013898977407,
      0.02013500688861222
    ]
  }
}