{
  "CNN-GRU-based": {
    "training_loss": [
      0.8773749906510138,
      0.498875330603041,
      0.28185016957522346,
      0.20158478866209986,
      0.16557803190535295,
      0.14249524362924348,
      0.12582051165555147,
      0.1123309692840311,
      0.10141293356097207,
      0.09343171489098012,
      0.08588619305491901,
      0.08087491078383126,
      0.07596289310306424,
      0.07278202264161847,
      0.06895979196797866,
      0.0702317044797147,
      0.06738983096678296,
      0.06398575204252198,
      0.059532510898354755,
      0.057453482534512254,
      0.05552411721473147,
      0.05378343204074658,
      0.05317098089839244,
      0.05222795198345947,
      0.054842705691555305,
      0.052497901147272596,
      0.05073488309060174,
      0.04846229910090146,
      0.04781184535578563,
      0.04694629740324623,
      0.04782940753184469,
      0.04736335408751146,
      0.04861515254258928,
      0.046546585196792306,
      0.0448289230261608,
      0.04420188572101709,
      0.04408179087917585,
      0.04429154745774785,
      0.046884038203991014,
      0.04347643927477374,
      0.04234872520060732,
      0.041899619389946734,
      0.042478467766919034,
      0.043077767374787,
      0.045508571116641014,
      0.0417390837470993,
      0.04061943056559799,
      0.04044963739193857,
      0.03940748472989559,
      0.03960196098762438,
      0.03929024079767739,
      0.0390558962150557,
      0.04167170874258079
    ],
    "validation_loss": [
      0.04724213181565341,
      0.019886543480977077,
      0.01906934818550604,
      0.019256629202872105,
      0.019343365383542838,
      0.019789907069170855,
      0.01959321222621012,
      0.019620289617817695,
      0.019634103853272522,
      0.02049353283289905,
      0.020141614413901006,
      0.02171629359392815,
      0.02227118100171492,
      0.021934955146963194,
      0.021827274278554742,
      0.020807821941498206,
      0.02237206094443254,
      0.019406331609509306,
      0.020780036574629342,
      0.02004114635390778,
      0.02102168366210918,
      0.021460516276220754,
      0.02185876955826805,
      0.02189471656839325,
      0.019627263539866227,
      0.022615256315292834,
      0.02060409842832992,
      0.021669424491930225,
      0.020720869413317612,
      0.021234161930677554,
      0.021908935304033702,
      0.023010163759327913,
      0.019653880398839575,
      0.022333647775119297,
      0.020650122221134024,
      0.020962100569584054,
      0.021013825502433733,
      0.022261884063482285,
      0.019798899732836304,
      0.022285045698693353,
      0.020977343096648723,
      0.020948507759260805,
      0.021368220193337086,
      0.022708374862325246,
      0.019945009624304837,
      0.02134790573456244,
      0.02218591149675247,
      0.020452027800216523,
      0.021224728713160782,
      0.02123852661857594,
      0.020646892079751785,
      0.022407961550028357,
      0.02113447564581758
    ]
  }
}