{
  "CNN-GRU-based": {
    "training_loss": [
      0.002035240500771527
    ],
    "validation_loss": [
      0.00016737258238849086
    ]
  }
}