{
  "CNN-GRU-based": {
    "training_loss": [
      0.18077840144882337,
      0.027759186463591493,
      0.012979579074357553,
      0.00984352963731823,
      0.008312351272377387,
      0.007360769583592339,
      0.006775446577782774,
      0.006293545928791927,
      0.005872694029747073,
      0.005404770219898939,
      0.004978743117348647,
      0.00457611339038642,
      0.004131685456218333,
      0.0037165662434733944,
      0.0032874861636857716,
      0.002980520043725795,
      0.0028386676841706195,
      0.002740349052260372,
      0.002700350712163528,
      0.0026762295855994366,
      0.0026401344414084256,
      0.0026025937236122776,
      0.002578981232220008,
      0.0025659543076099753,
      0.002560427080596776,
      0.0025261526391882534,
      0.0025124897559483847,
      0.0024874667412021594,
      0.0025033450223886566,
      0.002444925924970044,
      0.002442727867362781,
      0.0024384581984876535,
      0.0024227205158015826,
      0.002413444978232632,
      0.002401224733371373,
      0.002385360738213258,
      0.002383786476195857,
      0.0023664841666567998,
      0.002348447993818204,
      0.002354662173067924,
      0.0023407450387651855,
      0.002328722213757942,
      0.0023219832440926915,
      0.002307562573896672,
      0.002301995840409813,
      0.00230192074575174,
      0.0022899406884897113
    ],
    "validation_loss": [
      0.0013548882766692362,
      0.0011957735052778268,
      0.0013416217923702173,
      0.0012220105518665637,
      0.0012046957854181528,
      0.0011989006044631693,
      0.0012015785184085474,
      0.0012039736849518204,
      0.0012055346201187078,
      0.0012085302199997846,
      0.0012105700959989302,
      0.0012135078669788027,
      0.001219766601447908,
      0.0012223425904997218,
      0.001225349779444104,
      0.001225703323758404,
      0.0012375686004508653,
      0.001238762976562368,
      0.001243513931756393,
      0.0012476782324317265,
      0.0012530224835565708,
      0.0012559319738115013,
      0.0012573550584804739,
      0.001258513422086048,
      0.0012647621202426897,
      0.0012668954777452623,
      0.001265553533735777,
      0.001265745023822963,
      0.0012761957485976458,
      0.0012681327553623369,
      0.0012705429017701199,
      0.0012747351872131334,
      0.001277736507841504,
      0.0012784430406279337,
      0.001279497928228754,
      0.0012791368800451532,
      0.0012831097840934886,
      0.0012815731354582477,
      0.001280419069381667,
      0.0012848808325197495,
      0.0012837480843841086,
      0.0012841576416845577,
      0.0012845098455830045,
      0.0012832073122590886,
      0.001282792461340801,
      0.0012856384732721137,
      0.0012851211973662737
    ]
  }
}