{
  "CNN-GRU-based": {
    "training_loss": [
      0.0020579348128397486
    ],
    "validation_loss": [
      0.0003387819742783904
    ]
  }
}