{
  "CNN-GRU-based": {
    "training_loss": [
      0.0020155070790553683,
      0.001532273166302868,
      0.0013208358775653182,
      0.0011502861377681102,
      0.0010139118557526028
    ],
    "validation_loss": [
      0.00026109738130609473,
      0.0001774378509224514,
      0.00021572529203373636,
      0.00018424565275281985,
      0.00021072770320800505
    ]
  }
}