{
  "CNN-GRU-based": {
    "training_loss": [
      0.002051412202088179
    ],
    "validation_loss": [
      0.0004698559905109473
    ]
  }
}