{
  "CNN-GRU-based": {
    "training_loss": [
      0.04082418565099698
    ],
    "validation_loss": [
      0.0002420247473191246
    ]
  }
}