{
  "CNN-GRU-based": {
    "training_loss": [
      0.00176305677213356
    ],
    "validation_loss": [
      0.000595993042018608
    ]
  }
}