{
  "CNN-GRU-based": {
    "training_loss": [
      0.0025690856454215717,
      0.0018867725774407598,
      0.0015469465411365774,
      0.0012980852917921903,
      0.001135497309307222
    ],
    "validation_loss": [
      0.00045075771854595937,
      0.00015970687745205054,
      0.00020169541041584725,
      0.00017638444398523223,
      0.00015979800175162072
    ]
  }
}