{
  "CNN-GRU-based": {
    "training_loss": [
      0.004545327541136656
    ],
    "validation_loss": [
      0.0011820899824618448
    ]
  }
}