{
  "CNN-GRU-based": {
    "training_loss": [
      0.01605380323895237
    ],
    "validation_loss": [
      0.0003249111487285087
    ]
  }
}