{
  "CNN-GRU-based": {
    "training_loss": [
      0.002101232802218989
    ],
    "validation_loss": [
      0.0003712374308522333
    ]
  }
}