{
  "CNN-GRU-based": {
    "training_loss": [
      0.035532554549366394
    ],
    "validation_loss": [
      0.0002859961208805703
    ]
  }
}