{
  "CNN-GRU-based": {
    "training_loss": [
      0.003565963531337292
    ],
    "validation_loss": [
      0.00033615713187477045
    ]
  }
}