{
  "CNN-GRU-based": {
    "training_loss": [
      0.02141321088436624
    ],
    "validation_loss": [
      0.00037245846576464006
    ]
  }
}