{
  "CNN-Attention-BiLSTM-based": {
    "training_loss": [
      1.1691799532464813,
      0.6919934495450336,
      0.41173901926115375,
      0.30432220940900057,
      0.2549842235399499,
      0.22423875779650337,
      0.20107035796852699,
      0.1840311003846785,
      0.1691061829253266,
      0.15611081189214163,
      0.14415070894622403,
      0.1342224292131194,
      0.12698592826831745,
      0.11847622262100703,
      0.1163022547093078,
      0.11139344388867749,
      0.10510673765029323,
      0.10008979004093249,
      0.09712016147470329,
      0.09545262348361684,
      0.09061964330064702,
      0.08722642834375186,
      0.0831498861562258,
      0.08051754425702416,
      0.07998362316485365,
      0.07805957435461994,
      0.0763907537810836,
      0.07265797500863824,
      0.07110625509698384,
      0.06960721058893585,
      0.0692806157516227,
      0.0711093633267398,
      0.06864447665842552,
      0.06437881244718462,
      0.06221079311417554,
      0.06098074854814584,
      0.06065087860394177,
      0.059067077186566515,
      0.05771075720771631,
      0.05757166407846507,
      0.05853400136404003,
      0.05755329028214053,
      0.05558445567485496,
      0.05467301171546474,
      0.05600515185806088,
      0.05502804066063379,
      0.05296110798816982,
      0.05209131007209936,
      0.05118158204886976,
      0.05175323222227857,
      0.05319869574109789,
      0.04917328675075963,
      0.04846794777732242,
      0.04786969180023684,
      0.046702719626883764,
      0.04525478781063142,
      0.0447760405264775,
      0.04638786344144588,
      0.04643552390714706,
      0.045277642843534215,
      0.044273220800421634,
      0.042746253833089685,
      0.042443481418128794,
      0.04262389596048622,
      0.04352965272506774,
      0.041505264454851046,
      0.04004261065125692,
      0.03992526579510807,
      0.03947328056852461,
      0.03936965716099412,
      0.03902861478495117,
      0.03921429040643733,
      0.04122125447510585,
      0.03867124524796449,
      0.03712365219986634,
      0.03680730771490175,
      0.036557565758145776,
      0.03603455753335938,
      0.035862901961851046,
      0.036269972800142915,
      0.035556405242822976
    ],
    "validation_loss": [
      0.032207590977924576,
      0.026609631510038145,
      0.025433922401632218,
      0.02425162298859615,
      0.030611585995527747,
      0.03058435192110872,
      0.034335443019685774,
      0.02921052851734009,
      0.028781388645657654,
      0.02590886222645867,
      0.028678048237886472,
      0.025421443369839692,
      0.02485793026724666,
      0.03275422563940558,
      0.035605898585544166,
      0.031779408771941,
      0.037700692089812374,
      0.030793771481758554,
      0.031327784774785344,
      0.027394979071200438,
      0.02607554747612643,
      0.03160820263905004,
      0.02666971523393976,
      0.024778906205006647,
      0.02777007332009385,
      0.027596361006646895,
      0.027877396436855422,
      0.02626275343644945,
      0.02174396978232636,
      0.026041301754289124,
      0.021222106325454262,
      0.02596126854034724,
      0.026289774014368245,
      0.025866410567631837,
      0.02277652555255723,
      0.02824037930840417,
      0.023438942276145187,
      0.02621815324191989,
      0.021402769883398228,
      0.030103187521177948,
      0.02290272040117113,
      0.022130463713932905,
      0.025912815269003523,
      0.02830354626485823,
      0.02330002797863766,
      0.023463309745341086,
      0.02506563367497595,
      0.021638978385907177,
      0.02263948620271538,
      0.02724735869100391,
      0.0214741488346847,
      0.02556487711254043,
      0.028703504980833336,
      0.023824204801154353,
      0.025477315653058896,
      0.023532909649710162,
      0.02620629435773135,
      0.025475617826528463,
      0.02237569972714211,
      0.02757160398418418,
      0.02354478403518265,
      0.02408020869803284,
      0.027507311191783488,
      0.024883369906695055,
      0.025858879547939837,
      0.025836693224890617,
      0.025992264886214016,
      0.029401667512341835,
      0.026754422956868147,
      0.025475272110530307,
      0.026975406645188577,
      0.03150744859616082,
      0.02982890973926315,
      0.031718339301124894,
      0.03755254057833308,
      0.025982109778829622,
      0.03657129954965643,
      0.027425531162045283,
      0.02543989843533213,
      0.03271113836566003,
      0.032074830463682626
    ]
  }
}