{
  "CNN-LSTM-Attention-based": {
    "training_loss": [
      0.03289482236433659,
      0.028626505603874308
    ],
    "validation_loss": [
      0.001468110383606293,
      0.001468110383606293
    ]
  }
}