{
  "CNN-LSTM-Attention-based": {
    "training_loss": [
      0.06809178391917027,
      0.015323679963256655
    ],
    "validation_loss": [
      0.001038671280978851,
      0.0003138788578979356
    ]
  }
}