{
  "CNN-LSTM-Attention-based": {
    "training_loss": [
      0.001187590961163541,
      0.0009146706191263434
    ],
    "validation_loss": [
      0.0004373496997272168,
      0.00015985391961654167
    ]
  }
}