{
  "CNN-LSTM-Attention-based": {
    "training_loss": [
      0.03151456655654232,
      0.021733032918609348
    ],
    "validation_loss": [
      0.0001506003396513184,
      0.00012632180663490464
    ]
  }
}