{
  "CNN-LSTM-Attention-based": {
    "training_loss": [
      0.0008422681868762649,
      0.0007035007438002908
    ],
    "validation_loss": [
      0.00022423573417503504,
      0.0001649720242161422
    ]
  }
}