{
  "CNN-LSTM-Attention-based": {
    "training_loss": [
      0.002959185022305935,
      0.002014841990056613
    ],
    "validation_loss": [
      0.00035511504145378765,
      0.00033923634162819977
    ]
  }
}