{
  "CNN-LSTM-Attention-based": {
    "training_loss": [
      0.033173675753083574,
      0.028899754131242607
    ],
    "validation_loss": [
      0.00041810576870033504,
      0.00019935135405959814
    ]
  }
}