{
  "CNN-LSTM-Attention-based": {
    "training_loss": [
      0.0027705394129311912,
      0.0023863495615877714
    ],
    "validation_loss": [
      0.00034051412280569686,
      0.0002496554318102116
    ]
  }
}