{
  "CNN-LSTM-Attention-based": {
    "training_loss": [
      0.0037152851229174094
    ],
    "validation_loss": [
      0.00018299843015318567
    ]
  }
}