{
  "CNN-LSTM-Attention-based": {
    "training_loss": [
      0.003419736611204675,
      0.0032012823697660344
    ],
    "validation_loss": [
      0.0007788313977551041,
      0.0006815568266207712
    ]
  }
}