{
  "CNN-LSTM-Attention-based": {
    "training_loss": [
      0.002121472952391038,
      0.0010024508430230166
    ],
    "validation_loss": [
      0.0005795179882593322,
      0.00018655654173671153
    ]
  }
}