{
  "CNN-LSTM-Attention-based": {
    "training_loss": [
      0.006035420466476763,
      0.005236937284049854
    ],
    "validation_loss": [
      0.0007771451590241681,
      0.0007267190392693163
    ]
  }
}