{
  "CNN-Attention-GRU-based": {
    "MSE": 0.012887,
    "MAE": 0.093467,
    "RMSE": 0.113519,
    "MAPE": 0.474832
  }
}