{
  "CNN-Attention-GRU-based": {
    "MSE": 0.008287,
    "MAE": 0.07199,
    "RMSE": 0.091028,
    "MAPE": 0.317208
  }
}