{
  "CNN-Attention-GRU-based": {
    "MSE": 0.009212,
    "MAE": 0.073793,
    "RMSE": 0.095971,
    "MAPE": 0.410925
  }
}