{"num_cnn_layers": 3, "num_lstm_layers": 1, "filters": 32, "kernel_size": 3, "lstm_units": 150, "dropout": 0.30000000000000004, "activation": "ReLU", "lr": 0.00021510128672407955, "optimizer": "Adam"}