{
  "CNN-BiGRU-Attention-based": {
    "training_loss": [
      0.601093719724385,
      0.3343172013420802,
      0.21856478121169123,
      0.16867499445065381,
      0.13896270635467353,
      0.11652706073500155,
      0.09948114629885386,
      0.08587913826648773,
      0.07493282737276363,
      0.06632183955605238,
      0.05944601358103867,
      0.0539804341578567,
      0.04961403456541404,
      0.0459970005824152,
      0.04299172369342185,
      0.0405892378128951,
      0.03850450659855698,
      0.03670959663709726,
      0.03508485806841203,
      0.033888797337212936,
      0.032722321261171694,
      0.031715258844375975,
      0.030772801365656105,
      0.03002369449774042,
      0.029447637336303376,
      0.028876317982616046,
      0.028102745937699045,
      0.027822433674001883,
      0.027386011414891203,
      0.026943044249940814,
      0.026526807353330534,
      0.026218617553234257,
      0.025933124898323258,
      0.02543868511755575,
      0.025241055743297245,
      0.024842880549789725,
      0.024592699630452287,
      0.024272468913498015,
      0.024066809874319542
    ],
    "validation_loss": [
      0.01063355813258803,
      0.009722543320247343,
      0.009359112038713443,
      0.009347575062143428,
      0.009258411626064486,
      0.009093900364204929,
      0.009124791839036283,
      0.009099695450541649,
      0.008978758039851705,
      0.009025920550436614,
      0.009115752793353546,
      0.009016579674830386,
      0.009195645909652219,
      0.009164116384422445,
      0.009066044737200636,
      0.009235578182094788,
      0.009364411980564986,
      0.009188406661126788,
      0.009282108998720671,
      0.009501539773170973,
      0.009465945109568693,
      0.00922319963509282,
      0.009323226919697298,
      0.0096140337124519,
      0.009078429516899836,
      0.00931737208869178,
      0.009706470079824224,
      0.009718482919897024,
      0.009557724493992078,
      0.009730673502557553,
      0.009697372448741347,
      0.009683932174466081,
      0.009839032858063083,
      0.009348495847096185,
      0.009748513429340992,
      0.009883662457805831,
      0.009728121838265366,
      0.009550242723858023,
      0.00940123454739268
    ]
  }
}