{
  "CNN-BiGRU-Attention-based": {
    "training_loss": [
      0.5698835903367016,
      0.269287827819651,
      0.16383685994265637,
      0.1246258903351863,
      0.09928537969450982,
      0.08148882182669587,
      0.06897982291600115,
      0.05983233932788836,
      0.053076018709322555,
      0.04812862029792313,
      0.04432428957531697,
      0.04120204936085305,
      0.03886464876764713,
      0.03674906624289519,
      0.03531380270320425,
      0.033751760759845345,
      0.032606009126557305,
      0.031530365769300996,
      0.03045112000252538,
      0.029871245767896754,
      0.029203121874815656,
      0.028551713191380387,
      0.02789716498041831,
      0.02745601182326642,
      0.026976981026648302,
      0.026461880790636237,
      0.026196063073918516,
      0.02576065337289475,
      0.025560685169742456,
      0.025062424907994738,
      0.024965296168067783,
      0.024414550743719943,
      0.024374632090656188,
      0.024029895368172773,
      0.023913795164331828,
      0.023746833374776777,
      0.023598822775241845,
      0.023399088968251807,
      0.023222657507061307,
      0.023136837802892572,
      0.02297144860795473
    ],
    "validation_loss": [
      0.012774966425959256,
      0.0109547726106602,
      0.010281354934628402,
      0.010096598019289386,
      0.009887302981468138,
      0.009904119326127368,
      0.009628041689707474,
      0.009859792930497364,
      0.00956300113324102,
      0.009759423857020747,
      0.009519570152164548,
      0.009586158683979428,
      0.009699123514282119,
      0.009984584889941282,
      0.009759343646049917,
      0.009717247595398368,
      0.009939905620746679,
      0.01015203622645223,
      0.00991508790285333,
      0.01058877053038849,
      0.01033480443268806,
      0.01101236758506173,
      0.01082655512955743,
      0.011205963360575529,
      0.010843883561608675,
      0.011502263478127184,
      0.011007014385235684,
      0.011466967313179185,
      0.011274293579577982,
      0.011292283976828302,
      0.011022994617143502,
      0.010918697840501587,
      0.010891280185848057,
      0.010903786841805999,
      0.011106594846668568,
      0.011490577981657498,
      0.011868072328502899,
      0.011818948384192023,
      0.011302924128835434,
      0.011176344401274737,
      0.011247005636015764
    ]
  }
}