{
  "CNN-BiGRU-Attention-based": {
    "training_loss": [
      0.5684093181076484,
      0.2727890045442431,
      0.1679159460520786,
      0.12867193338958688,
      0.10360370916942373,
      0.08635058709389275,
      0.07375439797934216,
      0.06481147988090999,
      0.058097017005790556,
      0.05308005932698943,
      0.0486261116278777,
      0.04488814367721878,
      0.04235148968439282,
      0.04020617948600373,
      0.038535866583004307,
      0.03705875803235325,
      0.03555046794724026,
      0.0343426042505509,
      0.03327200517071421,
      0.03238284935597363,
      0.03154200056792871,
      0.030704875187964657,
      0.02995511901690486,
      0.029423861560491673,
      0.02891326381542741,
      0.028464309993524582,
      0.027919224515596433,
      0.027327328806191736,
      0.02693753370496521,
      0.026630337628977936,
      0.02631726930808478,
      0.025906929707125274,
      0.025635173603005042,
      0.025415877661555224,
      0.025084745166611234,
      0.02481007078196038,
      0.024774770818376708,
      0.02433359428046307,
      0.02406198266834908,
      0.023958820877384702,
      0.02367140860304941,
      0.023460796862945037,
      0.023342474587196436,
      0.023186398953877897,
      0.022871640791395604,
      0.02278135383857215,
      0.022647586520663388,
      0.022532795717362348,
      0.022467459324460263,
      0.02236985149197998,
      0.02218347748549045,
      0.022150777789214447,
      0.022061875154429006,
      0.02204637390262922,
      0.021898392658034786,
      0.021792283211549298,
      0.021829146661856026,
      0.02181119253229343,
      0.02162992172171533,
      0.02166226197477763
    ],
    "validation_loss": [
      0.012498538836941018,
      0.01206417001419134,
      0.011944732550609778,
      0.011660252854071714,
      0.012166255658453369,
      0.011469705150807863,
      0.012133341220735045,
      0.011914112491181472,
      0.012302099209330924,
      0.012371259839176299,
      0.011715542056135364,
      0.012943029947500755,
      0.012355632239861506,
      0.012546587702850779,
      0.013445814895619463,
      0.01237228621201186,
      0.012683408237160085,
      0.012896338357244963,
      0.011725348886102438,
      0.011630002155222675,
      0.011729800985748325,
      0.01135606007077373,
      0.01175246538164524,
      0.011453110903788071,
      0.011557251231262942,
      0.011353402255246272,
      0.011362828789734757,
      0.011434758088544949,
      0.011438586377909968,
      0.011340740335440927,
      0.011609430724455343,
      0.011598177817552449,
      0.011555178058366259,
      0.011640888576923343,
      0.011787560315789668,
      0.011707736123874263,
      0.011873787080126626,
      0.011920987895422883,
      0.012023291785035518,
      0.01211618009134085,
      0.01206420730942717,
      0.012152764672687003,
      0.01217235484440531,
      0.012176870466112258,
      0.012216297798900754,
      0.01222769619076402,
      0.012231050026635607,
      0.01223021447398029,
      0.012221741066737608,
      0.012220697698893246,
      0.012246291980251565,
      0.012234408333506827,
      0.012236583440636214,
      0.012212664670460708,
      0.012236758275283175,
      0.012257133972003951,
      0.012231584967250799,
      0.01225135691294616,
      0.012241768627915975,
      0.01222834258724551
    ]
  }
}