{
  "CNN-BiGRU-Attention-based": {
    "training_loss": [
      0.561553139559233,
      0.2594804558674634,
      0.15404196932990163,
      0.11615068924771507,
      0.09251797877760985,
      0.07666132628474052,
      0.06587306718014167,
      0.057984523984053925,
      0.05211040665984362,
      0.047488371999820145,
      0.04418680387925872,
      0.04139773558088025,
      0.03930588913738936,
      0.03726351166864932,
      0.035666924133087835,
      0.034125247940864745,
      0.03287308706841619,
      0.03179016141400341,
      0.03093261803107274,
      0.030066780207740656,
      0.02929340803020368,
      0.028804925040402263,
      0.028127399685869282,
      0.027630689643623533,
      0.02711097011261093,
      0.026693929133581196,
      0.026171538789614694,
      0.025937420293205986,
      0.025599737783760197,
      0.02518649515573542,
      0.02492608197829352,
      0.02465435852591868,
      0.02441476776399984,
      0.024197704731217618
    ],
    "validation_loss": [
      0.012199642443328104,
      0.011612425886107619,
      0.011361526883159962,
      0.011047413124133638,
      0.011520984628272037,
      0.0115337157850325,
      0.011563771467936435,
      0.011734957066274879,
      0.012005978194595479,
      0.01277738603014636,
      0.011799328365149514,
      0.011678693471101297,
      0.011513469668167225,
      0.01232210255917912,
      0.011424246094077042,
      0.01160704338639296,
      0.011513819121274504,
      0.011362784905864771,
      0.01126410096113924,
      0.01146130452434909,
      0.011653926789486575,
      0.011645395353586526,
      0.01178196844793269,
      0.011811273481579409,
      0.011954130464593917,
      0.011978800380814513,
      0.012006301219997547,
      0.012059757537363446,
      0.012131185641091467,
      0.01211162891333528,
      0.012164261292392183,
      0.012136245264644015,
      0.012156393078046536,
      0.01220150593824802
    ]
  }
}