{
  "CNN-BiGRU-Attention-based": {
    "training_loss": [
      0.5682437659824202,
      0.2694072818487191,
      0.16102064387857312,
      0.12134744271642536,
      0.09661251358097184,
      0.0797272933939936,
      0.06795121046811982,
      0.05966159832703404,
      0.05367630918885969,
      0.04898058876649779,
      0.045510943810954406,
      0.042480537933030256,
      0.039857616776170515,
      0.03773047100790122,
      0.036043075933575995,
      0.03435745238735652,
      0.03319707916387852,
      0.03189859480364146,
      0.030665946449224515,
      0.029958761136846694,
      0.029205510243479744,
      0.02854452295529897,
      0.027776850722371176,
      0.027338340367748192,
      0.026879429090662033,
      0.02637824482001785,
      0.02581180386862053,
      0.0255920864875007,
      0.025183895891642445,
      0.024941475749459645,
      0.024728339031645463,
      0.024422643850612578,
      0.024221578291876374,
      0.023975593828895192,
      0.02380116079679796
    ],
    "validation_loss": [
      0.012389971829800754,
      0.011877105030640569,
      0.011696601508351633,
      0.012071859802652784,
      0.011641699709846343,
      0.013501772007883743,
      0.012759560848799928,
      0.012946774812020532,
      0.012621723723821277,
      0.012403775990048454,
      0.013427397377312758,
      0.012486976159544052,
      0.013375642161405337,
      0.01387659418796256,
      0.012648085561204185,
      0.011895102412878632,
      0.012128368551775995,
      0.011957245891923558,
      0.011810616802933075,
      0.011949728913409488,
      0.012128642786313794,
      0.012095503567762008,
      0.01208990566341138,
      0.012099546695946864,
      0.012134142927890692,
      0.012135192194885057,
      0.01221360737007705,
      0.012208955111259337,
      0.012198822776707061,
      0.012237582148595888,
      0.012231448786773583,
      0.012252629807972449,
      0.012248666143948424,
      0.012256813478605551,
      0.012223281207675483
    ]
  }
}