{
  "CNN-BiGRU-Attention-based": {
    "training_loss": [
      0.5614997010864154,
      0.2579173019170552,
      0.15283332242059874,
      0.11485641220491462,
      0.0915835930865444,
      0.07620277743554763,
      0.06572208153924641,
      0.05847681223640935,
      0.05295358173464287,
      0.04882188713036014,
      0.04576686362260063,
      0.04306613052987039,
      0.04055935015949265,
      0.03867649239807094,
      0.036641809480439456,
      0.03523757373367246,
      0.03404024857162489,
      0.032972905484471376,
      0.03197264974964595,
      0.031022265613875714,
      0.030421961342963235,
      0.029649311278299423,
      0.02899562520130907,
      0.028462707044639993,
      0.02793480624509265,
      0.027455738628908377,
      0.02700618916255643,
      0.02658548440186733,
      0.026321703966422944,
      0.025964158676127193,
      0.025647925854538952,
      0.025254186696644733,
      0.024895666885425605,
      0.024735665051666505,
      0.02442825154142616,
      0.024439923606460343,
      0.02414454604963479,
      0.0239081002092748,
      0.02367172505801232,
      0.02356901659085811,
      0.02336547380487951,
      0.023234176905752274,
      0.023095370994311065,
      0.02289596811021816,
      0.022658989159104647,
      0.022571817415094658,
      0.022497506281662992,
      0.022312298886833826,
      0.02229041272185018,
      0.022150651775839216
    ],
    "validation_loss": [
      0.013546793140966818,
      0.012613499424568722,
      0.012272317518664429,
      0.012218168864904164,
      0.012108225807638907,
      0.012605527578975399,
      0.012448069215434131,
      0.012330589675704986,
      0.012425198620951844,
      0.012223511630907367,
      0.012367627342050526,
      0.012406158564374138,
      0.01213573977586058,
      0.01219878152613047,
      0.012204871333535311,
      0.012255762220929571,
      0.012251669177279894,
      0.011948581300545385,
      0.012009296377047557,
      0.011803104256764185,
      0.011991581240189368,
      0.011864462260633132,
      0.011804827314437792,
      0.012014224251076552,
      0.01194239962167529,
      0.011889872982797919,
      0.011926289357492886,
      0.012111196420016828,
      0.01199192404518664,
      0.012024724060072581,
      0.012026355333541456,
      0.012078503036672565,
      0.012121932625105105,
      0.01207746680574769,
      0.012107882475000912,
      0.0120721125923058,
      0.012097630255909445,
      0.012123098992457166,
      0.012150585163717408,
      0.012159989389139121,
      0.01218607897451066,
      0.012186611996027405,
      0.012172337806573213,
      0.012162967925098595,
      0.012195134125225859,
      0.01222520598150046,
      0.012217460699288106,
      0.012210685288412872,
      0.012197306756445593,
      0.012239436730709834
    ]
  }
}