{
  "CNN-Attention-BiGRU-based": {
    "MSE": 0.031259,
    "MAE": 0.138014,
    "RMSE": 0.176646,
    "MAPE": 0.242859
  }
}