{
  "CNN-Attention-BiGRU-based": {
    "MSE": 0.044729,
    "MAE": 0.172062,
    "RMSE": 0.211402,
    "MAPE": 0.304919
  }
}