{
  "CNN-LSTM-Attention-based": {
    "MSE": 0.011901,
    "MAE": 0.088501,
    "RMSE": 0.109072,
    "MAPE": 0.42545
  }
}