{
  "CNN-Attention-LSTM-based": {
    "MSE": 0.006759,
    "MAE": 0.066021,
    "RMSE": 0.082215,
    "MAPE": 0.337442
  }
}