{
  "CNN-Attention-LSTM-based": {
    "MSE": 0.008984,
    "MAE": 0.073602,
    "RMSE": 0.094784,
    "MAPE": 0.317924
  }
}