{
  "CNN-Attention-LSTM-based": {
    "MSE": 0.006994,
    "MAE": 0.06648,
    "RMSE": 0.083629,
    "MAPE": 0.295745
  }
}