{
  "CNN-Attention-LSTM-based": {
    "MSE": 0.007506,
    "MAE": 0.068507,
    "RMSE": 0.08662,
    "MAPE": 0.346667
  }
}