{
  "CNN-LSTM-Attention-based": {
    "MSE": 0.022647,
    "MAE": 0.120938,
    "RMSE": 0.150444,
    "MAPE": 0.299284
  }
}