{
  "LSTM-based": {
    "MSE": 0.036672,
    "MAE": 0.154518,
    "RMSE": 0.1915,
    "MAPE": 0.268434
  }
}