{
  "LSTM-based": {
    "MSE": 0.033892,
    "MAE": 0.148213,
    "RMSE": 0.184098,
    "MAPE": 0.259029
  }
}