{
  "LSTM-based": {
    "MSE": 0.03416,
    "MAE": 0.148571,
    "RMSE": 0.184803,
    "MAPE": 0.259595
  }
}