{
  "LSTM-based": {
    "MSE": 0.034843,
    "MAE": 0.149982,
    "RMSE": 0.186654,
    "MAPE": 0.261703
  }
}