{
  "LSTM-based": {
    "MSE": 0.037327,
    "MAE": 0.156232,
    "RMSE": 0.193194,
    "MAPE": 0.271214
  }
}