{
  "LSTM-based": {
    "MSE": 0.036584,
    "MAE": 0.154697,
    "RMSE": 0.191263,
    "MAPE": 0.269015
  }
}