{
  "LSTM-based": {
    "MSE": 0.037856,
    "MAE": 0.157417,
    "RMSE": 0.194559,
    "MAPE": 0.272897
  }
}