{
  "LSTM-based": {
    "MSE": 0.025728,
    "MAE": 0.107232,
    "RMSE": 0.160401,
    "MAPE": 0.38813
  }
}