{
  "LSTM-based": {
    "MSE": 0.025719,
    "MAE": 0.107122,
    "RMSE": 0.160365,
    "MAPE": 0.388725
  }
}