{
  "LSTM-based": {
    "MSE": 0.0259,
    "MAE": 0.107777,
    "RMSE": 0.16093,
    "MAPE": 0.387426
  }
}