{
  "LSTM-based": {
    "MSE": 0.025954,
    "MAE": 0.107934,
    "RMSE": 0.1611,
    "MAPE": 0.382782
  }
}