{
  "LSTM-based": {
    "MSE": 0.026106,
    "MAE": 0.108535,
    "RMSE": 0.161568,
    "MAPE": 0.381404
  }
}