{
  "LSTM-based": {
    "MSE": 0.026199,
    "MAE": 0.108929,
    "RMSE": 0.161856,
    "MAPE": 0.380441
  }
}