{
  "LSTM-based": {
    "MSE": 0.026274,
    "MAE": 0.108935,
    "RMSE": 0.162087,
    "MAPE": 0.37939
  }
}