{
  "CNN-LSTM-based": {
    "MSE": 0.012687,
    "MAE": 0.075845,
    "RMSE": 0.112636,
    "MAPE": 0.313781
  }
}