{
  "CNN-LSTM-based": {
    "MSE": 0.014231,
    "MAE": 0.081321,
    "RMSE": 0.119293,
    "MAPE": 0.315212
  }
}