{
  "CNN-LSTM-based": {
    "MSE": 0.042497,
    "MAE": 0.151565,
    "RMSE": 0.190061,
    "MAPE": 0.557959
  }
}