{
  "CNN-LSTM-based": {
    "MSE": 0.015876,
    "MAE": 0.083717,
    "RMSE": 0.125993,
    "MAPE": 0.308203
  }
}