{
  "CNN-LSTM-based": {
    "MSE": 0.050852,
    "MAE": 0.172908,
    "RMSE": 0.212202,
    "MAPE": 0.62517
  }
}