{
  "CNN-LSTM-based": {
    "MSE": 0.017465,
    "MAE": 0.087026,
    "RMSE": 0.132095,
    "MAPE": 0.320572
  }
}