{
  "CNN-LSTM-based": {
    "MSE": 0.064512,
    "MAE": 0.204803,
    "RMSE": 0.244279,
    "MAPE": 0.73857
  }
}