{
  "CNN-Attention-BiLSTM-based": {
    "MSE": 0.080534,
    "MAE": 0.270085,
    "RMSE": 0.283784,
    "MAPE": 7813044561533.76
  }
}