{
  "CNN-Attention-BiLSTM-based": {
    "MSE": 0.005916,
    "MAE": 0.051267,
    "RMSE": 0.076856,
    "MAPE": 0.244729
  }
}