{
  "CNN-Attention-BiLSTM-based": {
    "MSE": 0.014523,
    "MAE": 0.085414,
    "RMSE": 0.120473,
    "MAPE": 4229014503255.414
  }
}