{
  "CNN-Attention-BiLSTM-based": {
    "MSE": 0.009264,
    "MAE": 0.066349,
    "RMSE": 0.096209,
    "MAPE": 2681294841656.8394
  }
}