{
  "CNN-Attention-BiLSTM-based": {
    "MSE": 0.012784,
    "MAE": 0.065363,
    "RMSE": 0.112968,
    "MAPE": 3856164707504.8506
  }
}