{
  "CNN-Attention-BiLSTM-based": {
    "MSE": 0.005048,
    "MAE": 0.049376,
    "RMSE": 0.070983,
    "MAPE": 0.219161
  }
}