{
  "CNN-Attention-BiLSTM-based": {
    "MSE": 0.012641,
    "MAE": 0.06621,
    "RMSE": 0.112386,
    "MAPE": 2518751265920.825
  }
}