{
  "CNN-Attention-BiLSTM-based": {
    "MSE": 0.005792,
    "MAE": 0.053213,
    "RMSE": 0.076021,
    "MAPE": 0.233698
  }
}