{
  "CNN-Attention-BiLSTM-based": {
    "MSE": 0.006875,
    "MAE": 0.058052,
    "RMSE": 0.082844,
    "MAPE": 0.223254
  }
}