{
  "CNN-Attention-BiLSTM-based": {
    "MSE": 0.010943,
    "MAE": 0.067597,
    "RMSE": 0.10427,
    "MAPE": 2607782034853.6294
  }
}