{
  "CNN-Attention-BiLSTM-based": {
    "MSE": 0.012931,
    "MAE": 0.070394,
    "RMSE": 0.112906,
    "MAPE": 2088835657998.6306
  }
}