{
  "CNN-Attention-GRU-based": {
    "MSE": 0.173395,
    "MAE": 0.37388,
    "RMSE": 0.416408,
    "MAPE": 0.839973
  }
}