{
  "CNN-LSTM-based": {
    "training_loss": [
      1.0147616198669327,
      1.0035161531760717,
      0.9893629060805051,
      0.974963548706799,
      0.9582278574800658,
      0.9445858163700702,
      0.930920088748068,
      0.9174614413690069,
      0.9054486049592287,
      0.8953582266481911,
      0.8852901643576938,
      0.8766898560607059,
      0.8700217932774215,
      0.8668022411210197,
      0.8616051104841332,
      0.8572228384765599,
      0.8533781507289369,
      0.8501338977431586,
      0.8472847512790135,
      0.8437522581230057,
      0.8398742256264238,
      0.836615017897576,
      0.8322216727177025,
      0.8288631941798672,
      0.8259986360729363,
      0.8217384032256096,
      0.8174930032122011,
      0.8137005590395645,
      0.8108812844711729,
      0.8064424032118263,
      0.803323763172801,
      0.8003716346278839,
      0.7960610443706712,
      0.7937902687734012,
      0.790365734789845,
      0.7854801480778418,
      0.7832873309946227,
      0.7796786086899894,
      0.775707397103725,
      0.7719601068762537,
      0.7685758438259882,
      0.766407983643668,
      0.7618854465384932,
      0.7591845129425102,
      0.7550766235444604,
      0.752472238465884,
      0.7473384418138643,
      0.7454517872076001,
      0.7430509067163235,
      0.7394355749419342,
      0.7352049772332354,
      0.7327012116485356,
      0.7294356152155673,
      0.7257714529070705,
      0.7217288403560891,
      0.7189673835392197,
      0.714940406511885,
      0.7135189499589208,
      0.708931781066004,
      0.7078674745061256,
      0.7037953703245635,
      0.6994228871857248,
      0.6964296906251941,
      0.6930679963440846
    ],
    "validation_loss": [
      0.2807503640651703,
      0.2807503640651703,
      0.27665793895721436,
      0.2600803077220917,
      0.2418743222951889,
      0.22215162217617035,
      0.2012769728899002,
      0.17975932359695435,
      0.15796266496181488,
      0.13635030388832092,
      0.11574872583150864,
      0.09691596031188965,
      0.0805143490433693,
      0.06699647009372711,
      0.05683364346623421,
      0.04986967518925667,
      0.04541243612766266,
      0.04305379465222359,
      0.04230325296521187,
      0.042452480643987656,
      0.043478406965732574,
      0.04479387030005455,
      0.046374816447496414,
      0.04790090024471283,
      0.04928983002901077,
      0.05048314109444618,
      0.0515163354575634,
      0.052382566034793854,
      0.052859798073768616,
      0.05299277603626251,
      0.053106870502233505,
      0.05298639088869095,
      0.05270213633775711,
      0.05213560536503792,
      0.05167762190103531,
      0.051182594150304794,
      0.05067557469010353,
      0.05012400448322296,
      0.049466572701931,
      0.048981036990880966,
      0.0486755408346653,
      0.04835401102900505,
      0.048107292503118515,
      0.047995176166296005,
      0.04794645309448242,
      0.04808516800403595,
      0.04821447655558586,
      0.04833735525608063,
      0.048561014235019684,
      0.048817262053489685,
      0.048730768263339996,
      0.04838124290108681,
      0.0481879748404026,
      0.048206254839897156,
      0.048215944319963455,
      0.04826223850250244,
      0.04838244244456291,
      0.048634715378284454,
      0.048706650733947754,
      0.04886486753821373,
      0.04890376329421997,
      0.04884307086467743,
      0.04868622124195099,
      0.04836280643939972
    ]
  }
}