{
  "CNN-LSTM-based": {
    "training_loss": [
      0.9981772874705883,
      0.9822991795656157,
      0.967408297369289,
      0.9539524698922027,
      0.9413520903537498,
      0.92932424977266,
      0.9176065610260914,
      0.9068843300749616,
      0.8977021309141499,
      0.8895270400761727,
      0.8823189893250681,
      0.8765824667668093,
      0.8704419624099333,
      0.8650759959054741,
      0.8597239665038079,
      0.855723166299614,
      0.8509343268563938,
      0.8492357132742214,
      0.8452463806298551,
      0.839556079916007,
      0.8374527842325616,
      0.8334163662033214,
      0.8295364622870389,
      0.8247527407436837,
      0.8224259104047503,
      0.8180200243660797,
      0.8140799590104133,
      0.8112487423295344,
      0.8065539899603416,
      0.8038743971116867,
      0.800369671205195,
      0.7955511440798796,
      0.7926701907496835,
      0.7891494185251642,
      0.7850722296728074,
      0.7809054764305673,
      0.7789739434727393,
      0.7737957207998748,
      0.7711683162828771,
      0.7681258403881086,
      0.7636066309666384,
      0.7601492542007658,
      0.757010651797783,
      0.754125862586789,
      0.7497864508878064,
      0.747502927580777,
      0.7431063585580434,
      0.7391723390240287,
      0.7360778222516023,
      0.7329642349003914,
      0.7295481255245541,
      0.726024154586659,
      0.723039987402926,
      0.7200740156273393,
      0.7165092196614069,
      0.7139328817872636,
      0.7090006179925872,
      0.7066070688726179,
      0.7020498179807896,
      0.7007897901202743,
      0.6960426508757296,
      0.6930121204163555,
      0.6888713051633137,
      0.685837771626715,
      0.6831105802117324,
      0.6792332212268684
    ],
    "validation_loss": [
      0.23907198011875153,
      0.23249278962612152,
      0.22306638956069946,
      0.21144740283489227,
      0.19821617007255554,
      0.18378949165344238,
      0.16824868321418762,
      0.15150779485702515,
      0.13375279307365417,
      0.11541701853275299,
      0.09747835993766785,
      0.08090902119874954,
      0.06671218574047089,
      0.055367447435855865,
      0.04688301682472229,
      0.040787920355796814,
      0.036660801619291306,
      0.03412977233529091,
      0.03283090889453888,
      0.03226577118039131,
      0.03225274384021759,
      0.03265581652522087,
      0.03322543948888779,
      0.03384639695286751,
      0.0346519909799099,
      0.03554031252861023,
      0.03639988973736763,
      0.03706637769937515,
      0.037553150206804276,
      0.03793203458189964,
      0.0382218137383461,
      0.03842218220233917,
      0.038535118103027344,
      0.0385546013712883,
      0.03839153051376343,
      0.038202282041311264,
      0.038069650530815125,
      0.03807871416211128,
      0.03814477473497391,
      0.03819213807582855,
      0.038386572152376175,
      0.03861014172434807,
      0.038961488753557205,
      0.03939592093229294,
      0.03963153809309006,
      0.03981654345989227,
      0.03999324515461922,
      0.04008941352367401,
      0.04017003998160362,
      0.04025945067405701,
      0.04043281078338623,
      0.04055462032556534,
      0.04065024107694626,
      0.040797989815473557,
      0.04115518182516098,
      0.041538309305906296,
      0.04172394052147865,
      0.04207303747534752,
      0.04253484681248665,
      0.04313944652676582,
      0.04355278238654137,
      0.043986935168504715,
      0.04444595053792,
      0.04480960965156555,
      0.04526204243302345,
      0.04558020085096359
    ]
  }
}