{
  "CNN-LSTM-based": {
    "training_loss": [
      1.0173812979584806,
      1.005955736120264,
      0.9944065000627424,
      0.9844238007818902,
      0.972945225822342,
      0.9624857927535797,
      0.9521701019127052,
      0.9425296875146719,
      0.9334311535308412,
      0.9238653157974457,
      0.9146058250974108,
      0.9068639082508487,
      0.8980512260557054,
      0.8911759536583107,
      0.8856959513850979,
      0.8789474017970211,
      0.8744929699631004,
      0.8688089668333947,
      0.8642256426644492,
      0.8599969411229754,
      0.8556991365406063,
      0.8521902527842489,
      0.8469833306499295,
      0.8429972433543705,
      0.8391175474320258,
      0.8357895933664762,
      0.8309416704244547,
      0.8263822231259379,
      0.8226636706532299,
      0.8192536401581931,
      0.814922973826215,
      0.8111856675648189,
      0.8073833101279252,
      0.8018964524869319,
      0.7992401381472608,
      0.7945836436498416,
      0.7912165234972547,
      0.78746763767896,
      0.7835490820291159,
      0.7796127971235689,
      0.7755867617947239,
      0.7726636287215707,
      0.7683730187949601,
      0.7642232396385886,
      0.7604005240893864,
      0.7574025813516203,
      0.7533245728566096,
      0.7498556867346063,
      0.7467617163291345,
      0.7420230136884676,
      0.7386888724107009,
      0.7347345602262271,
      0.7319654122099176,
      0.7276460111558021,
      0.7241016222046806,
      0.7200874540355656,
      0.7167498840318693,
      0.7136559915709328,
      0.7094821909090856,
      0.7054097081397797,
      0.7021772932339382,
      0.6987674636440677,
      0.6945448884597192,
      0.6921588841018144,
      0.6886769024642198,
      0.684239810996956,
      0.6807043777479158,
      0.6776855133630179,
      0.6745752483814746
    ],
    "validation_loss": [
      0.24665819108486176,
      0.24345821142196655,
      0.23620449006557465,
      0.22607077658176422,
      0.2150307595729828,
      0.20306245982646942,
      0.19011062383651733,
      0.17612527310848236,
      0.1611272692680359,
      0.14527426660060883,
      0.12891313433647156,
      0.11258810013532639,
      0.0969574823975563,
      0.08283409476280212,
      0.07058678567409515,
      0.06042192503809929,
      0.05229039490222931,
      0.046044960618019104,
      0.04140081629157066,
      0.03818902745842934,
      0.036108747124671936,
      0.03489435091614723,
      0.034232597798109055,
      0.034012321382761,
      0.03405706584453583,
      0.03441939875483513,
      0.03486277163028717,
      0.03548040613532066,
      0.036120008677244186,
      0.03688928857445717,
      0.03772011026740074,
      0.038608066737651825,
      0.039215508848428726,
      0.03942335769534111,
      0.03950898349285126,
      0.03951949626207352,
      0.0394369512796402,
      0.039074577391147614,
      0.03893148526549339,
      0.03902895748615265,
      0.03907068446278572,
      0.038881998509168625,
      0.03867428004741669,
      0.038598764687776566,
      0.038530364632606506,
      0.03838284686207771,
      0.03848797082901001,
      0.03867866098880768,
      0.03886950761079788,
      0.038988783955574036,
      0.0390208438038826,
      0.039017919450998306,
      0.03888137638568878,
      0.03869438171386719,
      0.03905012831091881,
      0.039450518786907196,
      0.03960515186190605,
      0.03969036042690277,
      0.039804764091968536,
      0.04005365073680878,
      0.04031956568360329,
      0.040460456162691116,
      0.0403248555958271,
      0.04045536741614342,
      0.040445663034915924,
      0.04031505063176155,
      0.040337443351745605,
      0.040318701416254044,
      0.0402035266160965
    ]
  }
}