{
  "CNN-LSTM-based": {
    "training_loss": [
      1.030515545731658,
      1.0221459565462765,
      1.0136295857129398,
      1.0063678809812853,
      0.997832689251933,
      0.9908245810261973,
      0.9836373787659866,
      0.9763758832758124,
      0.9699263839454918,
      0.9631404043077589,
      0.9562292015635884,
      0.9501395592322717,
      0.9442297211893789,
      0.9383195113468837,
      0.9328035407966667,
      0.9272725340369699,
      0.9218525953226157,
      0.9175947829559966,
      0.9128937608712203,
      0.9078687150161583,
      0.9034221380740612,
      0.8984784271333601,
      0.8939572881151746,
      0.8895039916872145,
      0.8850640075190084,
      0.8808700371455479,
      0.8764454222225643,
      0.871535475020642,
      0.8673744080783604,
      0.8630726437468629,
      0.8581686019897461,
      0.8544441407377069,
      0.8496630175130351,
      0.845573714563063,
      0.8409830390156566,
      0.8369427164951404,
      0.8330963299824641,
      0.8289767403702636,
      0.8240967051132576,
      0.8199169677454274,
      0.816202323753517,
      0.8116803752792465,
      0.8073651190404292,
      0.8033050594629941,
      0.7991291492969006,
      0.7947454540045945,
      0.7912395896611514,
      0.7870696733047912,
      0.7831375357154367,
      0.7791835082160843,
      0.7746251438047502,
      0.770480412703294,
      0.7664824636666091,
      0.7627344152310511,
      0.7584793821915047,
      0.754339810434755,
      0.7506762201135809,
      0.7472170432964405,
      0.7430054545402527,
      0.7390966519609198,
      0.734805989932347,
      0.7308480164387843,
      0.7272293142505459,
      0.7235933533915273,
      0.7195476331077255,
      0.7156248980468803,
      0.7119962060368145,
      0.7082681981000033,
      0.7044002705520683,
      0.7007069375131514,
      0.696700774706327,
      0.6929906135672456
    ],
    "validation_loss": [
      0.25871098041534424,
      0.2555597126483917,
      0.2514876127243042,
      0.2468196302652359,
      0.24172905087471008,
      0.23626627027988434,
      0.23043526709079742,
      0.22427047789096832,
      0.21787288784980774,
      0.21128486096858978,
      0.20466291904449463,
      0.1981511414051056,
      0.1919548213481903,
      0.1862398386001587,
      0.1810673326253891,
      0.17660024762153625,
      0.1728622317314148,
      0.16978369653224945,
      0.1672625094652176,
      0.16526314616203308,
      0.16372717916965485,
      0.16258078813552856,
      0.16170547902584076,
      0.16111259162425995,
      0.16069099307060242,
      0.16039833426475525,
      0.16030222177505493,
      0.16036993265151978,
      0.16054505109786987,
      0.16069327294826508,
      0.16076526045799255,
      0.16087645292282104,
      0.16095851361751556,
      0.16107036173343658,
      0.16121043264865875,
      0.16129201650619507,
      0.1613284945487976,
      0.16133272647857666,
      0.1612948477268219,
      0.16121341288089752,
      0.16113141179084778,
      0.161082923412323,
      0.16106706857681274,
      0.1609698235988617,
      0.1608836054801941,
      0.160833939909935,
      0.16082777082920074,
      0.16078636050224304,
      0.16085168719291687,
      0.16102808713912964,
      0.16117793321609497,
      0.16128215193748474,
      0.16138094663619995,
      0.16143661737442017,
      0.16149777173995972,
      0.16155697405338287,
      0.16160942614078522,
      0.16168926656246185,
      0.16171467304229736,
      0.16162186861038208,
      0.16160406172275543,
      0.16151277720928192,
      0.16145563125610352,
      0.16151922941207886,
      0.1615334302186966,
      0.1615162342786789,
      0.16148696839809418,
      0.16152185201644897,
      0.16153621673583984,
      0.16164588928222656,
      0.16168564558029175,
      0.16171324253082275
    ]
  }
}