{
  "CNN-BiLSTM-Attention-based": {
    "training_loss": [
      0.004934178653792662,
      0.0045644862798867245
    ],
    "validation_loss": [
      0.0008440610073821645,
      0.0008440610073821645
    ]
  }
}