{
  "CNN-BiLSTM-Attention-based": {
    "training_loss": [
      0.009654495953882257,
      0.005891553090929669
    ],
    "validation_loss": [
      0.0007775654019394391,
      0.0003601598199194586
    ]
  }
}