{
  "CNN-BiLSTM-Attention-based": {
    "training_loss": [
      0.06517518714544208,
      0.05642944837627478
    ],
    "validation_loss": [
      0.0007560147110754525,
      0.0008061209450025019
    ]
  }
}