{
  "CNN-BiLSTM-Attention-based": {
    "training_loss": [
      0.002151005682164589,
      0.00167380602354497
    ],
    "validation_loss": [
      0.0006216068557947348,
      0.00041765622570847456
    ]
  }
}