{
  "CNN-BiLSTM-Attention-based": {
    "training_loss": [
      0.0375712336007212,
      0.03447723895496135
    ],
    "validation_loss": [
      0.0002931634872467274,
      0.0001660504315851434
    ]
  }
}