{
  "CNN-BiLSTM-Attention-based": {
    "training_loss": [
      0.020776854709107825,
      0.019318205614884693
    ],
    "validation_loss": [
      0.0018147753538392114,
      0.0018093394749659174
    ]
  }
}