{
  "CNN-BiLSTM-Attention-based": {
    "training_loss": [
      0.023600013704960555,
      0.015219523311720013
    ],
    "validation_loss": [
      0.0007492610788408746,
      0.0002787113354825382
    ]
  }
}