{
  "CNN-BiLSTM-Attention-based": {
    "training_loss": [
      0.005943283279595426,
      0.004660180481515321
    ],
    "validation_loss": [
      0.00029188112837942777,
      0.00015206180565746118
    ]
  }
}