{
  "CNN-BiLSTM-Attention-based": {
    "training_loss": [
      0.003373013894286072
    ],
    "validation_loss": [
      0.0004285992386952772
    ]
  }
}