{
  "CNN-BiLSTM-Attention-based": {
    "training_loss": [
      0.004127680810529794,
      0.0036774716218173032
    ],
    "validation_loss": [
      0.00020901699991602646,
      0.00011697715932601377
    ]
  }
}