{
  "CNN-BiLSTM-Attention-based": {
    "training_loss": [
      0.003372607505311018,
      0.0018549613005882204
    ],
    "validation_loss": [
      0.00043722851888129585,
      9.570846726235591e-05
    ]
  }
}