{
  "CNN-BiLSTM-Attention-based": {
    "training_loss": [
      0.005698101542575259,
      0.004129384211461309
    ],
    "validation_loss": [
      0.0005863414172240546,
      0.0005348411054206146
    ]
  }
}