{
  "CNN-LSTM-based": {
    "training_loss": [
      0.9529075635106941,
      0.9068936950282047,
      0.8738933764005962,
      0.8526395960857994,
      0.8364948423285233,
      0.8204310661868045,
      0.8047153824254086,
      0.7899762605365954,
      0.7748182221462853,
      0.7601056117760507,
      0.7453061819076539,
      0.7312085377542596,
      0.7173245059816461,
      0.7032167290386401,
      0.6894047210091039,
      0.6756730518842998,
      0.6616191926755404,
      0.6483053734428004,
      0.635529247083162,
      0.6221699037049946,
      0.6096143277067887,
      0.5970497633281507,
      0.5841463923454284,
      0.5718270144964519,
      0.5597429852736624,
      0.5478811395795722,
      0.5356123905432851,
      0.5240854206838106,
      0.5127772161835118,
      0.5015806329877753,
      0.4899774836866479,
      0.4789489573553989,
      0.46850187747102034,
      0.45766790697449133,
      0.44697392802489433,
      0.43687690778782495,
      0.42644492011321217,
      0.41693885044047707,
      0.406693486790908,
      0.3972592319312849,
      0.3876098017943533,
      0.3785436821611304,
      0.3693998499920494,
      0.36031897381732336,
      0.35139660396073996,
      0.3432354073775442,
      0.3346437099732851,
      0.3263061024640736,
      0.31818571090698244,
      0.31025750166491456,
      0.3021425774222926,
      0.29464461615211085,
      0.28735374055410684,
      0.2795623286774284,
      0.2728260881022403,
      0.2662571348642048,
      0.25927783470404775,
      0.252538347401117,
      0.2464658194466641,
      0.23992790015120255
    ],
    "validation_loss": [
      0.047931744502140924,
      0.026651203957992,
      0.013079908643881758,
      0.008755641103676565,
      0.007920616189135121,
      0.0070846968890539,
      0.006534737303618576,
      0.006273079806795487,
      0.006170408116406077,
      0.006118949193351127,
      0.00607180385361914,
      0.006021602434216888,
      0.006013602216995055,
      0.005965293352524718,
      0.005923417361023335,
      0.00592945151395731,
      0.005965204463320804,
      0.0059405285474303715,
      0.005935381756040392,
      0.005947287064175922,
      0.00593999543364023,
      0.005975082373389831,
      0.005939773342513538,
      0.0059596154793211216,
      0.005989956959326576,
      0.005992623212115539,
      0.005970689813261265,
      0.005990107752174348,
      0.006036442883599263,
      0.006046157916421657,
      0.006050857311518459,
      0.006076842712538017,
      0.006086273183981022,
      0.00606769028321638,
      0.006080493399339331,
      0.006077005625604749,
      0.0060813312770447115,
      0.00608543951350909,
      0.006096667007679914,
      0.0060923126317769085,
      0.006071202378798198,
      0.006075619003520562,
      0.0060784107699365045,
      0.006071928855995615,
      0.006066213137229214,
      0.006105864414020435,
      0.006084948556719126,
      0.006095091688570442,
      0.006108654923476539,
      0.006120041458887029,
      0.006156882668448078,
      0.0061565481738506496,
      0.006205372671902805,
      0.006203940779726197,
      0.006214799177083936,
      0.006233762422172756,
      0.006246727533065355,
      0.006280335092956161,
      0.006235206561566858,
      0.00623081404702751
    ]
  }
}