{
  "CNN-GRU-based": {
    "training_loss": [
      1.0505302631402318,
      0.9895019787776319,
      0.9269128554983984,
      0.8845331774482245,
      0.828759145133103,
      0.7797513385362262,
      0.7337404806402665,
      0.69099254698693,
      0.6481360076348993,
      0.6053951669342911,
      0.5658714514744433,
      0.5293683183344104,
      0.4918506530266774,
      0.45738231230385695,
      0.42471273526360714,
      0.3944855222973642,
      0.36527469263801093,
      0.3387298346320285,
      0.31403473660915715,
      0.29074262290061276,
      0.2701608161383037,
      0.25017241416852687,
      0.2337490987928608,
      0.21885274784474434,
      0.20466047563130343,
      0.19423665332643292,
      0.1849794055842146,
      0.1781911140755762,
      0.17212931113907054,
      0.16548492221892636,
      0.1587260244767877,
      0.15325778364380704,
      0.14852910913244077,
      0.14417419856107688,
      0.13958341939539848,
      0.1350982036394409,
      0.13188453792016716,
      0.12766724560834183,
      0.12426279381483415,
      0.12180823351763471,
      0.1183462451341786,
      0.11543536997294124,
      0.11230161182488067,
      0.11004926632099514,
      0.10701389761665199,
      0.10464580498541458,
      0.10246827330770372,
      0.09997560536559624,
      0.09841763982667198,
      0.09626105352293086,
      0.09365161376286156,
      0.09146522211877606,
      0.09012593574161772,
      0.08818250903977623,
      0.08629992274166662,
      0.08470603484141676,
      0.08297872166090374,
      0.08171415036614937,
      0.07950946566047548,
      0.07825518125974679,
      0.07694933865266511,
      0.07532024072318137,
      0.07344918905556956,
      0.07295218817418135,
      0.07123076934603197,
      0.06981439869615096,
      0.06825027624263039,
      0.0675330317661732,
      0.06581791697800914,
      0.06522431979073753,
      0.06356654712293722,
      0.06321730587301375,
      0.061319167006619366,
      0.06067758666563638,
      0.05949240984230102
    ],
    "validation_loss": [
      0.09600042551755905,
      0.0848456621170044,
      0.055802565068006516,
      0.0668470561504364,
      0.0773276537656784,
      0.07011695951223373,
      0.06161930039525032,
      0.06238556653261185,
      0.06036733463406563,
      0.04896623268723488,
      0.03960851579904556,
      0.03684983402490616,
      0.03470447286963463,
      0.03133643418550491,
      0.029042033478617668,
      0.02780221775174141,
      0.026833228766918182,
      0.02588656358420849,
      0.024220705032348633,
      0.023229502141475677,
      0.02320883795619011,
      0.022760944440960884,
      0.023175103589892387,
      0.022881796583533287,
      0.021881362423300743,
      0.022782228887081146,
      0.0235291700810194,
      0.023618657141923904,
      0.022699488326907158,
      0.02259042300283909,
      0.02236192114651203,
      0.022191189229488373,
      0.022094111889600754,
      0.02278534509241581,
      0.023270411416888237,
      0.023294445127248764,
      0.02317904494702816,
      0.023285040631890297,
      0.023569567129015923,
      0.02333707921206951,
      0.023416681215167046,
      0.02327190712094307,
      0.022910617291927338,
      0.02283870056271553,
      0.022406263276934624,
      0.023130664601922035,
      0.022995375096797943,
      0.02252158522605896,
      0.023031268268823624,
      0.023736970499157906,
      0.0235842727124691,
      0.023232396692037582,
      0.02345358021557331,
      0.023580031469464302,
      0.02358718402683735,
      0.02371751144528389,
      0.023775136098265648,
      0.023508725687861443,
      0.023139605298638344,
      0.02336994931101799,
      0.023575665429234505,
      0.02353847213089466,
      0.023133626207709312,
      0.02320115640759468,
      0.022863691672682762,
      0.02258746698498726,
      0.022575119510293007,
      0.022585632279515266,
      0.022383101284503937,
      0.022624893113970757,
      0.022968478500843048,
      0.023292291909456253,
      0.02327156253159046,
      0.023023385554552078,
      0.022765690460801125
    ]
  }
}