{
  "LSTM-based": {
    "MSE": 0.034761,
    "MAE": 0.144769,
    "RMSE": 0.186443,
    "MAPE": 0.463791
  }
}