{
  "LSTM-based": {
    "MSE": 0.035943,
    "MAE": 0.150544,
    "RMSE": 0.189558,
    "MAPE": 0.497799
  }
}