{
  "LSTM-based": {
    "MSE": 0.034482,
    "MAE": 0.143143,
    "RMSE": 0.185648,
    "MAPE": 0.464876
  }
}