{
  "LSTM-based": {
    "MSE": 0.034014,
    "MAE": 0.141554,
    "RMSE": 0.184382,
    "MAPE": 0.458999
  }
}