{
  "LSTM-based": {
    "MSE": 0.034013,
    "MAE": 0.142196,
    "RMSE": 0.184391,
    "MAPE": 0.467606
  }
}