{
  "LSTM-based": {
    "MSE": 0.033671,
    "MAE": 0.14049,
    "RMSE": 0.183461,
    "MAPE": 0.456403
  }
}