{
  "LSTM-based": {
    "MSE": 0.034009,
    "MAE": 0.140784,
    "RMSE": 0.184348,
    "MAPE": 0.456678
  }
}