{
  "CNN-LSTM-based": {
    "MSE": 0.006231,
    "MAE": 0.061114,
    "RMSE": 0.078936,
    "MAPE": 0.315348
  }
}