{
  "CNN-LSTM-based": {
    "MSE": 0.007445,
    "MAE": 0.06725,
    "RMSE": 0.086273,
    "MAPE": 0.383282
  }
}