{
  "CNN-LSTM-based": {
    "MSE": 0.006737,
    "MAE": 0.063106,
    "RMSE": 0.08207,
    "MAPE": 0.336358
  }
}