{
  "CNN-LSTM-based": {
    "MSE": 0.007101,
    "MAE": 0.066429,
    "RMSE": 0.084254,
    "MAPE": 0.38238
  }
}