{
  "CNN-LSTM-based": {
    "MSE": 0.021258,
    "MAE": 0.104314,
    "RMSE": 0.123153,
    "MAPE": 0.487206
  }
}