{
  "CNN-LSTM-based": {
    "MSE": 0.006897,
    "MAE": 0.064931,
    "RMSE": 0.083,
    "MAPE": 0.368276
  }
}