{
  "CNN-LSTM-based": {
    "MSE": 0.017132,
    "MAE": 0.091833,
    "RMSE": 0.109828,
    "MAPE": 0.427277
  }
}