{
  "CNN-LSTM-Attention-based": {
    "training_loss": [
      0.265515773242359,
      0.25076522280945596,
      0.23706869360461882,
      0.224370625376286,
      0.21263110554592118,
      0.2018309643667334,
      0.1919738259880385,
      0.18303444166424382,
      0.17503020198503022,
      0.16793393050336672,
      0.16178742632633303,
      0.15656627397919365,
      0.1522811899928681,
      0.14891199637788513,
      0.14646065198793645,
      0.14238289372430862,
      0.13079695413959982,
      0.10015641464381268,
      0.03724059912956965,
      0.05596034959581671,
      0.04317649507096836,
      0.03419645161137556,
      0.04452663695095724,
      0.03612310260222764,
      0.03301729475397889,
      0.03499310283243449,
      0.03479759002474334,
      0.03363873298159875,
      0.032814778114964326,
      0.0329134974641667,
      0.0330708463082434,
      0.0325596840980784,
      0.03241370801362842,
      0.03235144281714428,
      0.03215907466068916,
      0.032074786742130226,
      0.031861674183337116,
      0.031974543749195776,
      0.03189559459997802,
      0.03149934246720753,
      0.03170810404918335,
      0.031853059079588915,
      0.031463166036828055,
      0.03139521813714546,
      0.03133353422223899,
      0.031234794241158804,
      0.031336621735050287,
      0.031010363212030524,
      0.031213969504947446,
      0.031076396980975148,
      0.031054382994511402,
      0.030902225426836297,
      0.030897184148534665,
      0.030746400615894835,
      0.030732431874094523,
      0.030867317230651604,
      0.0307983945704711
    ],
    "validation_loss": [
      0.280750357442432,
      0.280750357442432,
      0.280750357442432,
      0.280750357442432,
      0.280750357442432,
      0.280750357442432,
      0.280750357442432,
      0.280750357442432,
      0.280750357442432,
      0.280750357442432,
      0.280750357442432,
      0.280750357442432,
      0.280750357442432,
      0.280750357442432,
      0.2799629535939958,
      0.269764910141627,
      0.2403138114346398,
      0.10669070854783058,
      0.0182747110310528,
      0.0754911241432031,
      0.04653578551693095,
      0.016447422922485404,
      0.038467365213566355,
      0.04187642213784986,
      0.025931092548287578,
      0.025349307029197615,
      0.030904707343628008,
      0.03149441753824552,
      0.02880369307887223,
      0.0279866275894973,
      0.029244879726320505,
      0.02941756390242113,
      0.029048024366299312,
      0.02864216376716892,
      0.02839232851854629,
      0.028270159020192094,
      0.02791229806219538,
      0.027646910606159106,
      0.027633716610984668,
      0.027637909425215587,
      0.02757578141366442,
      0.027656569714761443,
      0.027497955546196964,
      0.02723428938123915,
      0.02696696813735697,
      0.026604152646743588,
      0.026468439855509333,
      0.025866950758629374,
      0.02537064306024048,
      0.025386746869319014,
      0.02538083881760637,
      0.02568561128444142,
      0.025623194459411833,
      0.025303375389840867,
      0.025482749566435814,
      0.02513968168447415,
      0.025037549539572664
    ]
  }
}