{
  "CNN-LSTM-Attention-based": {
    "training_loss": [
      0.21072909433941742,
      0.14556043485661488,
      0.15437988353359117,
      0.1367959425999568,
      0.12641601071699515,
      0.12132690919862761,
      0.1189604273417613,
      0.11153345596748632,
      0.10514044157274953,
      0.10054701472912635,
      0.09709480045350281,
      0.09277909129232793,
      0.08883972314896284,
      0.08530528551631875,
      0.08222825033264561,
      0.07983546657162113,
      0.07784838984896253,
      0.07561065553576796,
      0.07378875010913902,
      0.07203608511627971,
      0.07081323278533828,
      0.06899618894070178,
      0.06764565241503549,
      0.06647510013797066,
      0.0656384027243911,
      0.06422623887762323,
      0.06311615697153798,
      0.062215679279574145,
      0.06128860963182849,
      0.060450391075411045,
      0.05926950015388169,
      0.05842216445745288,
      0.057717732642288806,
      0.0573508316924522,
      0.05592787625281127,
      0.05549040744146267,
      0.054668996300730674,
      0.053881754825165225,
      0.05343718501133519,
      0.05221621822435539,
      0.0516411238252283,
      0.05128407757078017,
      0.05022316188974814,
      0.04923920627761554,
      0.04879699175903847,
      0.048077317071961355,
      0.047216939759421185,
      0.046517377341543875,
      0.0457544328866305,
      0.04487942430106076,
      0.043642226163740756,
      0.043616821950340605,
      0.04207638786597685,
      0.04209089255728922,
      0.04035623444543852,
      0.04076552927702457,
      0.039603941976190445,
      0.038252248239892345,
      0.03800628928246198,
      0.037446300388424544,
      0.037924543439925136,
      0.03742059413994943,
      0.03937543704584762,
      0.03681335999415471,
      0.03683440410694876,
      0.03584329578113723,
      0.0350022182076961,
      0.03446375075857956
    ],
    "validation_loss": [
      0.14721966948774126,
      0.07911162057684527,
      0.10661457603176434,
      0.10211193023456468,
      0.07387916184961796,
      0.0548165887594223,
      0.05524549829877085,
      0.05254561754150523,
      0.041852429095241755,
      0.03347746319034033,
      0.031497516565852694,
      0.031081698317494657,
      0.029640468923995893,
      0.027844066524671182,
      0.026733111072745588,
      0.02663867398061686,
      0.0265094348643389,
      0.02561731476129757,
      0.024698040810310178,
      0.02434981433260772,
      0.02483108515540759,
      0.024114071391522884,
      0.023335382911480136,
      0.02358258231025603,
      0.02340539963915944,
      0.02303774846303794,
      0.022784314532246854,
      0.022470504976809025,
      0.021909349804951087,
      0.02205956716918283,
      0.022268297875093088,
      0.022565590010748968,
      0.021546616943346128,
      0.023215144562224548,
      0.02220777825762828,
      0.022662350804441504,
      0.02307299752202299,
      0.02407166651553578,
      0.025559403726624116,
      0.026046753136648074,
      0.027405483855141535,
      0.029707032669749524,
      0.03216082085337904,
      0.03294702060520649,
      0.04041878723849853,
      0.03759770240220758,
      0.04812337856532799,
      0.04267362515545554,
      0.04731475913690196,
      0.05766767692855663,
      0.04838013214369615,
      0.06290427398764425,
      0.06044176189849774,
      0.07585908544974194,
      0.06880982189128797,
      0.07628371018088526,
      0.08439130501614676,
      0.07731996217949523,
      0.10270478866166538,
      0.06485709030595091,
      0.12147535921798812,
      0.06736411030093829,
      0.1948811486363411,
      0.061716367594069906,
      0.11709840512937969,
      0.10940637687842052,
      0.06203847399188413,
      0.09367132869859536
    ]
  }
}