{
  "CNN-LSTM-Attention-based": {
    "training_loss": [
      0.24170696568070796,
      0.22174145652536761,
      0.21191062969073915,
      0.20167167615472226,
      0.19250009457270303,
      0.1845581705110115,
      0.1774262326328378,
      0.17017564146142256,
      0.1633928875128428,
      0.15720153576449344,
      0.15053295388556362,
      0.1357505734552417,
      0.1172410970194298,
      0.10642715917344679,
      0.09650683408243614,
      0.07707117084871258,
      0.06621147551034626,
      0.0599048562217177,
      0.05732973517294516,
      0.05678069362776321,
      0.055489341444090796,
      0.054410503124981593,
      0.052855358547285985,
      0.05244901190724289,
      0.05151673293950265,
      0.050790961295889135,
      0.050476977333687896,
      0.04972174878706012,
      0.049418452512799645,
      0.04888078766433816,
      0.048389757751372824,
      0.047842237863101454,
      0.04727694049739001,
      0.04672362948195976,
      0.04655119476088306,
      0.046149145249734846,
      0.04531569556708921,
      0.04525159118991149,
      0.044628019813905684,
      0.044236189963524804,
      0.04375311247350877,
      0.04337170960610373,
      0.04303561292196575,
      0.042542445319786404,
      0.04200757292279026,
      0.041662647980347016,
      0.04090899843395802,
      0.0404320841949237,
      0.039969426628790404,
      0.039425649167152875,
      0.03886600123685703,
      0.038561074723277175,
      0.037621472043949264,
      0.037716201248399,
      0.03699465716878573,
      0.03634648340051634,
      0.03592220746111451,
      0.035425239553054176,
      0.03493339318063175,
      0.03465400722466017,
      0.033773159470997356,
      0.03348696369089579,
      0.03271084302350095,
      0.03229007490894251,
      0.03223397491271036,
      0.031402417769034706,
      0.03156529297039174,
      0.031106224316253997,
      0.030372286685987522,
      0.030137279943415994
    ],
    "validation_loss": [
      0.22182169887754652,
      0.21423226015435326,
      0.21733912494447497,
      0.2151118458973037,
      0.2095964542693562,
      0.2054871916770935,
      0.20442835738261542,
      0.2038239041964213,
      0.20193860597080654,
      0.19969901773664686,
      0.18742692553334767,
      0.15862247430615956,
      0.12127283960580826,
      0.11124427740772565,
      0.08646569359633657,
      0.04657878623240524,
      0.030203560315486457,
      0.02790716492260496,
      0.027277290407154296,
      0.028466658304548927,
      0.02863709323315157,
      0.02773368089563317,
      0.026818824052396748,
      0.026965511600590415,
      0.02568191830586228,
      0.024658482961563602,
      0.024757426387319963,
      0.02482718379340238,
      0.024746515684657626,
      0.024617770945446357,
      0.02415940294870072,
      0.024283297773864534,
      0.02400834687675039,
      0.02286514976165361,
      0.02276133197463221,
      0.023291789926588535,
      0.024060018205394346,
      0.023836328492810328,
      0.023151279168410435,
      0.022941058967262506,
      0.023339530246125326,
      0.023880625143647194,
      0.023978479206562042,
      0.023821701399154134,
      0.023735191466079816,
      0.024224884756323364,
      0.02509954861468739,
      0.026210725048763886,
      0.02563744405698445,
      0.024363899551745918,
      0.02480170503258705,
      0.024629293009638786,
      0.023890147710012063,
      0.023746971558365557,
      0.02566746353275246,
      0.024570540835460026,
      0.023898939912517864,
      0.025587655707365937,
      0.03057693550363183,
      0.028950844063527055,
      0.029185551218688488,
      0.030153942708339956,
      0.029471133628653154,
      0.03496574988174769,
      0.04055371595960525,
      0.03662716835323307,
      0.04523594563619958,
      0.04568500289072593,
      0.048791189988454185,
      0.05637510876274771
    ]
  }
}