{
  "CNN-LSTM-Attention-based": {
    "training_loss": [
      0.24071585880198948,
      0.18694139156543033,
      0.17642305413602102,
      0.16309995004828548,
      0.15449491416064787,
      0.14725646418584903,
      0.14250990370629538,
      0.13660758964612452,
      0.12939165007900183,
      0.11376842919369819,
      0.09924761363318269,
      0.09195341400697198,
      0.0878456713448108,
      0.08351847854718356,
      0.08067586713693511,
      0.07766328961916373,
      0.07494829679039162,
      0.07332702925507452,
      0.07128136269223521,
      0.06959952146444522,
      0.06836462870869837,
      0.06688621173232374,
      0.06522515353182672,
      0.06447354032539986,
      0.06337228606284505,
      0.06240107601797077,
      0.061368144681336174,
      0.06009902600461329,
      0.05902535657227879,
      0.0582121127927807,
      0.05696842546614123,
      0.05641109979068729,
      0.0551327677889609,
      0.05363757546309014,
      0.05380533509690997,
      0.0521995206953774,
      0.051507988970884135,
      0.05050848807457467,
      0.049714633224295895,
      0.04814932201529892,
      0.04801238616797286,
      0.04632379901661,
      0.045630893342092006,
      0.045250263904601754,
      0.0435097911723063,
      0.04327009067359105,
      0.04261916671210612,
      0.04141523237799255,
      0.04081273063177794,
      0.040176150349664014,
      0.03946250115691776
    ],
    "validation_loss": [
      0.21534045868449742,
      0.14883370366361406,
      0.14848075641526115,
      0.14679812722735935,
      0.12922666635778216,
      0.1148924906220701,
      0.11090368322200245,
      0.10808643243379062,
      0.0903065846198135,
      0.056587611221604876,
      0.03161396582921346,
      0.029698511792553797,
      0.033875045056144394,
      0.03058446752321389,
      0.02796037629660633,
      0.02761920676049259,
      0.0279805650934577,
      0.028563053243690066,
      0.028843045777951676,
      0.029690390892533794,
      0.030293312596364155,
      0.029983468922889896,
      0.029829571747945413,
      0.030609136731881235,
      0.031322253609283104,
      0.032422048039734364,
      0.03365147170714206,
      0.03386334619588322,
      0.03437154750443167,
      0.03489857094569339,
      0.03665803300423755,
      0.03762542947919832,
      0.038218821657614574,
      0.03873366438266304,
      0.0431989309274488,
      0.044640039869894586,
      0.04271928872913122,
      0.04398683008427421,
      0.04769750958722499,
      0.05036887190201216,
      0.05482631347452601,
      0.05597192064548532,
      0.056307414494868785,
      0.06662936850140493,
      0.06650717044249177,
      0.06895576748583052,
      0.07595900477220614,
      0.0778961048151056,
      0.08466116328620249,
      0.08355778522996439,
      0.08512403629720211
    ]
  }
}