{
  "CNN-LSTM-Attention-based": {
    "training_loss": [
      0.24142740729828954,
      0.20171224357376635,
      0.19131331481564212,
      0.1758511097918094,
      0.16789300844702923,
      0.16167771396502642,
      0.15506853016329483,
      0.1485777543464177,
      0.13781909350778015,
      0.12294353061998395,
      0.10529473980127925,
      0.09248120085874074,
      0.0843817222286278,
      0.07990213945298127,
      0.07661855304744881,
      0.07351181351802719,
      0.07156810993459863,
      0.06972347000535105,
      0.06766622728655036,
      0.0659874538090867,
      0.0648230909251831,
      0.063622562503311,
      0.06282757610922128,
      0.06127156464146896,
      0.060797342427179844,
      0.0596539426437566,
      0.058553180329396694,
      0.05773091819924368,
      0.05689147392838773,
      0.05599122268842979,
      0.055660184000579406,
      0.054593889908471575,
      0.054106236396121304,
      0.053636243645574004,
      0.05267788648185596,
      0.05201467803456414,
      0.05106283556407606,
      0.050642953319868574,
      0.049996301584260563,
      0.04899722977843083,
      0.048870832410076975,
      0.04782140139542835,
      0.047352405606021344,
      0.046679849565868646,
      0.045968317597264975,
      0.045045418743516356,
      0.04506239956113654,
      0.044031550451903274,
      0.04355601473173625,
      0.04266009941487245,
      0.04211456874306773,
      0.041231979051945915,
      0.041193212789129206,
      0.04046207802816176,
      0.039637830423217425,
      0.03896486874617321,
      0.03847110161269215,
      0.0376931042213675,
      0.03734031875788326
    ],
    "validation_loss": [
      0.227285870154139,
      0.17972204372496672,
      0.1826524288511612,
      0.18045914487939485,
      0.16661474339559046,
      0.15679833209010915,
      0.15185512444922622,
      0.1430510404244275,
      0.12080361541937774,
      0.08834185367318946,
      0.05221204798091465,
      0.03720557735577016,
      0.033095822171111344,
      0.030813071129082794,
      0.030183637724585936,
      0.028753573799663236,
      0.02753644880287769,
      0.027846449267932435,
      0.028276306304844543,
      0.02852699966301066,
      0.028643665349924227,
      0.02827802426378492,
      0.02762095202875494,
      0.026605987012989715,
      0.026991958815184697,
      0.02788205557620861,
      0.027637123087630937,
      0.027247281991024042,
      0.02715666013979681,
      0.027514962200731248,
      0.02850491781784615,
      0.028363783260099064,
      0.028569939782397007,
      0.028843353030232475,
      0.029293595019623007,
      0.0303327431639945,
      0.030109273361593063,
      0.03136058359629881,
      0.0341230470451041,
      0.03574812076461147,
      0.03661893321279908,
      0.03806818307469219,
      0.04113639799982939,
      0.04216356724369484,
      0.044446228990252586,
      0.045225198019925555,
      0.04590975506309892,
      0.050739334660096905,
      0.05680879143158525,
      0.05831462319310702,
      0.061011996028393925,
      0.06861326974672331,
      0.07529594703301998,
      0.07688120714533077,
      0.08032342495108155,
      0.08965949828303615,
      0.10027826976188471,
      0.10899412254212608,
      0.11889146543829374
    ]
  }
}