{
  "CNN-LSTM-Attention-based": {
    "training_loss": [
      0.24036744837204896,
      0.20009295100036864,
      0.20216320065432639,
      0.18585116250354916,
      0.16658958387248507,
      0.15242636919864075,
      0.15209759082052818,
      0.14272656420726237,
      0.13544672769708263,
      0.130463423398274,
      0.127681099325945,
      0.12313222706107284,
      0.11834806751446673,
      0.11464228215150193,
      0.11176462118701463,
      0.10803631308748528,
      0.09626521949422655,
      0.07839994240460042,
      0.06958077905877319,
      0.06777419265715057,
      0.06505723050120862,
      0.06295477927994812,
      0.062093855253693916,
      0.060651666652608675,
      0.059382369735215663,
      0.05822090384658992,
      0.05758632391743862,
      0.056449919873223287,
      0.0557717788872365,
      0.05503873862721052,
      0.054284206812036336,
      0.05364747216444555,
      0.052835727485666846,
      0.0520585210658215,
      0.051534295476999385,
      0.050865051260895945,
      0.05009895813233439,
      0.04991814411202505,
      0.048793030001038795,
      0.04809010771264457,
      0.04799410017608754,
      0.04742859669898508,
      0.04652368430008737,
      0.04587768730394832,
      0.04512770705635893,
      0.044755601314268346,
      0.04420339460928954,
      0.04355190541634711,
      0.04310855048284092,
      0.042491447588580235,
      0.04199480945935519,
      0.041043448956294956,
      0.0406948804539421,
      0.04016134928740798
    ],
    "validation_loss": [
      0.22250542285996425,
      0.17911738828873972,
      0.1914296944586324,
      0.1900684620502969,
      0.15497191439212207,
      0.12980961075551073,
      0.14038632558265202,
      0.14154867292709752,
      0.12845517338161738,
      0.11872766156431655,
      0.11902376395505919,
      0.12058974193855071,
      0.11878213254918515,
      0.11592171514328097,
      0.11522211223630838,
      0.10632825170604276,
      0.07746364569789926,
      0.04116258148471234,
      0.028295586771056265,
      0.03456606273867295,
      0.03576692043554405,
      0.031241820784102023,
      0.03016583635930864,
      0.03106293629881152,
      0.031111417744885867,
      0.030009298709968865,
      0.030137472641719898,
      0.03012970140413709,
      0.030463794921852753,
      0.030824709368843427,
      0.0307675964644992,
      0.030421219956339667,
      0.03131025722643859,
      0.0313850476367163,
      0.03147571179753458,
      0.032384529060513624,
      0.031787428663859904,
      0.032745869135038116,
      0.03356941011537549,
      0.035138745260962716,
      0.037203416949741434,
      0.03718042431372992,
      0.037325100573173293,
      0.0416919473479961,
      0.04475693215786571,
      0.04814297060521556,
      0.04907461619791641,
      0.048897893745189824,
      0.0516955680476213,
      0.05261531346936671,
      0.051683475945512175,
      0.05235620691034366,
      0.05823848111896028,
      0.06259238849800657
    ]
  }
}