{
  "CNN-LSTM-Attention-based": {
    "training_loss": [
      0.2525729739919622,
      0.21522055080173708,
      0.18551100536863854,
      0.16470804451205207,
      0.15853859029763134,
      0.14976132106273732,
      0.1432944823664131,
      0.13773797505290797,
      0.13231911938241186,
      0.12751146876220162,
      0.12290095849662808,
      0.11873092275139288,
      0.11401941304933941,
      0.10442541655919231,
      0.09624136265710737,
      0.0884533906025244,
      0.07876177824346732,
      0.07283687364336447,
      0.06937967753368067,
      0.06738307770896465,
      0.06660461753395432,
      0.06488455256037678,
      0.06299039552397762,
      0.06225545490358738,
      0.06114366901576096,
      0.06007587951971284,
      0.05890017108502963,
      0.05839936281983734,
      0.057334711339245455,
      0.05623464598089245,
      0.0557165560675851,
      0.05486769033661971,
      0.05458984354920421,
      0.05355853841025779,
      0.05291192468704907,
      0.052326144848732235,
      0.051806468595849704,
      0.0508383147101453,
      0.05037259606393517,
      0.049590743074180384,
      0.04904613221156682,
      0.04821775586786845,
      0.04712039176770981,
      0.04659730470772331,
      0.04652377109683997,
      0.045701357912509996,
      0.044769949312751176,
      0.044536689230313536,
      0.04399355992357781,
      0.043171003777930074,
      0.04267664499422337,
      0.04190165406845985,
      0.04078423953119745,
      0.04058232538877649,
      0.03975048819754986,
      0.03866414614814393,
      0.03841782181609607,
      0.03771282032343513,
      0.036926320417130246,
      0.036805567060802,
      0.036085325933940024,
      0.03561591737447901
    ],
    "validation_loss": [
      0.24358477307037568,
      0.19365619060019373,
      0.1571540881840276,
      0.1477689455512544,
      0.14482771489821689,
      0.1329704431790701,
      0.12244396940083571,
      0.11713602246952728,
      0.1127030605476507,
      0.10952786707752188,
      0.10750494871131132,
      0.10618983875487892,
      0.09773816766453461,
      0.082087713280614,
      0.06985407621717789,
      0.05209931109467862,
      0.037042387052845786,
      0.030554700347686738,
      0.029745710252876013,
      0.02999270105288482,
      0.030035153851175393,
      0.029247946322331547,
      0.027682260688866527,
      0.027192398099045098,
      0.02804315877868466,
      0.02814438553448294,
      0.026407652619806394,
      0.027421361124011834,
      0.028618554578123376,
      0.028056251626251867,
      0.02789608663944921,
      0.028381246502812898,
      0.028733274905981734,
      0.028676943860056116,
      0.028709565538545728,
      0.030098284273342768,
      0.030296645553546473,
      0.030923922834786732,
      0.0326311861650205,
      0.034724972269851974,
      0.03702834777166726,
      0.03967513368976578,
      0.04391122577895581,
      0.04581014690002505,
      0.048649993541479954,
      0.05375123891035016,
      0.056560498649175735,
      0.05791123059224075,
      0.059072574180826336,
      0.057830512077665666,
      0.061486484548470506,
      0.06496394451865008,
      0.06440472731392988,
      0.061876246522010216,
      0.0666448207781978,
      0.06869484029028197,
      0.0764778039063996,
      0.07166734760181165,
      0.08095782454794562,
      0.09083773995893941,
      0.08797401680388081,
      0.10162578140136222
    ]
  }
}