{
  "CNN-Based": {
    "MSE": 0.012619,
    "MAE": 0.084901,
    "RMSE": 0.112333,
    "MAPE": 0.380659
  }
}