{
  "CNN-Based": {
    "MSE": 0.02967,
    "MAE": 0.139278,
    "RMSE": 0.16432,
    "MAPE": 0.596107
  }
}