{
  "CNN-Based": {
    "MSE": 0.018153,
    "MAE": 0.108303,
    "RMSE": 0.132871,
    "MAPE": 0.450767
  }
}