{
  "CNN-Based": {
    "MSE": 0.011491,
    "MAE": 0.083562,
    "RMSE": 0.107059,
    "MAPE": 0.42382
  }
}