{
  "CNN-Based": {
    "MSE": 0.014786,
    "MAE": 0.099098,
    "RMSE": 0.121598,
    "MAPE": 0.398249
  }
}