{
  "CNN-Based": {
    "MSE": 0.029136,
    "MAE": 0.140226,
    "RMSE": 0.163892,
    "MAPE": 0.578249
  }
}