{
  "CNN-Based": {
    "MSE": 0.013237,
    "MAE": 0.08586,
    "RMSE": 0.113293,
    "MAPE": 0.441612
  }
}