{
  "CNN-Based": {
    "MSE": 0.017707,
    "MAE": 0.105666,
    "RMSE": 0.130983,
    "MAPE": 0.571854
  }
}