{
  "CNN-Based": {
    "MSE": 0.017383,
    "MAE": 0.097686,
    "RMSE": 0.131843,
    "MAPE": 32.413787
  }
}