{
  "CNN-Based": {
    "MSE": 0.033651,
    "MAE": 0.156572,
    "RMSE": 0.183443,
    "MAPE": 0.584317
  }
}