{
  "CNN-Based": {
    "MSE": 0.009879,
    "MAE": 0.074055,
    "RMSE": 0.099387,
    "MAPE": 0.336026
  }
}