{
  "CNN-Based": {
    "MSE": 0.018776,
    "MAE": 0.108799,
    "RMSE": 0.135723,
    "MAPE": 0.597962
  }
}