{
  "CNN-Based": {
    "MSE": 0.040148,
    "MAE": 0.15511,
    "RMSE": 0.193209,
    "MAPE": 0.782961
  }
}