{
  "CNN-Attention-BiGRU-based": {
    "training_loss": [
      3.8699145693528023,
      2.994200505708393,
      2.253944334230925,
      1.6600724370856035,
      1.223580244967812,
      0.9510115397603889,
      0.813461979439384,
      0.7150571992522792,
      0.6422795421198795,
      0.5841739974523845,
      0.5356085156139575,
      0.4943404417288931,
      0.458462645505604,
      0.4272102035974201,
      0.38189660122520047,
      0.3235118583629006,
      0.28160729439635024,
      0.2579413919072402,
      0.23946358388976047,
      0.22247411687123148,
      0.20582241227752285,
      0.19127268916682194,
      0.17952146781118292,
      0.16943506676899758,
      0.15996092008916954,
      0.15138771251628275,
      0.14383936132255354,
      0.1369166882414567,
      0.13061414400213642,
      0.12525431662797928,
      0.12012079224774712,
      0.11540867474518324,
      0.11100835713901018,
      0.10767351820280677,
      0.1044834755753216,
      0.10131088550153532,
      0.09852628096153862,
      0.09632175102045662,
      0.09395626485347748,
      0.09137493144524725,
      0.08955706059932708,
      0.08926145010872891,
      0.0855438705337675,
      0.08354778713301608,
      0.08176151953245464,
      0.0788537826977278,
      0.0772953976141779,
      0.07535228846888793,
      0.07378113575671849,
      0.07254254104275452,
      0.07145564775717886,
      0.07058396394315519,
      0.07059090545302943,
      0.06964371541613026,
      0.0683761002201783,
      0.067706062370225,
      0.06676759319870096,
      0.06637706536995737,
      0.06628445386886597,
      0.0656217349987281,
      0.06404589783204229,
      0.06287302127794216,
      0.06195274089512072,
      0.06119200108866943,
      0.060284482962206794
    ],
    "validation_loss": [
      0.08088816707576071,
      0.08088816707576071,
      0.08088816707576071,
      0.08088816707576071,
      0.08088816707576071,
      0.08088816707576071,
      0.08088816707576071,
      0.08088816707576071,
      0.08088816707576071,
      0.08088816707576071,
      0.08088816707576071,
      0.08088816707576071,
      0.08088816707576071,
      0.08088816707576071,
      0.08100724697008833,
      0.008802168019168027,
      0.007259568111593282,
      0.007408763457845141,
      0.007380658662975668,
      0.006890598352399323,
      0.007239350541071458,
      0.007433965782654452,
      0.007590251160668327,
      0.00767226623358218,
      0.007840453640564338,
      0.008315247757086804,
      0.007865216127121365,
      0.008486362193691564,
      0.008175297151808139,
      0.00861127526089028,
      0.009421597280493983,
      0.008378536512072269,
      0.008218017335121449,
      0.008055431038870678,
      0.009702739611893267,
      0.0079707869595581,
      0.007327252315109843,
      0.008943411690944975,
      0.009543348800625417,
      0.00730626957191454,
      0.008592684642522485,
      0.009608128765871474,
      0.007905826395885511,
      0.007964070111356832,
      0.008740273629920883,
      0.008876674789023566,
      0.00803614284035626,
      0.009531116288910796,
      0.009232087334344437,
      0.009961347004489881,
      0.008017692968926647,
      0.01027925383507997,
      0.010748799668846431,
      0.008321716814868516,
      0.007761414364709721,
      0.008382889761270343,
      0.007573372860263277,
      0.00732228864583519,
      0.009108576259308762,
      0.00931194179749989,
      0.007882040560610228,
      0.007566152407520717,
      0.008030459291295155,
      0.009288259814460794,
      0.009364785066434553
    ]
  }
}