{
  "CNN-Attention-BiGRU-based": {
    "training_loss": [
      3.76177591775593,
      2.7948808720237333,
      2.0079522848129274,
      1.389479022277029,
      0.9417114439763521,
      0.6672036196056165,
      0.53352237845722,
      0.4373022330434699,
      0.3686391915145673,
      0.3160737420383253,
      0.2742839195226368,
      0.240681611707336,
      0.21405925766417855,
      0.192762386014587,
      0.17387756250406566,
      0.15795775714673493,
      0.14501351212200367,
      0.13360623262430493,
      0.12621655722982006,
      0.1195133775472641,
      0.11401050200587824,
      0.10789172539585515,
      0.10158704683968896,
      0.09693552192888762,
      0.09265273644735939,
      0.09036519864672109,
      0.08771445037502991,
      0.08612877757925737,
      0.08525215779480182,
      0.08370438594567148,
      0.08193570791106475,
      0.08078906520416862,
      0.07939813811528056,
      0.07856558859348298,
      0.07824241636615051,
      0.07549289480635994,
      0.07296193022476999,
      0.0707819054001256,
      0.06823750248080805,
      0.0660663324751352,
      0.0643455332047061,
      0.06300425545165414,
      0.06201122697246702,
      0.06180000477715542,
      0.06206690143597753,
      0.06058652146082175,
      0.059373209586268974,
      0.061355155627978476,
      0.061235649334756954,
      0.059994208891140786,
      0.05779722615292198,
      0.05690379640773723,
      0.05697086649505716,
      0.05623941386216565,
      0.05488801782852725,
      0.05473303892894795,
      0.05389807914432727,
      0.053641635846150545,
      0.05365436375141144,
      0.053781268471165704,
      0.053300008099330096,
      0.05227838284090946,
      0.051853253927670026,
      0.051286940747185754,
      0.05013074537641124,
      0.04955218869604563,
      0.04889773863710855,
      0.0493512666539142,
      0.04964041819697932,
      0.04979945895703215,
      0.049289109793148544,
      0.048977771832754737
    ],
    "validation_loss": [
      0.030150599150281204,
      0.013254642398341706,
      0.012686386459359997,
      0.0084183003067186,
      0.008349111029192021,
      0.008944331844778438,
      0.008650501601790128,
      0.008539111794609772,
      0.008874184187305602,
      0.009291410142261732,
      0.00933371483299293,
      0.010137521691228214,
      0.008578348365661344,
      0.009184224197739049,
      0.007725724666134307,
      0.009009210088927496,
      0.008579596759457337,
      0.008977325790022549,
      0.010896749137655684,
      0.007589481060246104,
      0.008128493210594905,
      0.007678633457735965,
      0.006905985015787576,
      0.007931088548349707,
      0.007441975313581918,
      0.007462012022733689,
      0.0066108922621137215,
      0.01040692014717742,
      0.006699997745454311,
      0.007075336330423229,
      0.006845831861229319,
      0.007580335173559816,
      0.00850560959232481,
      0.007625260488375237,
      0.006929116313786883,
      0.007326813664679465,
      0.006994697137882835,
      0.007382832320505067,
      0.00886000123267111,
      0.00879718782870393,
      0.007120547953404878,
      0.007796624096992769,
      0.00839925592667178,
      0.0074301991905821,
      0.008275013426808935,
      0.007757239671129929,
      0.00771391215293031,
      0.009138975096376319,
      0.008002733154908606,
      0.00845539677692087,
      0.008329832004873377,
      0.00825056228786707,
      0.007849017873798545,
      0.008237164516590144,
      0.008286493418640212,
      0.010348152790806796,
      0.007973595620378068,
      0.010110138180224519,
      0.012022370119628154,
      0.01038238247366328,
      0.008449456027071726,
      0.008376836296367018,
      0.008241350272376286,
      0.010364274386512606,
      0.007747980530716871,
      0.008410565947231493,
      0.008443108710803483,
      0.012735528028325031,
      0.009484549543183101,
      0.008815813554744971,
      0.008217291779031879,
      0.013785104590811227
    ]
  }
}