{
  "CNN-Attention-BiGRU-based": {
    "training_loss": [
      3.7871914475083455,
      2.815033249942957,
      2.0178319439749846,
      1.387653224189832,
      0.9274070346638024,
      0.6443448011240904,
      0.5053026560003868,
      0.4065688079234484,
      0.33735902177021104,
      0.2854091149605189,
      0.24534800808297844,
      0.21373673037178587,
      0.1884763920982225,
      0.168283939570895,
      0.15206469408350098,
      0.13936873294471963,
      0.12996096356303363,
      0.1209957460047803,
      0.11354462313118266,
      0.10750233172663898,
      0.10259366754354145,
      0.09819749411100667,
      0.09441144421003281,
      0.09105750412743169,
      0.0870018098977598,
      0.08507165898216514,
      0.08218431363538026,
      0.07964696435550517,
      0.07827672619402043,
      0.07629977825365117,
      0.0745785274167559,
      0.0729177900908075,
      0.07136869318685163,
      0.06952420406900445,
      0.06891674437184832,
      0.0683275771125353,
      0.06707251232846774,
      0.06523313809961369,
      0.06409185052022691,
      0.06345255081594985,
      0.06342771544045163,
      0.06364236471813116,
      0.06264961045807763,
      0.061266355360412514,
      0.061877278014167134,
      0.06083276668355798,
      0.059794929804144664,
      0.05940640017821979,
      0.0587059548149201,
      0.05844946279533083,
      0.05836261744113006,
      0.05963288385934532,
      0.05838220342470429,
      0.057038391200307174,
      0.054542153121950966,
      0.052525077302980255,
      0.05129383381740685,
      0.05015800376541265,
      0.049904662360215624,
      0.0493692191966905,
      0.049394791048016855,
      0.049079291973855015,
      0.04870160503265521,
      0.04962991730778546,
      0.0492983386182178,
      0.04909418956020927,
      0.048877997014792576,
      0.04739748783363806,
      0.047177303582429886,
      0.04733599123199118,
      0.04704764423216509,
      0.04684103539996863,
      0.046164400950793744,
      0.044705203831640644,
      0.04396908286765964,
      0.04371593870006704,
      0.04299929236978475,
      0.04231021856141781,
      0.04212605275534244,
      0.041996643719074495,
      0.04208375650594588,
      0.04227503795337007,
      0.04250655841667784,
      0.04338318842141852,
      0.04185971790062847,
      0.041450409050229564,
      0.040599926894071124,
      0.04017393202688529,
      0.039769382220124654
    ],
    "validation_loss": [
      0.025799002537601874,
      0.01481964406802466,
      0.013860890455543996,
      0.008936193369721112,
      0.007662966749385784,
      0.0074290503404642405,
      0.007596179862555705,
      0.007838833449702513,
      0.008041298193366905,
      0.00808863567286416,
      0.0080453159091504,
      0.008403893344496425,
      0.007898636162281036,
      0.008680010714421147,
      0.008338139029709916,
      0.009473114254835404,
      0.009882424526700849,
      0.009033653208691823,
      0.01168191726074407,
      0.011212841558613275,
      0.012654719031170795,
      0.00839543408273082,
      0.00955146463881982,
      0.008763622580782364,
      0.007876081549023327,
      0.0073538034370071005,
      0.007638071183311312,
      0.008913668725443514,
      0.010520655808872298,
      0.007687274101925524,
      0.009877412266245014,
      0.008952748373542962,
      0.010064328824611087,
      0.0073883747289839544,
      0.00836120745853374,
      0.010723980682853022,
      0.008301222422405293,
      0.010247195874781985,
      0.008270025429757018,
      0.008687831108507358,
      0.009842838758700772,
      0.007444753174326922,
      0.00852456379093622,
      0.007096412405371666,
      0.009331894509102169,
      0.008051818971963305,
      0.0074102808868414475,
      0.009598959472618605,
      0.010961402619355604,
      0.007205453073899997,
      0.00803570264068089,
      0.00798431858420372,
      0.0073644016820349194,
      0.010262447752450643,
      0.008629204744571134,
      0.011993829455030592,
      0.008797258256297362,
      0.011809690002548067,
      0.008859434763067647,
      0.010400481649527425,
      0.009500283806731827,
      0.008038735056394025,
      0.008672904781997203,
      0.01434415614134387,
      0.008071351855209,
      0.008658927669258494,
      0.009468967604794,
      0.00870536056984412,
      0.009775402710626,
      0.009063895889802984,
      0.00982483798932088,
      0.010682388522515171,
      0.011699513130282101,
      0.009375484238721822,
      0.011362289764771336,
      0.01090272461113177,
      0.009140573990972418,
      0.009722577888322504,
      0.008099243015443024,
      0.007969547974828042,
      0.008270905490376448,
      0.0109709627142078,
      0.009818856467149759,
      0.009268647049994845,
      0.009928351719128458,
      0.01404147461840981,
      0.010048963237357766,
      0.011327278417976278,
      0.009205728406576734
    ]
  }
}