{
  "CNN-Attention-BiGRU-based": {
    "training_loss": [
      3.764698523000171,
      2.783265390379358,
      1.9815165824756051,
      1.3475906897094003,
      0.888396987910849,
      0.608343023302685,
      0.4726445414584215,
      0.37927421738896094,
      0.31439959143921864,
      0.2668271569407468,
      0.23028949898240436,
      0.2014344753615676,
      0.17905068043979483,
      0.1627886017722279,
      0.14949740621348048,
      0.13684676679240798,
      0.12711763662173164,
      0.11744866652417477,
      0.10962289799600577,
      0.10291915373821041,
      0.09734820366324776,
      0.09336640230119753,
      0.09018234251253635,
      0.08896180716308852,
      0.08970505690532744,
      0.08668568649170479,
      0.08198680312279448,
      0.07873965424005931,
      0.07601338057976825,
      0.07510810710738539,
      0.0740016487890262,
      0.07243201171943299,
      0.07265021551158181,
      0.0710203210530256,
      0.06936256529891009,
      0.06810732112513276,
      0.06948776180432006,
      0.07149840608527246,
      0.06996400167212964,
      0.06909810927138388,
      0.06724420843256379,
      0.06496768600597114,
      0.06400985252406768,
      0.06446503655353204,
      0.06384933193219149,
      0.06275642350289859,
      0.061223654917757206,
      0.059584106287553985,
      0.0580959195280955,
      0.056774438003664066,
      0.055844787554078866,
      0.054877006774522716,
      0.05427385426678012,
      0.0530782629570454,
      0.052112165537314174,
      0.0511011689351397,
      0.05066407189061227,
      0.05066817548446789,
      0.051580348993227644,
      0.05319731078897922,
      0.051975047101245404,
      0.05188601951136111,
      0.05105769913807276,
      0.04971761922949437,
      0.048945168200192846,
      0.049313810606518196,
      0.04821564249943137,
      0.04710360379441132,
      0.04615682231259053,
      0.045928592179854434,
      0.04677181750509777,
      0.04618993946244721,
      0.04558864872909179,
      0.0455201136665206,
      0.044975733688929376,
      0.04391761348699015,
      0.0430587354150514,
      0.04271080181238312,
      0.04247522316152894,
      0.04293827775387856,
      0.043077756020589116,
      0.042686531703218636,
      0.04197749188448088,
      0.04193310806878003,
      0.042125678590133865,
      0.04086271844974511,
      0.04048915596937463,
      0.040172346021410454
    ],
    "validation_loss": [
      0.0278140035702994,
      0.012607654684076184,
      0.010323867691974891,
      0.010859032847771519,
      0.00795888788998127,
      0.007410411561202062,
      0.006887152300853478,
      0.007528156130329559,
      0.007846319626428578,
      0.007621619330817148,
      0.0076881303108836474,
      0.007975006260369953,
      0.008845124187830247,
      0.00792297109177238,
      0.009023420110737023,
      0.013553432159517941,
      0.007899764768387142,
      0.01076662772776265,
      0.00906739820187029,
      0.012488333959328501,
      0.010166733878615655,
      0.009654885677522734,
      0.010228461419281206,
      0.01715929588597072,
      0.00917654759985836,
      0.010524818036509188,
      0.00970860971628051,
      0.009880745548166727,
      0.011677581601236995,
      0.01531725070978466,
      0.011308130318004834,
      0.009073211831089698,
      0.012552236510734808,
      0.010461976751685143,
      0.01083213363431002,
      0.008876069380264534,
      0.007697200216352939,
      0.020069743634054536,
      0.007166218071391708,
      0.006964852180528013,
      0.00777398830181674,
      0.007569372330449129,
      0.006857496137289624,
      0.008305841850999154,
      0.010195413261259856,
      0.009169705231723033,
      0.007595040590355271,
      0.00776140605540652,
      0.008966106529298582,
      0.009804300101179825,
      0.00725126019433925,
      0.009799016796444592,
      0.0091233384648436,
      0.008281273620301172,
      0.00786120273957127,
      0.009760297678018871,
      0.01050715531761709,
      0.00936242338073881,
      0.008845194448765956,
      0.008446811335651498,
      0.007541911402030995,
      0.008616377687767933,
      0.008237181456857605,
      0.011721919359345185,
      0.007649289208807444,
      0.008622833949170615,
      0.008970971797641955,
      0.008742757563136127,
      0.00846724357259901,
      0.008574807800744709,
      0.008704367750569394,
      0.013501796636142229,
      0.008747100722240775,
      0.011890823933246888,
      0.008807712950204548,
      0.008829539729968498,
      0.010528827282158952,
      0.011419924721121789,
      0.008474652851490598,
      0.009966118055346765,
      0.008046314365377552,
      0.008944747430321417,
      0.010714076086878776,
      0.00891984292355023,
      0.008346930518746376,
      0.00868801520647187,
      0.010084966628959304,
      0.0086142087551324
    ]
  }
}