{
  "CNN-Attention-BiGRU-based": {
    "training_loss": [
      3.752650952674973,
      2.753117517686226,
      1.9344968644666,
      1.2905306866471196,
      0.8269152137595164,
      0.5488182314684693,
      0.4189053081290823,
      0.33143339274634775,
      0.2727350796192465,
      0.2315098607624081,
      0.19972157226481907,
      0.17486144959087102,
      0.15558347861531754,
      0.14069252471688767,
      0.12947432812250836,
      0.12124662615463767,
      0.11416123691998736,
      0.10679672186223554,
      0.10306007687894392,
      0.09927687772982557,
      0.0948414757428035,
      0.09089418972881746,
      0.08654110322535878,
      0.08280655983048425,
      0.08054760014507133,
      0.07897796733698374,
      0.07643836243471629,
      0.07444786637181967,
      0.07314037510626753,
      0.07232718557958871,
      0.07144845413490081,
      0.07171724841628276,
      0.07071439418154703,
      0.0688231476175953,
      0.06697290600605414,
      0.06618682662366142,
      0.06518095857660536,
      0.06512315172544668,
      0.0639772737844729,
      0.06340900955485626,
      0.06293210345254817,
      0.06093454560343648,
      0.05954148604626387,
      0.05856347068304747,
      0.05787669342588371,
      0.057416307254576346,
      0.05785870263484162,
      0.05736604721193582,
      0.056397892167450676,
      0.055652834894791454,
      0.0542826797865646,
      0.05309921707695638,
      0.0523403186718343,
      0.051711700489403496,
      0.05286131463420223,
      0.052963790129607835,
      0.051913777235108365,
      0.05108294195272553,
      0.05061822678421585,
      0.050381161167588034,
      0.049648039987389474,
      0.04906085490340918,
      0.048832783082001646,
      0.048114301348236244,
      0.04797274493415591,
      0.04771711897682136,
      0.046847980889216274,
      0.04594270501967887,
      0.04548314680725756,
      0.04540166111899094,
      0.04580611630644597,
      0.04567969370056206,
      0.04512537884670244,
      0.04433120650724626,
      0.04360751067878495,
      0.04311420815721364,
      0.043093949346475195,
      0.042889299264676134,
      0.04209299994186616,
      0.04189832398379353,
      0.04235645467546624,
      0.0417687165695177,
      0.041349407337920766,
      0.04093513333461654,
      0.041370979182317226,
      0.04092652146035517
    ],
    "validation_loss": [
      0.030584217764829336,
      0.018500722219285212,
      0.012572779780940006,
      0.009725862065036046,
      0.008395013762147803,
      0.008200430517133914,
      0.007583601576717276,
      0.008240033323435408,
      0.007301014769626291,
      0.007360839108495336,
      0.007467059693054149,
      0.00740934913291743,
      0.007287365952996831,
      0.007810800179446999,
      0.007972611369271028,
      0.00806959342015417,
      0.00832095838298923,
      0.008194541431179172,
      0.00754699030596959,
      0.009708460283122564,
      0.007888066033391577,
      0.007546749505165376,
      0.007485464499577096,
      0.0076414596681532105,
      0.0069123381258625735,
      0.007599939200046815,
      0.007892731439910436,
      0.007017216233438567,
      0.007558723499900416,
      0.008129820158999218,
      0.007422650085860177,
      0.009474763038911318,
      0.008063473738729954,
      0.007144475037134008,
      0.007580406052109442,
      0.007139800037992628,
      0.008207743497271287,
      0.007512257581478671,
      0.010264607469894384,
      0.008735343157068679,
      0.006834503263235092,
      0.00706208967848828,
      0.01095179647795464,
      0.01045128016879684,
      0.008261410117541489,
      0.010170693058324487,
      0.007383124902844429,
      0.009652424348812354,
      0.009209592767844074,
      0.008003605500255761,
      0.00888259801033296,
      0.00795274654305295,
      0.008311116107200322,
      0.010334663298961363,
      0.009582858875786004,
      0.007957756921256843,
      0.008297439850866794,
      0.007894782153399367,
      0.007474768828404577,
      0.009502403310647136,
      0.007794017883899965,
      0.00957388447499589,
      0.008834997819442499,
      0.009972448343116986,
      0.007910997332318833,
      0.007790654123221573,
      0.00782977073012214,
      0.008981223306373546,
      0.008506029363917677,
      0.009961718565931445,
      0.007823614256554529,
      0.008983478401052325,
      0.00952307061341248,
      0.007919352521237575,
      0.008563273674563358,
      0.008162980203173662,
      0.008894510292693189,
      0.009056151040682667,
      0.008209909135965924,
      0.013903001225308367,
      0.007728110596929726,
      0.00894075332111434,
      0.007416582450662789,
      0.009898644940633522,
      0.008008439476160627,
      0.008789527024093427
    ]
  }
}