{
  "CNN-Attention-BiGRU-based": {
    "training_loss": [
      3.7391256379409574,
      2.712568867374474,
      1.8734322299419994,
      1.2164268300566874,
      0.7473002663800414,
      0.469665205814469,
      0.3465286589844126,
      0.2672059638819224,
      0.21678482100997173,
      0.18217998910957658,
      0.15737244109032858,
      0.13976308661447445,
      0.1269061469905813,
      0.11746676643969307,
      0.10871249867576949,
      0.10387630529806648,
      0.10018403828144073,
      0.09651512043996596,
      0.09197793596647155,
      0.08883390995398374,
      0.08501065543419878,
      0.08234634082502043,
      0.08015529003361581,
      0.07803873518403147,
      0.07638224035921232,
      0.07507013424601354,
      0.07406380520740026,
      0.07247676931216683,
      0.07039853993435981,
      0.06845681673624146,
      0.06705289858747536,
      0.06655309674605517,
      0.06565500533496829,
      0.06542893729999032,
      0.06442890767480286,
      0.06450621846696021,
      0.06391927993423502,
      0.06338753299394125,
      0.061870724487472585,
      0.061378494534693975,
      0.061043363956498425,
      0.06070826160655895,
      0.05960387568658506,
      0.0584159014405499,
      0.05675003987172959,
      0.05582071866997531,
      0.055078984513668945,
      0.054232513768152454,
      0.0541190177097287,
      0.05425475511542508,
      0.053322641467544396,
      0.052114251318951726,
      0.05121119325639496,
      0.05065334336438649
    ],
    "validation_loss": [
      0.03244372252637232,
      0.020346639205662296,
      0.015054343884784572,
      0.011255344349733541,
      0.0082079324294144,
      0.006734378990048254,
      0.006848674398702635,
      0.00728417976274037,
      0.006724661780180226,
      0.006894602978103598,
      0.0069300926644617405,
      0.007288848522158576,
      0.007732191057482236,
      0.007287284018288196,
      0.008853979828492018,
      0.009846136196923087,
      0.007835211520883399,
      0.008208023489151202,
      0.0082063954192358,
      0.007961717670337416,
      0.00761451126194336,
      0.007393660902662177,
      0.007756248142727664,
      0.006975306237352566,
      0.009360673155268314,
      0.007002318763292171,
      0.007848556455172283,
      0.00711176167963676,
      0.007501388493348175,
      0.007207135328839363,
      0.009094739818132259,
      0.007072842076525722,
      0.007227999958353983,
      0.007230027119668437,
      0.008378743771201288,
      0.007956421396262209,
      0.01339689030928511,
      0.007532016898859554,
      0.007652606395348697,
      0.007906877881729267,
      0.011499090474361266,
      0.007734514300672101,
      0.00863379339726878,
      0.008135235120712871,
      0.009939490489556755,
      0.008106592832736566,
      0.008371374504247181,
      0.010539214612102844,
      0.009341209129968159,
      0.007655049254461913,
      0.008132459923729931,
      0.00748898485072062,
      0.010235293007547587,
      0.008937112960807035
    ]
  }
}