{
  "CNN-LSTM-based": {
    "MSE": 0.020912,
    "MAE": 0.115342,
    "RMSE": 0.144608,
    "MAPE": 3204192263221.6094
  }
}