{
  "CNN-LSTM-based": {
    "MSE": 0.020604,
    "MAE": 0.115346,
    "RMSE": 0.14354,
    "MAPE": 0.252118
  }
}