{
  "CNN-LSTM-based": {
    "MSE": 0.019523,
    "MAE": 0.111921,
    "RMSE": 0.139369,
    "MAPE": 0.23601
  }
}