{
  "CNN-LSTM-based": {
    "MSE": 0.032662,
    "MAE": 0.150364,
    "RMSE": 0.180726,
    "MAPE": 4986636735547.996
  }
}