{
  "CNN-LSTM-based": {
    "MSE": 0.029996,
    "MAE": 0.133583,
    "RMSE": 0.173133,
    "MAPE": 2487061820188.6753
  }
}