{
  "CNN-LSTM-based": {
    "MSE": 0.018909,
    "MAE": 0.109522,
    "RMSE": 0.137499,
    "MAPE": 0.219221
  }
}