{
  "CNN-LSTM-based": {
    "MSE": 0.022922,
    "MAE": 0.123342,
    "RMSE": 0.151346,
    "MAPE": 2894840694781.783
  }
}