{
  "CNN-LSTM-based": {
    "MSE": 0.020337,
    "MAE": 0.113787,
    "RMSE": 0.142604,
    "MAPE": 0.228193
  }
}