{
  "CNN-LSTM-based": {
    "MSE": 0.019274,
    "MAE": 0.110092,
    "RMSE": 0.138733,
    "MAPE": 0.231261
  }
}