{
  "CNN-LSTM-based": {
    "MSE": 0.028128,
    "MAE": 0.137118,
    "RMSE": 0.167699,
    "MAPE": 3903024829697.5767
  }
}