{
  "CNN-LSTM-based": {
    "MSE": 0.02687,
    "MAE": 0.13268,
    "RMSE": 0.1639,
    "MAPE": 3601521206874.0854
  }
}