{
  "CNN-LSTM-based": {
    "MSE": 0.019343,
    "MAE": 0.111127,
    "RMSE": 0.139,
    "MAPE": 0.233205
  }
}