{
  "CNN-LSTM-based": {
    "MSE": 0.02704,
    "MAE": 0.134123,
    "RMSE": 0.164417,
    "MAPE": 4466333158285.915
  }
}