{
  "CNN-LSTM-based": {
    "MSE": 0.021131,
    "MAE": 0.116428,
    "RMSE": 0.145313,
    "MAPE": 0.239319
  }
}