{
  "CNN-GRU-Attention-based": {
    "MSE": 0.016307,
    "MAE": 0.099212,
    "RMSE": 0.127594,
    "MAPE": 0.228544
  }
}