{
  "CNN-BiGRU-Attention-based": {
    "MSE": 0.029103,
    "MAE": 0.144893,
    "RMSE": 0.170512,
    "MAPE": 0.539004
  }
}