{
  "CNN-LSTM-based": {
    "training_loss": [
      0.9652155142811688,
      0.8739005789053037,
      0.8349918331787948,
      0.8011709409958965,
      0.7696950063591178,
      0.7393073742495784,
      0.7098449928173778,
      0.6806138919623191,
      0.6530121539472491,
      0.6253575040796221,
      0.598930303340359,
      0.5735487048732051,
      0.5484241892421776,
      0.5241597940278806,
      0.5016087541996458,
      0.4787159087246205,
      0.4571578751139969,
      0.4365500403407319,
      0.41666223474354197,
      0.3973805910736583,
      0.3789679631845903,
      0.3611466586816533,
      0.34444388206488463,
      0.328780637682051,
      0.3135964365661167,
      0.29901322805187736,
      0.28536310948405985,
      0.27239390365430816,
      0.26074772835140586,
      0.24946096254397182,
      0.23938711120765804,
      0.22938632209544038,
      0.2211522878848722,
      0.21300121118198015,
      0.20628632331311636,
      0.19976710899105632,
      0.1941668710052491,
      0.1894857259236982,
      0.18497509308394572,
      0.18098152543642348,
      0.17677187319942733,
      0.1730884840196872,
      0.1695188835529648,
      0.16623035982426876,
      0.1630009621064352,
      0.15999190811423486,
      0.15727053677890634,
      0.15436818520689066,
      0.15163685035097957,
      0.14906839536096986,
      0.14666218339217937,
      0.14424793994689722,
      0.14166863833987337
    ],
    "validation_loss": [
      0.07801355598183025,
      0.02420345917457324,
      0.020747875987260536,
      0.019119197049809446,
      0.018454527765467174,
      0.01827327021621281,
      0.018185693776308583,
      0.01812714343397994,
      0.018295810017225227,
      0.018492603680192517,
      0.018633080991749342,
      0.018616892646511275,
      0.018926895418880922,
      0.018969129284102142,
      0.01908779842354425,
      0.01928274802252152,
      0.0190879052567174,
      0.019109942086924174,
      0.0193649041197492,
      0.01935773591955382,
      0.0192834815820028,
      0.019131076474048447,
      0.01915755638665885,
      0.01927134353882636,
      0.019101014519308474,
      0.019115882736027785,
      0.019023005258982668,
      0.01921535417505492,
      0.019183136596369887,
      0.01910467627585659,
      0.01895464701991313,
      0.019125914263417292,
      0.01894437495653028,
      0.019003130076594626,
      0.019310838273955695,
      0.0193782951682806,
      0.01920480791785072,
      0.01934528799789836,
      0.019346408042094265,
      0.019117315647993408,
      0.01987447197857599,
      0.019734659042537756,
      0.019634009641807493,
      0.019669288661795185,
      0.019761467041125053,
      0.01955302769040808,
      0.020196837364585565,
      0.02020477611673458,
      0.02048929934149274,
      0.020624480252706173,
      0.020922878032442648,
      0.020362777771331983,
      0.020911581644443032
    ]
  }
}