{
  "CNN-LSTM-based": {
    "training_loss": [
      1.0497497418155408,
      0.9748719489737733,
      0.9111540772054838,
      0.8642655042208494,
      0.8240802402365698,
      0.7854757254526495,
      0.7482518199916299,
      0.7126653325067808,
      0.6781127025547637,
      0.6447241260036486,
      0.6124851602941888,
      0.581627073353284,
      0.5519385228962659,
      0.5231753183554296,
      0.49583817303997196,
      0.46967219353810835,
      0.4444614360321602,
      0.4206264679018221,
      0.3978175556278664,
      0.37161109069166665,
      0.3299383495224121,
      0.29833566257942756,
      0.27473831693875733,
      0.2560155029710569,
      0.23938364552580602,
      0.22392524057599508,
      0.2101444501310723,
      0.1974653884700444,
      0.18591282037022996,
      0.17502884049665982,
      0.16529251607857884,
      0.15678895628887768,
      0.14890124073855954,
      0.14234044596756976,
      0.13630136187490263,
      0.13170200616937794,
      0.12749601927794277,
      0.12403433929839636,
      0.12117867998472631,
      0.11832038772432771,
      0.11602451958476681,
      0.11377773086910378,
      0.11140771397308671,
      0.10936748750133601,
      0.10744789191713072,
      0.10552358545669138,
      0.10387049275173989,
      0.10214583803665693,
      0.10080166480856943,
      0.09929919943689755,
      0.09809932765895374,
      0.09656286202201016,
      0.09525604750195595,
      0.09396915699112905,
      0.0926175303246877,
      0.0912963523099956,
      0.08998844514018324,
      0.08879849011903485,
      0.08784920994413498,
      0.08643171922665209,
      0.08555245562775494,
      0.08447180667968646,
      0.08381617531928842,
      0.08281626174711201,
      0.08184172621328537,
      0.08093237703385418,
      0.0799078660332449,
      0.07900269142432845,
      0.0787131207650655,
      0.0775796486634642,
      0.07670169330486969
    ],
    "validation_loss": [
      0.1379636468952649,
      0.09567317672788281,
      0.07664389955943034,
      0.07440670868849646,
      0.07449073756122154,
      0.07448553763432046,
      0.07431568011437377,
      0.07433436157768719,
      0.07426890642403468,
      0.07427045696130082,
      0.0742187698001731,
      0.07417919803155612,
      0.07417112282694202,
      0.07414675922426459,
      0.07415107991461341,
      0.07412927414048208,
      0.07457400140560926,
      0.07443239577284687,
      0.07438034805805172,
      0.058256414416990324,
      0.0378916257626662,
      0.029238882368285906,
      0.025941012018959816,
      0.02410712480102772,
      0.023568908943365153,
      0.022901477513316015,
      0.023539669667136724,
      0.02391098719515485,
      0.023678130525500263,
      0.02335555268851317,
      0.02392873441009489,
      0.023600187025045696,
      0.024349863747279394,
      0.024476671463822666,
      0.02448890112408492,
      0.02461860642755685,
      0.02491548736515927,
      0.025756575617956246,
      0.02521477693258083,
      0.026187129446292576,
      0.026259416909930913,
      0.026033154939679795,
      0.02571239222062233,
      0.025878924255569775,
      0.02556143613472649,
      0.027003892667625592,
      0.026949283279920824,
      0.0263041226941769,
      0.02646249161871601,
      0.026856527204484972,
      0.02550148268200491,
      0.02770686208283248,
      0.028844562822689206,
      0.02578883623219516,
      0.02690924812091268,
      0.026737562329699732,
      0.02668602848808243,
      0.02722347625552519,
      0.027430724935206378,
      0.026696112376880157,
      0.02731090941844874,
      0.025542945979528775,
      0.030009699976879713,
      0.02764953509585498,
      0.030181030959707415,
      0.027972557620234685,
      0.028108685928052417,
      0.03142663859868567,
      0.02884547992877356,
      0.024520920121778637,
      0.029995636712572618
    ]
  }
}