{
  "CNN-LSTM-based": {
    "training_loss": [
      1.0539723224342097,
      0.9846239047293798,
      0.9195872352310291,
      0.855574934562471,
      0.802474041386406,
      0.7478029676638572,
      0.7020398310278538,
      0.6662572331312314,
      0.6325647996203734,
      0.6010386563400594,
      0.5695432010535875,
      0.5405363534482853,
      0.5120383003969186,
      0.48527927409576627,
      0.45921350247244386,
      0.43453282571801316,
      0.41029447632624005,
      0.3877459946290646,
      0.36594946747142126,
      0.34527155182693897,
      0.3253132747223789,
      0.30663524780306123,
      0.28894952845228417,
      0.2722483924891507,
      0.2569235933253716,
      0.24203500605591907,
      0.22845374301972501,
      0.2155097932395187,
      0.20336305836367408,
      0.1924885735199457,
      0.18251781450458274,
      0.1733654256504361,
      0.1654101117753111,
      0.15791533990661696,
      0.15137181215992612,
      0.1459342272610312,
      0.14106733884778716,
      0.13731329307606996,
      0.1338155381807097,
      0.13069383454454464,
      0.12725874009880508,
      0.12471806923578645,
      0.1218691727618906,
      0.11975208319786025,
      0.11733104585352874,
      0.11476948550318546,
      0.11264257157974722,
      0.11071435864291296,
      0.10867943762824994,
      0.10694845105888094,
      0.10512313646209757,
      0.1032635793997782,
      0.10180151117547087,
      0.10004412847012849,
      0.09879883433786496,
      0.09719017229730267,
      0.09583724320774667,
      0.09451221343859043,
      0.09322684750766674,
      0.0920816018939109,
      0.09116067348639655
    ],
    "validation_loss": [
      0.14945177563793582,
      0.11379505435353544,
      0.08635697231445139,
      0.0618315782380975,
      0.04916309126435894,
      0.029502207183674592,
      0.025560426963790912,
      0.02505988403984673,
      0.02476936345707336,
      0.02476153037081298,
      0.024481954240159358,
      0.02449760619193724,
      0.024236256724487155,
      0.024297142928661822,
      0.023823407772060944,
      0.023363998542501502,
      0.02395993217689806,
      0.02388754787272242,
      0.023753308065950055,
      0.023598480876109915,
      0.023809191366853236,
      0.023718960064391025,
      0.023899429694634593,
      0.025107760416114167,
      0.024423025012628673,
      0.02355106440308976,
      0.024449047585736672,
      0.02418308784190106,
      0.024470971378425486,
      0.025338669677507388,
      0.025154533485571545,
      0.025890968782512565,
      0.025117155172985437,
      0.024787194984348396,
      0.024732904432162847,
      0.026116068275075524,
      0.024847786116613646,
      0.024898828028543898,
      0.02515611722725167,
      0.02560660689558885,
      0.025413170839621597,
      0.026392444593993498,
      0.026923480686055472,
      0.026086714110213873,
      0.02580150445608516,
      0.02738549411466949,
      0.026191432819995163,
      0.025803595772821066,
      0.027135058386957265,
      0.02571812142792358,
      0.026956304754704646,
      0.025647623175287355,
      0.027017367025624673,
      0.026646157735150697,
      0.026965135904071538,
      0.027025546453314828,
      0.026796827254366114,
      0.028325860937164254,
      0.026591399710064065,
      0.028847168374075194,
      0.028128078590108924
    ]
  }
}