{
  "CNN-LSTM-based": {
    "training_loss": [
      1.0536732608225288,
      0.979976904828374,
      0.9017951088707622,
      0.8403480619919009,
      0.7978241261912555,
      0.7589965070166239,
      0.7216934038371574,
      0.6864362010141698,
      0.6494505485383476,
      0.6061834242285752,
      0.5701268482499007,
      0.5390351581864241,
      0.5097882500508937,
      0.48184432743526084,
      0.4553235805616146,
      0.42975598391963216,
      0.40564213438731866,
      0.3823999682577645,
      0.36036151829289226,
      0.3392632178417066,
      0.3193658368616569,
      0.3007132781714928,
      0.2827357144617453,
      0.2660546166504302,
      0.2504499667301411,
      0.23517915606498718,
      0.22182013312490975,
      0.20887494523350786,
      0.19709663620082343,
      0.1859325301356432,
      0.1761027423710358,
      0.16707186146480282,
      0.15882669934412327,
      0.15195797383785248,
      0.14551883118181694,
      0.1401187406807411,
      0.1359687126809504,
      0.13204102781487675,
      0.12922961673722033,
      0.12581091465019598,
      0.12309391669383864,
      0.12032825690580577,
      0.11772954863745992,
      0.11560255552573902,
      0.1134119731623952,
      0.11123671518956743,
      0.10929164317686384,
      0.10720725811836196,
      0.10555921231464642,
      0.10386316632715667,
      0.10242823602222814,
      0.1008418478616854,
      0.09893276524253009,
      0.09781660975479498,
      0.09635217542328485,
      0.09517654476732743,
      0.09377374845307047,
      0.09250976308816816,
      0.09119112989524515,
      0.09032990756194766,
      0.0889604096187324
    ],
    "validation_loss": [
      0.1457009399182176,
      0.1019799049994717,
      0.061676451332492915,
      0.04863776729259317,
      0.047125595940710745,
      0.0469701700763071,
      0.04700489235046792,
      0.04686172891697383,
      0.03791386208849955,
      0.028218237666166535,
      0.025731386616826057,
      0.025303809882298998,
      0.02502559281069122,
      0.024947901575328554,
      0.024646285198390756,
      0.02458753266699238,
      0.024772193937745268,
      0.02505046487296825,
      0.024734836718127064,
      0.024851820810132375,
      0.024883840700875133,
      0.024740318678421518,
      0.02480210108708029,
      0.025020277842062795,
      0.02519174860832898,
      0.02525484857051612,
      0.025605160062579804,
      0.025387096342090604,
      0.0250710890666671,
      0.025127051738367233,
      0.02521927939668366,
      0.02522933314720245,
      0.025934408184940413,
      0.025284836179317406,
      0.025259494075560135,
      0.02548913335317074,
      0.025661395369395275,
      0.025094314286970114,
      0.025416846884644195,
      0.025284244479041665,
      0.025703836028298288,
      0.0262225759236916,
      0.025902597072053717,
      0.026014791036101235,
      0.02623125067040256,
      0.026611910911795756,
      0.026273007832093326,
      0.026756701285028023,
      0.026724063889144764,
      0.0263193075260207,
      0.026882656411901455,
      0.026295370894343886,
      0.02634014886672094,
      0.02683891316016787,
      0.026018561319061065,
      0.02704542741757822,
      0.026317171973588804,
      0.02677378249801185,
      0.02758970112459028,
      0.026592063466639823,
      0.02704002419018854
    ]
  }
}