{
  "CNN-Attention-LSTM-based": {
    "MSE": 0.02558,
    "MAE": 0.120711,
    "RMSE": 0.159935,
    "MAPE": 0.510422
  }
}