{
  "CNN-Attention-LSTM-based": {
    "MSE": 0.028247,
    "MAE": 0.105767,
    "RMSE": 0.167946,
    "MAPE": 0.341312
  }
}