{
  "CNN-BiGRU-Attention-based": {
    "training_loss": [
      0.7668186260017369,
      0.6975615994440139,
      0.6483388796500628,
      0.5995519402135124,
      0.5646838892627676,
      0.5236404907828008,
      0.4877505266084904,
      0.45195129036072657,
      0.42031331749743284,
      0.3877181563435531,
      0.36259508299079923,
      0.33892708175689085,
      0.31468457378161496,
      0.2952832831945984,
      0.2788879358394636,
      0.2636404187006402,
      0.25303985323847794,
      0.24229880450909977,
      0.23347011312375085,
      0.2239190821863633,
      0.21618189748363628,
      0.21039103018282182,
      0.2034306682464553,
      0.19953320795858362,
      0.19283975146788754,
      0.18947671654955436,
      0.18299303201225162,
      0.1799603009576997,
      0.17381646658069996,
      0.17110270142347556,
      0.16707363693556304,
      0.16275125243522565,
      0.15947383382594543,
      0.1578222754628816,
      0.15502821885127224,
      0.1522854914440926,
      0.14761320779340192,
      0.14641256531771882,
      0.14279178646798749,
      0.14059297807955992,
      0.1401274914006323,
      0.13477131070160284,
      0.1317862786793958,
      0.13450113603462324,
      0.1292138861343005,
      0.12712295872616852,
      0.12734596553268332,
      0.12321754760443125,
      0.12193820757940671,
      0.12020840802155305,
      0.11698612965357844
    ],
    "validation_loss": [
      0.12109849436415566,
      0.08587926915950245,
      0.0755838646243016,
      0.03164297052555614,
      0.02842618566420343,
      0.023060281709250476,
      0.022185778866211574,
      0.023118544990817707,
      0.021514398252798453,
      0.02055070476813449,
      0.023961264743573137,
      0.023836725908848975,
      0.022205049068563514,
      0.022895161476400163,
      0.02808446819997496,
      0.02197620024283727,
      0.026500694039795134,
      0.02537373039457533,
      0.028773848484787676,
      0.024000973544187017,
      0.020283430814743042,
      0.02536310710840755,
      0.026776561306582555,
      0.024262394342157576,
      0.02531660037736098,
      0.027916911989450455,
      0.022390952954689663,
      0.02522726460463471,
      0.029106200776166387,
      0.024744724647866354,
      0.022573240101337433,
      0.022448028334312968,
      0.024634990013307996,
      0.02391864276594586,
      0.022687991046243243,
      0.02739098233481248,
      0.024018119192785688,
      0.025509724186526403,
      0.026839999068114493,
      0.022907671829064686,
      0.026354767382144928,
      0.023319329031639628,
      0.022161639398998685,
      0.041873852308425635,
      0.024194545009069972,
      0.023847587613595858,
      0.03334958478808403,
      0.02500064650343524,
      0.02669014409184456,
      0.03498101234436035,
      0.024680921600924596
    ]
  }
}