{
  "CNN-BiGRU-Attention-based": {
    "training_loss": [
      0.7471229396499954,
      0.6960480554954155,
      0.6311309854467432,
      0.5875324777789883,
      0.5412043549797751,
      0.4946936823271371,
      0.45651182303061855,
      0.41797756669404623,
      0.38525032559474864,
      0.3503533049480065,
      0.32264008034359326,
      0.29608970713782146,
      0.2725014236423519,
      0.2543955301488196,
      0.2381640020367149,
      0.22530220313505692,
      0.21451749897503353,
      0.20424849993282265,
      0.19630809774348787,
      0.1902857740650644,
      0.18296250232032962,
      0.1772729217797726,
      0.1707611548733878,
      0.16865809761977696,
      0.16345558445770425,
      0.1574042505109227,
      0.1537446167085554,
      0.14956575746719653,
      0.14646381650354479,
      0.14272825680412612,
      0.13824642371464443,
      0.13577454167229314,
      0.13339678380456005,
      0.12985365780500266,
      0.1260417278829988,
      0.12474020711191884,
      0.12254857537629721,
      0.11909214016440865,
      0.1182359548194425,
      0.11441240287744082,
      0.11144604403655846,
      0.11109937492992494,
      0.1072086285461079
    ],
    "validation_loss": [
      0.14991016934315363,
      0.13645122034682167,
      0.07039272143608993,
      0.055062535115414195,
      0.04086032561543915,
      0.026902369533975918,
      0.02531586954784062,
      0.020730642032706074,
      0.021457422007289197,
      0.019451720433102712,
      0.019663861642281216,
      0.018852450988358922,
      0.018322595809068944,
      0.0187110159960058,
      0.019095492859681446,
      0.019746028921670385,
      0.019637311291363504,
      0.01999308665593465,
      0.020351138586799305,
      0.019862312409612868,
      0.020279134313265484,
      0.02488063524166743,
      0.020631066626972623,
      0.02102071067525281,
      0.025630348982910316,
      0.0204543254027764,
      0.023427493042416044,
      0.02149165276851919,
      0.02181155089702871,
      0.02068869686788983,
      0.021054882556200027,
      0.027439169999625947,
      0.022914267662498686,
      0.030428184299833246,
      0.028537398618128564,
      0.026826646385921374,
      0.02443977093531026,
      0.02445564481119315,
      0.03079025437020593,
      0.027348382501966424,
      0.028600253992610507,
      0.03195500425580475,
      0.027256191190746095
    ]
  }
}