{
  "CNN-BiGRU-Attention-based": {
    "training_loss": [
      0.7559705391264798,
      0.7100217601709199,
      0.6365573933250026,
      0.5923898751275581,
      0.5459307904829058,
      0.5002644321374726,
      0.4605527445935366,
      0.42506407143776875,
      0.386721229239514,
      0.3546100038185454,
      0.3265605869000418,
      0.30308755249307867,
      0.2769283442120803,
      0.25896035976577225,
      0.24155809382597607,
      0.22959179737065968,
      0.2165378821523566,
      0.20810891212078564,
      0.19936328310715526,
      0.19094353318214416,
      0.18499814836602463,
      0.17938911857312187,
      0.1726712552601831,
      0.16892139069866716,
      0.16218160490194958,
      0.15928578193773302,
      0.15502461069508602,
      0.15140619267497146,
      0.1457709796073144,
      0.1435733131149359,
      0.13850288903504088,
      0.13581834142668206,
      0.13188808021838205,
      0.13042670093607484,
      0.12646779663730087,
      0.1236581640546782,
      0.12149625475469389,
      0.11816319977505166,
      0.11612563990710074,
      0.11422242433355566,
      0.1111805752704018,
      0.10844425877981019,
      0.10677791060062877,
      0.10611341213970854,
      0.10170234431300247,
      0.09942051912086051
    ],
    "validation_loss": [
      0.14828655703200233,
      0.15918084233999252,
      0.08521236603458722,
      0.04752000452329715,
      0.03608176029390759,
      0.0269087553024292,
      0.022325432290219598,
      0.023619253033151228,
      0.020180305155615013,
      0.02158329915255308,
      0.01985664696743091,
      0.020677529585858185,
      0.021121660557885964,
      0.021645512328379683,
      0.020282092400723033,
      0.01947628603213363,
      0.020455101504921913,
      0.02155766160123878,
      0.021503416407439444,
      0.021652216505673196,
      0.022514968696567748,
      0.022682783297366567,
      0.023057255066103406,
      0.02354488956431548,
      0.024923608120944764,
      0.024287403457694583,
      0.02416763496067789,
      0.024327204873164494,
      0.02571504811445872,
      0.028306960438688595,
      0.026824121673901875,
      0.026269591516918607,
      0.02696639009647899,
      0.025058704945776198,
      0.026816332505808935,
      0.02810469890634219,
      0.02609200817015436,
      0.02785588511162334,
      0.030177728169494204,
      0.027116238243050046,
      0.028952562974558935,
      0.027669649985101488,
      0.03648569621145725,
      0.02638721176319652,
      0.03327486477792263,
      0.02735919588141971
    ]
  }
}