{
  "CNN-BiGRU-Attention-based": {
    "training_loss": [
      0.7876714518372442,
      0.7257773632734594,
      0.6410278879420858,
      0.5920873863596312,
      0.5379162615453693,
      0.492072517603216,
      0.447322300622161,
      0.4058421405268387,
      0.3691818999572539,
      0.3376514777331285,
      0.30083308169539547,
      0.2613112447966992,
      0.23750462582413578,
      0.21729775234847,
      0.20143576113271042,
      0.1879797208477074,
      0.178264578043575,
      0.1722913919620111,
      0.1644020873895833,
      0.15825241237459048,
      0.15202747810054834,
      0.1470360795796757,
      0.14239460313823862,
      0.13981099174895756,
      0.13281118817312618,
      0.13174513496563467,
      0.1249314137327839,
      0.12264548672336928,
      0.11974430010772087,
      0.11611114515804909,
      0.11358914849623827,
      0.10916568611709165,
      0.1066370909692536,
      0.10468307221439523,
      0.10254748490914492,
      0.09928487734475606,
      0.09708880475709136,
      0.09469771427167974,
      0.0935969083032138,
      0.09151044131164819,
      0.08957954265282188,
      0.0882638274154193,
      0.08674156004694146,
      0.08499485107374863,
      0.0830716610374585,
      0.081828123561933,
      0.08024083182845317,
      0.07683280572085313,
      0.07700963591186094,
      0.07542644178783389,
      0.0757398269545864,
      0.07519598494113332,
      0.07224713633177986,
      0.07247018037547528,
      0.07135571770265069,
      0.07007173585220122,
      0.06816099961878548,
      0.06760952485279298,
      0.06732208701506467,
      0.06563966626852331,
      0.06541756267698717,
      0.06477335263305986,
      0.06336602526651301,
      0.06395729012052778,
      0.06412992322109115,
      0.06145725472712181,
      0.06046026242031178,
      0.06019346568156296,
      0.05978598791948506,
      0.05902592680403884,
      0.05901310246595195,
      0.058650102833626976,
      0.05841860447970914,
      0.05932307600135535,
      0.05726666323525805,
      0.05744286721021357,
      0.05751273733839183,
      0.05520271320997829,
      0.05470589369955197,
      0.05524436069626204,
      0.05409120180657212,
      0.054125910808502785,
      0.052729464542697856
    ],
    "validation_loss": [
      0.18377284495763377,
      0.175832357519949,
      0.11231617057617281,
      0.10773398323168218,
      0.09715590368903859,
      0.09166850716295377,
      0.08560940633777162,
      0.08271238176335752,
      0.08231766684584214,
      0.08541200750730407,
      0.056193576469807556,
      0.02927885393441563,
      0.03413914664792762,
      0.03819833580456989,
      0.03358589000606411,
      0.03445842631266151,
      0.0352659942844594,
      0.03830059903057318,
      0.034232929657200276,
      0.03497760102782451,
      0.03560541768912488,
      0.040065166041989564,
      0.03234391418469309,
      0.04650928188298999,
      0.03167977006318913,
      0.03477791501340312,
      0.045376386598382196,
      0.04017886460404581,
      0.04569749867307468,
      0.03802383019470833,
      0.04027049884882192,
      0.041469025340351004,
      0.030506367395094162,
      0.04076710955935045,
      0.046858719641893684,
      0.02767530902170799,
      0.06464214944346271,
      0.029030804745328258,
      0.09777720941519233,
      0.03767609514269821,
      0.08632132973731824,
      0.02875501787106336,
      0.12431603090339144,
      0.047614426430787,
      0.0836643871103584,
      0.06716407524605453,
      0.052208374831563154,
      0.0924641550912089,
      0.06503126900118421,
      0.02899223311581242,
      0.19699172250611682,
      0.14254009052061697,
      0.02348381055282875,
      0.1662720287822082,
      0.06328623894024903,
      0.065285395371767,
      0.16395675797592585,
      0.0652514373831136,
      0.06716824364914022,
      0.10712493733096291,
      0.04829576366226858,
      0.17278658388785914,
      0.06337850613021095,
      0.055747727771670044,
      0.15411436848972046,
      0.1447838281189472,
      0.06169321313893921,
      0.08847865587572606,
      0.1731197793089168,
      0.13127473160676972,
      0.04085138987120188,
      0.07022033039559152,
      0.24256797050926046,
      0.07317336421118865,
      0.026947288078741288,
      0.23621051149888778,
      0.02964329005966724,
      0.07706066763395784,
      0.21225954361364874,
      0.039167653178979814,
      0.04883621133942629,
      0.2138397843170334,
      0.05511575387659627
    ]
  }
}