{
  "CNN-Attention-GRU-based": {
    "training_loss": [
      0.8402683898022301,
      0.7298738774500395,
      0.6360903432494716,
      0.5553619152621219,
      0.48345644128950016,
      0.42278205156326293,
      0.3749585619098262,
      0.3373723108517496,
      0.3063915114653738,
      0.2840442381407085,
      0.2667135919395246,
      0.2510094294422551,
      0.23738853460864018,
      0.22527139375084324,
      0.21469370079667946,
      0.20454647650844174,
      0.19730086844218406,
      0.18898195200844814,
      0.18195629998257284,
      0.17460034395519056,
      0.16631541173709066,
      0.15833079344347903,
      0.15183225352513163,
      0.14530018254330285,
      0.1407718920393994,
      0.1360845137583582,
      0.13140332589023992,
      0.12862176008914647,
      0.12514648076735044,
      0.12149054251219096,
      0.11809950768947601,
      0.1133956032363992,
      0.10999313326258409,
      0.10575393877531353,
      0.10145911903757798,
      0.09763168088699642,
      0.09450781627705222,
      0.0917892148620204,
      0.08982257309712861,
      0.08826286533945485,
      0.0857391274289081,
      0.08412104201944251,
      0.08231989341346842,
      0.07944224029779434,
      0.07886936860649209,
      0.0763584974565004,
      0.07539973909917631,
      0.0740904870786165,
      0.07193636956967805,
      0.06962583621865824,
      0.06777846366167069,
      0.06615388118907024,
      0.06529344061487599,
      0.06372174950022447,
      0.06304190331383755,
      0.06287623353694614,
      0.06127997903447402,
      0.06014195845315331,
      0.058731391516171
    ],
    "validation_loss": [
      0.010720799019286683,
      0.011136349811628981,
      0.009767435901388006,
      0.00944080845277001,
      0.012193585609222625,
      0.019678314496483003,
      0.016641469183866376,
      0.010679584374273573,
      0.00870568750074485,
      0.009980769912627611,
      0.012144033399807823,
      0.011423921368859865,
      0.010007078375120264,
      0.009866831817670719,
      0.010135182244638045,
      0.013768865818066614,
      0.014717592903367289,
      0.01357821940437897,
      0.009130963795147575,
      0.010531620519769776,
      0.010782760066481737,
      0.013529276931202495,
      0.013003640339247413,
      0.012681170529523096,
      0.013733240899506149,
      0.009654257133915708,
      0.011342813456235648,
      0.013158734054206969,
      0.013269917459806779,
      0.010923984512634627,
      0.00888519078962036,
      0.008898051833356176,
      0.012181364234302428,
      0.009276080655155483,
      0.013968700399765601,
      0.01174177816202799,
      0.012949064074383749,
      0.010257819179002639,
      0.017924829548993312,
      0.009689020494428964,
      0.011507281232494991,
      0.016451668345949032,
      0.011474167635026095,
      0.013631112808426778,
      0.01225740691790214,
      0.011849143340454235,
      0.010844173886767634,
      0.015192420749397544,
      0.010808159199940574,
      0.013554508361470449,
      0.01301027019019727,
      0.01621361774998111,
      0.015332656932043862,
      0.012135816633805528,
      0.013244283183679715,
      0.012279831836898843,
      0.012780790816393349,
      0.013803838797799357,
      0.012886560450379666
    ]
  }
}