{
  "CNN-Attention-GRU-based": {
    "training_loss": [
      0.8779427947029275,
      0.7294077008254924,
      0.6126080119200935,
      0.5088115131634835,
      0.41833867718487744,
      0.34208338399046645,
      0.2804289753487368,
      0.2342002212922617,
      0.20372101298894604,
      0.18143857201674368,
      0.16537743449053852,
      0.1550188041378137,
      0.14773167500709794,
      0.13651377461988254,
      0.1252238029972859,
      0.1156998528732788,
      0.10859135695607806,
      0.10238795735354789,
      0.09744965574043092,
      0.09243453527975208,
      0.08751652694471908,
      0.08412144846211637,
      0.08227533037162393,
      0.07888712950227758,
      0.07539960026426491,
      0.07378721058290048,
      0.07313078744115804,
      0.07042947474444447,
      0.06751804639607432,
      0.06513016900947037,
      0.06295808435154779,
      0.06150633096694946,
      0.05971873775714306,
      0.06025972700921086,
      0.05961809963931509,
      0.05792077983628791,
      0.05560568361334247,
      0.05286363279324094,
      0.05091304185561895,
      0.04985848977414788,
      0.04928272449482714,
      0.04956403725576589,
      0.04898839371185504,
      0.04885506458914689,
      0.04838774846694715,
      0.04713651643068306,
      0.045824980879286034,
      0.045355410799187534,
      0.0449025162684886,
      0.0446202294866611,
      0.044379658643205436,
      0.04298029983499749,
      0.04149684368934984,
      0.0407045956278382
    ],
    "validation_loss": [
      0.035570785913028216,
      0.012396317455721529,
      0.007878563984444267,
      0.0069065865668419164,
      0.007329150308903895,
      0.007795029535497489,
      0.008432024256571344,
      0.008532645720008173,
      0.007676457937218641,
      0.01009079564950968,
      0.009132484052526323,
      0.011144309745807397,
      0.014360685313218519,
      0.008008333648505964,
      0.0076191313760845284,
      0.008136221188071526,
      0.008191990313169204,
      0.008152247200670995,
      0.009227645093281018,
      0.008121183602825592,
      0.0083727645491691,
      0.009582933509036114,
      0.008542789656080697,
      0.00751158021586506,
      0.010066884452182996,
      0.008293865096608274,
      0.007949503266105527,
      0.007707796824213705,
      0.007356452760531714,
      0.007915951105716981,
      0.008456152069725489,
      0.007382460320858579,
      0.0078025357552657,
      0.010690120921323173,
      0.009914086484595349,
      0.00843330057533948,
      0.008091037004793945,
      0.007283765852059189,
      0.007150053571125394,
      0.007922006952331254,
      0.010182506296979754,
      0.011112465082030547,
      0.007872217016196564,
      0.012285794562807208,
      0.007883503288030624,
      0.009133562396623586,
      0.008060833321590173,
      0.008573142625391484,
      0.007819448578122414,
      0.008002718866459634,
      0.009536112344970829,
      0.007842452309437488,
      0.007784568944847897,
      0.009212030715456135
    ]
  }
}