{
  "LSTM-based": {
    "MSE": 0.013634,
    "MAE": 0.092226,
    "RMSE": 0.116766,
    "MAPE": 0.621874
  }
}