{
  "LSTM-based": {
    "MSE": 0.016377,
    "MAE": 0.103181,
    "RMSE": 0.127945,
    "MAPE": 0.688505
  }
}