{
  "LSTM-based": {
    "MSE": 0.015454,
    "MAE": 0.096599,
    "RMSE": 0.117932,
    "MAPE": 0.508211
  }
}