{
  "LSTM-based": {
    "MSE": 0.014869,
    "MAE": 0.097373,
    "RMSE": 0.121927,
    "MAPE": 0.651926
  }
}