{
  "LSTM-based": {
    "MSE": 0.009168,
    "MAE": 0.075302,
    "RMSE": 0.095749,
    "MAPE": 0.46936
  }
}