{
  "LSTM-based": {
    "MSE": 0.016965,
    "MAE": 0.104802,
    "RMSE": 0.13025,
    "MAPE": 0.704648
  }
}