{
  "LSTM-based": {
    "MSE": 0.01715,
    "MAE": 0.105858,
    "RMSE": 0.130953,
    "MAPE": 0.70837
  }
}