{
  "LSTM-based": {
    "MSE": 0.01681,
    "MAE": 0.104695,
    "RMSE": 0.129623,
    "MAPE": 0.699606
  }
}