{
  "LSTM-based": {
    "MSE": 0.013107,
    "MAE": 0.090251,
    "RMSE": 0.114486,
    "MAPE": 0.601798
  }
}