{
  "LSTM-based": {
    "MSE": 0.012372,
    "MAE": 0.088605,
    "RMSE": 0.110493,
    "MAPE": 0.486935
  }
}