{
  "LSTM-based": {
    "MSE": 0.010609,
    "MAE": 0.08103,
    "RMSE": 0.102989,
    "MAPE": 0.498887
  }
}