{
  "LSTM-based": {
    "MSE": 0.013934,
    "MAE": 0.093508,
    "RMSE": 0.115824,
    "MAPE": 0.496331
  }
}