{
  "CNN-Attention-BiLSTM-based": {
    "MSE": 0.066362,
    "MAE": 0.196888,
    "RMSE": 0.257584,
    "MAPE": 0.573672
  }
}