{
  "CNN-GRU-based": {
    "training_loss": [
      1.046413779258728,
      0.949812364578247,
      0.877851927280426,
      0.8021934390068054,
      0.7296301603317261,
      0.6573525667190552,
      0.5764036297798156,
      0.5172164678573609,
      0.4596971094608307,
      0.4096583783626556,
      0.3647170960903168,
      0.3268064379692078,
      0.294279420375824,
      0.26499702632427213,
      0.24191864132881163,
      0.2240574300289154,
      0.21148819327354432,
      0.2016850620508194,
      0.1908879905939102,
      0.1827964037656784,
      0.17510737478733063,
      0.16835417449474335,
      0.16213154196739196,
      0.15661490857601165,
      0.15055550634860992,
      0.14551975429058076,
      0.1409261018037796,
      0.1365950345993042,
      0.1326972007751465,
      0.12898780703544616,
      0.12480752468109131,
      0.12174053937196731,
      0.11797430664300919,
      0.11461101174354553,
      0.11196260154247284,
      0.10865601748228074,
      0.10587521493434907,
      0.10349974930286407,
      0.1009956106543541,
      0.09790314733982086,
      0.09610971361398697,
      0.0931645467877388,
      0.09191635251045227,
      0.08947053998708725,
      0.08728149384260178,
      0.08529098629951477,
      0.08328140377998353,
      0.0815463274717331,
      0.0796508863568306,
      0.07742867022752761,
      0.07624100297689437,
      0.0743271142244339,
      0.07277776002883911,
      0.07211272567510604,
      0.07046042531728744,
      0.06887043863534928,
      0.06707050651311874,
      0.06585249602794647,
      0.06456305831670761,
      0.06341210529208183,
      0.06192838549613953,
      0.060998111963272095,
      0.05967496410012245,
      0.05899823307991028,
      0.05767466276884079,
      0.05664415806531906
    ],
    "validation_loss": [
      0.06844060578622109,
      0.09124921644029539,
      0.09124921644029539,
      0.09124921644029539,
      0.09124921644029539,
      0.0653257059656884,
      0.029753292148763485,
      0.05370289635313444,
      0.017023141411217777,
      0.018403195306535596,
      0.02337143650232268,
      0.014848951588977467,
      0.013726757254359151,
      0.015807346525517376,
      0.013407836506558845,
      0.012746851860491697,
      0.013963667983728006,
      0.013489758318736533,
      0.013262546813685046,
      0.013203984880742948,
      0.01300011315067445,
      0.013102383098819038,
      0.013284696573930338,
      0.01287817818012612,
      0.013248003341934898,
      0.013639711505494827,
      0.013229575146697769,
      0.01349455576913416,
      0.013500387865034017,
      0.013553839838824982,
      0.01364776684540855,
      0.013390316774160409,
      0.013362743653172304,
      0.013366497883742506,
      0.01328353015782912,
      0.013405991810535596,
      0.01350432155607653,
      0.013506553466778155,
      0.013354813079696055,
      0.01340591890568083,
      0.01312342647863321,
      0.01300767690620639,
      0.013153308125074245,
      0.01332189359756048,
      0.0133127547215578,
      0.013365953729664985,
      0.013338421217419884,
      0.0132196329780354,
      0.013140356676145033,
      0.012971813428746768,
      0.013135754018406238,
      0.013220728259564432,
      0.013159864174186691,
      0.013449410669320871,
      0.013339920338889784,
      0.013241849731931016,
      0.013347204158867686,
      0.013412136014951162,
      0.01338759534184105,
      0.013227009283732776,
      0.013032906619477863,
      0.013188731664222134,
      0.013102425293119486,
      0.01321002785578247,
      0.013024539278804764,
      0.0133405683854641
    ]
  }
}