{
  "GRU-based": {
    "training_loss": [
      0.7412698127074238,
      0.5252841842132665,
      0.3540592996879457,
      0.22735279044945894,
      0.14465881016717028,
      0.07195981737811698,
      0.04204220691069477,
      0.03499792309852417,
      0.03143380688956372,
      0.029718944258314145,
      0.02857382744354465,
      0.027667977556887168,
      0.027031434629573647,
      0.026486362413199876,
      0.026068036540152214,
      0.025644183961823386,
      0.02545352751933712,
      0.02519714859125382,
      0.024987491649020335,
      0.02478253444995244,
      0.024587324266898414,
      0.024480731639425622,
      0.024382326061836556,
      0.024310203779348165,
      0.0241265552375168,
      0.024060393555238646,
      0.024035137341316067,
      0.023873248370568725,
      0.02385938620068872,
      0.02377712652839465,
      0.023687614832822432,
      0.02369032659885965,
      0.02365118777665577,
      0.023553845960780966,
      0.023562017232964604,
      0.023500213502555482,
      0.02338410692683587,
      0.023430479536711176,
      0.023344634969157018,
      0.023323154330410593,
      0.02320890668599725,
      0.023208809125255973,
      0.023164396336967742,
      0.023103260524289664,
      0.023084844934367316,
      0.023043538338265154,
      0.023008531580913788,
      0.022922825794323587,
      0.022914217645997433,
      0.022850228959238248,
      0.022759239525387852,
      0.022691357723838724,
      0.02265759034178778,
      0.02252838581708882,
      0.022442062750877362,
      0.0224389779472215,
      0.02228829471346995
    ],
    "validation_loss": [
      0.05688708387968833,
      0.0569593584328367,
      0.05691196202186116,
      0.0569626345969083,
      0.04878249777513638,
      0.011243186677038147,
      0.009812799171266848,
      0.009956978880718613,
      0.010181282815245683,
      0.010198046925494022,
      0.010199585823309525,
      0.01024145775294879,
      0.010267915977001713,
      0.010283181981363318,
      0.010296629439516548,
      0.010344484968012884,
      0.01036087921902276,
      0.010367033957389363,
      0.010382956977149374,
      0.010397962908865067,
      0.010412746212004047,
      0.010421043029871948,
      0.010435388269915915,
      0.01043293875266324,
      0.01044352746879061,
      0.010454289770374695,
      0.010464566086598655,
      0.010470588778129272,
      0.010471287289667026,
      0.010467535611895616,
      0.01047457413127025,
      0.010473623317911436,
      0.010471891647760282,
      0.010476647299436623,
      0.01048243174558146,
      0.010478499479461134,
      0.010478147738531493,
      0.010457370320759845,
      0.01047450030516637,
      0.010460139480991322,
      0.010455250972064964,
      0.010456031856633591,
      0.010440561304424415,
      0.010431716533933292,
      0.010414498371251843,
      0.01041638534679486,
      0.010390723075129484,
      0.010365276638287724,
      0.0103465948302887,
      0.010316493584398638,
      0.010287156147196105,
      0.010260581991455534,
      0.010201021002834303,
      0.01016065288139017,
      0.010101238224786101,
      0.010039025991174736,
      0.009963140174289021
    ]
  }
}