{
  "GRU-based": {
    "training_loss": [
      0.7593615592365534,
      0.5365602986913331,
      0.35375375982741236,
      0.22180401523348311,
      0.1372230073935549,
      0.06989098119903618,
      0.03610655282374839,
      0.030976758456565966,
      0.028811055169978613,
      0.02795040722883923,
      0.027375827897602404,
      0.026858491796842764,
      0.02653985040288576,
      0.026256202549581796,
      0.0259806746223443,
      0.025755812322169964,
      0.025592526919405226,
      0.025446120728279502,
      0.02530414823600104,
      0.02519783886595511,
      0.025122902815190837,
      0.024976256447778622,
      0.024892993323819737,
      0.024774489320919548,
      0.024699439517628978,
      0.024591397021857784,
      0.02457053182830273,
      0.024503874133380368,
      0.024487579871021525,
      0.024352236559063618,
      0.02430765831869253,
      0.024289153044072673,
      0.024153218302928225,
      0.024182146283942208,
      0.024118037448382715,
      0.024089623321319968,
      0.024027570452488645,
      0.024036928749000524,
      0.023918805538978374,
      0.023948422462587625,
      0.02384167998819284,
      0.02380393786539494,
      0.023809489230035057,
      0.023727049421466574,
      0.02369985251989163,
      0.023672415389561316,
      0.02362715647044316,
      0.023587720075123747,
      0.02360554941942994,
      0.023564294242942836,
      0.02353005082359616,
      0.02346040956466131,
      0.0235036932141848,
      0.02342193752107486,
      0.02345622370255665,
      0.02336271516454052,
      0.023362557128281662,
      0.023348866056808283
    ],
    "validation_loss": [
      0.0708159479037137,
      0.07003660468568265,
      0.06079432641116666,
      0.06065655226858569,
      0.05143311766671463,
      0.013181565722949068,
      0.010466371400570365,
      0.010243366721650245,
      0.010392774663813097,
      0.010374145779076596,
      0.010380743464953462,
      0.010433712351122792,
      0.010462736809285174,
      0.010473000974407499,
      0.010493525382603558,
      0.010522231669493124,
      0.010528550201266165,
      0.010550096781898133,
      0.010561492805644659,
      0.010564833761415851,
      0.010573302100504368,
      0.010585693891724231,
      0.010596183331971857,
      0.010598113629179942,
      0.010605752776363785,
      0.010618663825829265,
      0.010623008406288187,
      0.01062382628459116,
      0.010631592557306441,
      0.010648655921588061,
      0.01064843822821555,
      0.01064480955279629,
      0.010644161562159868,
      0.010655776768083304,
      0.010662440820531527,
      0.010660379311778176,
      0.010664331903812331,
      0.010668665354310627,
      0.010675921222903359,
      0.010678672166147702,
      0.010677756085781984,
      0.010680077577823065,
      0.010689946934318458,
      0.010697016426899903,
      0.010693590051796235,
      0.01069306933753927,
      0.010703607449229335,
      0.01070426772414169,
      0.010706165923513996,
      0.010708439295035852,
      0.010721847493673714,
      0.010728408221785031,
      0.01071555878389889,
      0.010712171773570525,
      0.010719431203488313,
      0.010733916975138053,
      0.010730627832383337,
      0.010720519453916751
    ]
  }
}