{
  "CNN-LSTM-Attention-based": {
    "training_loss": [
      0.13643661059659243,
      0.13203353966087228,
      0.11866746553640325,
      0.1103985045529619,
      0.10155217990845064,
      0.09387051229235492,
      0.0874105000609084,
      0.08065865628955736,
      0.07395805047534186,
      0.06767744250312636,
      0.06180739421633225,
      0.0565122087104914,
      0.05193381732966326,
      0.04750319400542899,
      0.043417070925487244,
      0.03973071049222966,
      0.03658901670562567,
      0.03382943822110253,
      0.031564984250546504,
      0.029677379263352743,
      0.028230083909844546,
      0.027052341351277716,
      0.025992713098410312,
      0.02502328475725047,
      0.02407741743112415,
      0.02338609491565308,
      0.02278628104409588,
      0.02204720275122908,
      0.02150667140472539,
      0.020991730743445423,
      0.020400644291805315,
      0.019991426936936278,
      0.019593105191671397,
      0.019144224223016686,
      0.018834027905755907,
      0.01843439388375745,
      0.018109360363978876,
      0.017778139907222257,
      0.0175264165245531,
      0.017315475207277994,
      0.016974627672997206,
      0.016699126689745908,
      0.016495559710364805,
      0.016191962053252674,
      0.016022780069193256,
      0.01587663360631667,
      0.015659919802398118,
      0.015394284896835496,
      0.015293013210160822,
      0.014980090876357465,
      0.014888256096638708,
      0.014717891828043048,
      0.014588819926738236,
      0.014434685757705934,
      0.0142500588851136
    ],
    "validation_loss": [
      0.03744518384337425,
      0.05090468004345894,
      0.058713193982839584,
      0.055170465260744095,
      0.04719145596027374,
      0.04084210842847824,
      0.038857776671648026,
      0.03942529112100601,
      0.039204541593790054,
      0.03652452304959297,
      0.03265411779284477,
      0.02985640987753868,
      0.028731396421790123,
      0.02828175015747547,
      0.027695542201399803,
      0.026986701413989067,
      0.026643944904208183,
      0.026547331362962723,
      0.026507394388318062,
      0.02648278698325157,
      0.02648639865219593,
      0.026500513777136803,
      0.02652907557785511,
      0.026542937383055687,
      0.026591530069708824,
      0.02662641555070877,
      0.026632159948349,
      0.02668706141412258,
      0.02673589065670967,
      0.026842955499887466,
      0.02689100056886673,
      0.026810256764292717,
      0.026799874380230904,
      0.026861071586608887,
      0.02694280818104744,
      0.026955315843224525,
      0.02701854705810547,
      0.027091722935438156,
      0.027272244915366173,
      0.02741541713476181,
      0.0274788960814476,
      0.027477387338876724,
      0.027401870116591454,
      0.027535539120435715,
      0.027586786076426506,
      0.02765456773340702,
      0.027685517445206642,
      0.027655769139528275,
      0.027785396203398705,
      0.027856789529323578,
      0.027911722660064697,
      0.027928244322538376,
      0.027986813336610794,
      0.028057724237442017,
      0.028290923684835434
    ]
  }
}