{
  "CNN-LSTM-based": {
    "MSE": 0.04558,
    "MAE": 0.1755,
    "RMSE": 0.213495,
    "MAPE": 0.304377
  }
}