{
  "CNN-LSTM-based": {
    "MSE": 0.048363,
    "MAE": 0.183247,
    "RMSE": 0.219915,
    "MAPE": 0.320069
  }
}