{
  "CNN-LSTM-based": {
    "MSE": 0.161713,
    "MAE": 0.34037,
    "RMSE": 0.36822,
    "MAPE": 0.645201
  }
}