{
  "CNN-LSTM-based": {
    "MSE": 0.040204,
    "MAE": 0.161637,
    "RMSE": 0.199766,
    "MAPE": 0.280829
  }
}