{
  "CNN-LSTM-based": {
    "MSE": 0.033625,
    "MAE": 0.146042,
    "RMSE": 0.183303,
    "MAPE": 0.25448
  }
}