{
  "CNN-LSTM-based": {
    "MSE": 0.20406,
    "MAE": 0.405195,
    "RMSE": 0.429213,
    "MAPE": 0.778011
  }
}