{
  "CNN-LSTM-based": {
    "MSE": 0.104939,
    "MAE": 0.260733,
    "RMSE": 0.294495,
    "MAPE": 0.480159
  }
}