{
  "CNN-LSTM-based": {
    "MSE": 0.025668,
    "MAE": 0.126627,
    "RMSE": 0.160003,
    "MAPE": 0.229459
  }
}