{
  "CNN-LSTM-based": {
    "MSE": 0.044298,
    "MAE": 0.167911,
    "RMSE": 0.202613,
    "MAPE": 0.301885
  }
}