{
  "CNN-LSTM-based": {
    "MSE": 0.090715,
    "MAE": 0.23691,
    "RMSE": 0.271375,
    "MAPE": 0.430619
  }
}