{
  "CNN-LSTM-based": {
    "MSE": 0.039047,
    "MAE": 0.159647,
    "RMSE": 0.197426,
    "MAPE": 0.276863
  }
}