{
  "CNN-LSTM-based": {
    "MSE": 0.113415,
    "MAE": 0.26357,
    "RMSE": 0.290681,
    "MAPE": 0.499189
  }
}