{
  "CNN-LSTM-based": {
    "MSE": 0.025775,
    "MAE": 0.130333,
    "RMSE": 0.160463,
    "MAPE": 0.240694
  }
}