{
  "CNN-LSTM-based": {
    "MSE": 0.077683,
    "MAE": 0.219642,
    "RMSE": 0.2546,
    "MAPE": 0.397393
  }
}