{
  "CNN-Attention-BiLSTM-based": {
    "MSE": 0.045878,
    "MAE": 0.173815,
    "RMSE": 0.213724,
    "MAPE": 473144957361.0783
  }
}