{
  "CNN-Attention-BiLSTM-based": {
    "MSE": 0.052239,
    "MAE": 0.190903,
    "RMSE": 0.228082,
    "MAPE": 201339699200.91342
  }
}