{
  "CNN-Attention-BiLSTM-based": {
    "MSE": 0.051044,
    "MAE": 0.187464,
    "RMSE": 0.225287,
    "MAPE": 271695754725.93954
  }
}