{
  "CNN-Attention-BiLSTM-based": {
    "MSE": 0.054593,
    "MAE": 0.196671,
    "RMSE": 0.233114,
    "MAPE": 127244963437.11757
  }
}