{
  "CNN-Attention-BiLSTM-based": {
    "MSE": 0.048993,
    "MAE": 0.182175,
    "RMSE": 0.221191,
    "MAPE": 446657716734.9433
  }
}