{
  "CNN-Attention-BiLSTM-based": {
    "MSE": 0.058431,
    "MAE": 0.206039,
    "RMSE": 0.241663,
    "MAPE": 67899264492.225914
  }
}