{
  "CNN-Attention-BiLSTM-based": {
    "MSE": 0.061927,
    "MAE": 0.214072,
    "RMSE": 0.248851,
    "MAPE": 102541656602.13611
  }
}