{
  "CNN-Attention-BiLSTM-based": {
    "MSE": 0.064748,
    "MAE": 0.220276,
    "RMSE": 0.254456,
    "MAPE": 0.995885
  }
}