{
  "CNN-Attention-BiLSTM-based": {
    "MSE": 0.059712,
    "MAE": 0.207088,
    "RMSE": 0.243249,
    "MAPE": 290962132667.2924
  }
}