{
  "CNN-Attention-BiLSTM-based": {
    "MSE": 0.053375,
    "MAE": 0.191132,
    "RMSE": 0.229361,
    "MAPE": 615571442547.4617
  }
}