{
  "CNN-Attention-BiGRU-based": {
    "MSE": 0.013563,
    "MAE": 0.089756,
    "RMSE": 0.116459,
    "MAPE": 0.346112
  }
}