{
  "CNN-Attention-BiGRU-based": {
    "MSE": 0.006646,
    "MAE": 0.06308,
    "RMSE": 0.081518,
    "MAPE": 0.309731
  }
}