{
  "CNN-Attention-BiGRU-based": {
    "MSE": 0.006554,
    "MAE": 0.062496,
    "RMSE": 0.080937,
    "MAPE": 0.280727
  }
}