{
  "CNN-LSTM-Attention-based": {
    "training_loss": [
      0.03506079688668251,
      0.014253152534365654,
      0.006176754832267761,
      0.0061165508814156055,
      0.005171815864741802,
      0.005146045703440905,
      0.005109114106744528,
      0.0050962259992957115,
      0.004963396582752466,
      0.004953892435878515,
      0.004906709771603346,
      0.004890221171081066,
      0.004878996405750513,
      0.004868707619607449,
      0.00485222926363349,
      0.004908892326056957,
      0.0049925087951123714,
      0.005197461228817701
    ],
    "validation_loss": [
      0.0077054062858223915,
      0.01762009598314762,
      0.005694247782230377,
      0.005754055455327034,
      0.006176648661494255,
      0.006591751240193844,
      0.005941654089838266,
      0.005948323756456375,
      0.006358446087688208,
      0.006559933070093393,
      0.006434781476855278,
      0.006647548172622919,
      0.0066155437380075455,
      0.006595342420041561,
      0.0064611537382006645,
      0.006614888086915016,
      0.006633940152823925,
      0.006749637424945831
    ]
  }
}