{
  "CNN-BiGRU-Attention-based": {
    "training_loss": [
      0.6857594793302971,
      0.5095094641049703,
      0.3775461527339199,
      0.2857107464681592,
      0.23258572142375142,
      0.20052828318194338,
      0.17742221418179963,
      0.1604195320815371,
      0.14571780562400818,
      0.1337834415205738,
      0.12281271491134375,
      0.11345746020476023,
      0.10537477059845339,
      0.09744184210635068,
      0.09062198625321974,
      0.0847394552670027,
      0.07919574390377915,
      0.07414577156305313,
      0.07008046677760911,
      0.06626493167458919,
      0.06248225384114081,
      0.05925836398413307,
      0.05669347505297577,
      0.054221192891137644,
      0.05158476522355749,
      0.049851135700418235,
      0.047740731702039116,
      0.04662439046721709,
      0.04549191343156915,
      0.04407562762498855,
      0.043257848526302135,
      0.04141897210165074,
      0.04073579010733387,
      0.039905956465947,
      0.039009400431001394
    ],
    "validation_loss": [
      0.010613500967726007,
      0.007315456359223886,
      0.007127649264761826,
      0.006570499139623,
      0.0064730560309351325,
      0.006914687665322652,
      0.006864373822911427,
      0.0074437687831273025,
      0.006959790289011243,
      0.006775328075396015,
      0.006683010184629397,
      0.006813400125430597,
      0.006795518136081787,
      0.006816885228939615,
      0.006618035289660825,
      0.006963998652421511,
      0.007073058059660496,
      0.0069939644186646785,
      0.007405714099328001,
      0.007642183641714232,
      0.007166451325158139,
      0.007398634784288339,
      0.007555723203333108,
      0.0072230382828966724,
      0.007495416758152155,
      0.007436525773491476,
      0.00732753635546961,
      0.007318759324042114,
      0.007241898685224823,
      0.007238213513437268,
      0.007499950006604195,
      0.007595576495713704,
      0.0072144477699811645,
      0.008081117547214864,
      0.007480321797197098
    ]
  }
}