{
  "CNN-BiGRU-Attention-based": {
    "training_loss": [
      0.6714194216226277,
      0.4786462262011411,
      0.3395181306621485,
      0.24533911640183967,
      0.1958688259124756,
      0.16792430072499995,
      0.14772447070531677,
      0.13227740630768894,
      0.11988169446326138,
      0.1087022077096136,
      0.09861011275073939,
      0.09077402084020146,
      0.08351511547439977,
      0.07662551225277416,
      0.07176044912714707,
      0.06614699449978377,
      0.062259762198255776,
      0.05835880373130765,
      0.05572827881888339,
      0.05263721987343671,
      0.05070667326973196,
      0.048381641716287845,
      0.046477462024542324,
      0.044534876916492196,
      0.04312279023099364,
      0.04136026018021399,
      0.040349942772534855,
      0.039428079389689265,
      0.03812383188490282,
      0.037057861345901826,
      0.03575652027339266,
      0.03496484900252861,
      0.03483509931125139,
      0.03399654070013448,
      0.0334471741135706,
      0.03224572915779917,
      0.03173032680101562,
      0.03113291846555576,
      0.03047753321497064,
      0.030630121184022804,
      0.030602901572721046,
      0.029765191948727558,
      0.029602899049457752,
      0.029457051555315653
    ],
    "validation_loss": [
      0.013284295379069814,
      0.008033149826683496,
      0.007834453774583444,
      0.007375877272141607,
      0.007673662391148115,
      0.007080175175347872,
      0.0068451736432810625,
      0.006775860184509503,
      0.006776143388267149,
      0.006846982067483559,
      0.006858701142890934,
      0.006560926229219164,
      0.006445527259717908,
      0.006417450169918307,
      0.006927018723728364,
      0.006461696160074912,
      0.0067072185279245964,
      0.00756888477817962,
      0.007209307510863271,
      0.007140944484751999,
      0.01003276334519972,
      0.008697633892951305,
      0.007614141254963582,
      0.00900822378891079,
      0.010703803373402671,
      0.015063754799203915,
      0.013135405825941186,
      0.007923544162328829,
      0.008023411363951469,
      0.008413461406241383,
      0.007420211548410487,
      0.014611292398420342,
      0.010023749338691695,
      0.009654566844957963,
      0.012467553009066665,
      0.014148654788732529,
      0.008297324620121926,
      0.00967522347836118,
      0.008811903980217481,
      0.008969659047822157,
      0.011529196922977766,
      0.012017293985148794,
      0.030681940573349335,
      0.029103119985053414
    ]
  }
}