{
  "CNN-BiGRU-Attention-based": {
    "training_loss": [
      0.6701369295003019,
      0.4682622494092628,
      0.32249557124197326,
      0.22837409680616028,
      0.1818730639354297,
      0.15515015430624177,
      0.13501055640699153,
      0.11905931908378903,
      0.10660022746401988,
      0.09585737076582251,
      0.08628501981182826,
      0.07845129756889813,
      0.07169116627264693,
      0.06659700337525938,
      0.061478173894982675,
      0.05803797808103754,
      0.054683684053339385,
      0.05193556281325062,
      0.04908406030618904,
      0.047203081881560395,
      0.045231318864987755,
      0.043540931034496314,
      0.042038669238967576,
      0.04074661650214936,
      0.039440511924536,
      0.0387579115521395,
      0.0372103109785713,
      0.03650713191286737,
      0.035497547765904296,
      0.0342387727496915,
      0.03391995878204952,
      0.0334896638178323,
      0.03276991044171972,
      0.03161367726257959,
      0.030879147602629515,
      0.030456373881780862,
      0.02989979043498282,
      0.029294778861896943,
      0.0285228677061276,
      0.028625663634818097,
      0.02823700137024286
    ],
    "validation_loss": [
      0.01293120190762637,
      0.008231531091753327,
      0.007866573861489694,
      0.007979170154584082,
      0.007541386541305927,
      0.0069986285265992605,
      0.007184786633833458,
      0.006704407185316086,
      0.0065364245145598,
      0.006434437996920264,
      0.006405892680611527,
      0.006952249737489119,
      0.006607492305665163,
      0.0075269519384100775,
      0.006944958164699768,
      0.008373192818671988,
      0.006931189236868369,
      0.0071935376446498065,
      0.0069207200649798965,
      0.007521575630495423,
      0.007842121116424862,
      0.009518683729529904,
      0.01799923359955612,
      0.017111870434069844,
      0.007319158995360659,
      0.007140827961592821,
      0.007728963958001451,
      0.011413312776896514,
      0.012584531684651186,
      0.008920881173393706,
      0.010970554709957357,
      0.011300998069999511,
      0.00966598273075202,
      0.009004411767972143,
      0.014715099346154092,
      0.008171225933913598,
      0.00854735805146527,
      0.008463595613118326,
      0.011279773277541002,
      0.012930157653203137,
      0.009211433404370358
    ]
  }
}