{
  "CNN-BiGRU-Attention-based": {
    "training_loss": [
      0.6685394614358778,
      0.46430494323346655,
      0.31672770853411336,
      0.2232625542604651,
      0.1761573245110537,
      0.14951963926974834,
      0.12996349047692674,
      0.1141768113197677,
      0.10216813527951131,
      0.09086414082188597,
      0.08214246848293683,
      0.07469175137932983,
      0.06856276516545635,
      0.06275717626032803,
      0.05854170652914969,
      0.05501022481855483,
      0.051976329229628054,
      0.04929116651127753,
      0.04740852282524947,
      0.04574640490677738,
      0.0437052036604479,
      0.0420774430206769,
      0.040371660202060726,
      0.039291796233563936,
      0.03860724222419132,
      0.0374986673975347,
      0.036113323745283386,
      0.03549279602529294,
      0.03424441815077316,
      0.0334269753960084,
      0.03286858073227854,
      0.032407664849385225,
      0.031731035468710325,
      0.031020400976935675,
      0.031001731674784306,
      0.03066142397050489,
      0.029659906326938806,
      0.02879412867691898,
      0.028402858333554125,
      0.028080530785456272,
      0.02764516505813766,
      0.027479181743778537,
      0.02714783552647789,
      0.02661726335047209,
      0.026537922084960034,
      0.02625873648219452,
      0.026383464308111865
    ],
    "validation_loss": [
      0.010669253197939772,
      0.008465830958856824,
      0.007720626570415078,
      0.007626192618096084,
      0.007082653624054633,
      0.007391301513110337,
      0.0072843913299342,
      0.008012421347462294,
      0.008023091000423097,
      0.007540156911208964,
      0.007334182427771258,
      0.007605888660212881,
      0.007036302540974136,
      0.007897941016575746,
      0.00743703487280168,
      0.007302111888859878,
      0.0069154597524749605,
      0.008949598243558093,
      0.007597180070322856,
      0.007973690739457022,
      0.007274984489930304,
      0.008025554016951406,
      0.00802391940531762,
      0.007713786489738707,
      0.015147353375428602,
      0.00993628337195045,
      0.009888890875797522,
      0.008226619716406914,
      0.008394946736332617,
      0.010373401717005069,
      0.011547111661026352,
      0.011855532375997619,
      0.012393387387457646,
      0.015738904816016815,
      0.03187108856805584,
      0.020891140401363372,
      0.014032694210478088,
      0.010010066687276489,
      0.008483924532080429,
      0.008161001214594172,
      0.009490913642864479,
      0.00829004777203265,
      0.009815412563712973,
      0.011359260473073575,
      0.012555846696098645,
      0.01990225628149091,
      0.013227478146814464
    ]
  }
}