{
  "CNN-BiGRU-Attention-based": {
    "training_loss": [
      0.6682741994279041,
      0.45827843706232474,
      0.30855510296691585,
      0.21355181885268884,
      0.16726788329312753,
      0.1411893537879095,
      0.12201039166752456,
      0.10725191881652453,
      0.09515451230993371,
      0.08472306375689116,
      0.07592996213791553,
      0.06920892427443619,
      0.06320486029670652,
      0.058671392664221576,
      0.05414602866850092,
      0.05072693519864359,
      0.047799634587481654,
      0.045369918334478856,
      0.04310767693984058,
      0.041273743235289054,
      0.03978854840459169,
      0.03787891568063956,
      0.037193245854861084,
      0.035904134562273454,
      0.0350443934210844,
      0.03403529433063383,
      0.03362506726984403,
      0.03206098082957817,
      0.0317346362975363,
      0.030665732445088835,
      0.030322219029711127,
      0.02972057827387133,
      0.029289675406331858,
      0.028269178349534567,
      0.028174615721484497,
      0.02827802669378153,
      0.027630980710581718,
      0.027215233742666538,
      0.026672294265086858,
      0.02660746395214409,
      0.026247926292287328,
      0.02623046474267541,
      0.025655095734966882,
      0.0255718983303536
    ],
    "validation_loss": [
      0.012356486213965375,
      0.008224894748510498,
      0.008001095396384859,
      0.007657320006636151,
      0.00751290143255079,
      0.007590401715092491,
      0.007173682701888315,
      0.007031580732253037,
      0.0071530513318353575,
      0.006816087826563601,
      0.0068679699804960635,
      0.006867599439921609,
      0.007048735357494208,
      0.006809183224839599,
      0.007348403687539854,
      0.007689550389911522,
      0.00721315911137744,
      0.007245022824785689,
      0.007634135177195595,
      0.00866051693855409,
      0.007433851473360208,
      0.009649016448345624,
      0.010746606177928155,
      0.019700586772932294,
      0.00799918357086809,
      0.010841207206249237,
      0.013779393057420588,
      0.008920529450436957,
      0.01034364791652351,
      0.010754939054318687,
      0.015522207881797824,
      0.015565028106957151,
      0.010826666558390124,
      0.007794635357302532,
      0.007823632180429342,
      0.007767416651180962,
      0.009437857308474027,
      0.008385778040412748,
      0.007974744129010983,
      0.016934768319652793,
      0.014055012666473262,
      0.013525564939175781,
      0.011888823328180271,
      0.008564249181041593
    ]
  }
}