{
  "CNN-BiGRU-Attention-based": {
    "training_loss": [
      0.6653461943210011,
      0.4472055028022175,
      0.29778772550569454,
      0.20443831594057485,
      0.16040623041105942,
      0.13559274669264404,
      0.1177812227061097,
      0.10399297341494493,
      0.09235167188543669,
      0.08268712387538292,
      0.07477997421798571,
      0.06842703729028433,
      0.0633182264339756,
      0.058744535899498095,
      0.055325602246841916,
      0.05183614706489402,
      0.04969177688931076,
      0.046759646648252516,
      0.045207987106601955,
      0.04355558275546826,
      0.04180416296905195,
      0.04069272124431503,
      0.03918929182937447,
      0.038158524151839,
      0.0368547635808797,
      0.036116932007208676,
      0.03538637031132067,
      0.0346346201086548,
      0.03376420959830284,
      0.033207163424559046,
      0.032116197469368786,
      0.031482719567040324,
      0.03139202076364571,
      0.030768047283652802,
      0.030059653478609005,
      0.030191244006576672,
      0.029580200641927585,
      0.02902608858027928,
      0.028303431897935733,
      0.028079262554225787,
      0.027707421024080733,
      0.0274592179962447,
      0.027476731215564296
    ],
    "validation_loss": [
      0.01322929265729168,
      0.008156840967243178,
      0.00800329833209776,
      0.007689699695625326,
      0.0076048057575367,
      0.007491080605081822,
      0.007464326512918138,
      0.007175699155777693,
      0.007944719859382563,
      0.007054475724304977,
      0.007008044797469649,
      0.0068045948991519315,
      0.006684026970086914,
      0.007082769843308549,
      0.0073932594031487645,
      0.008319613190465851,
      0.008394180326477478,
      0.008564748399351773,
      0.0076513679894177535,
      0.00703272153868487,
      0.007700224949471784,
      0.008139787545721781,
      0.007849602746009304,
      0.008567515027039407,
      0.00920466156022852,
      0.007898750584245775,
      0.010607640701754574,
      0.011585396250481146,
      0.009805426130626809,
      0.007407914976213585,
      0.008375011034832711,
      0.0073020001432221185,
      0.00887232267935025,
      0.008003646298720125,
      0.01443223562091589,
      0.01550107078398006,
      0.008762680268601367,
      0.009337332178103296,
      0.010320555539638327,
      0.008035700996978241,
      0.008419417547421497,
      0.021113708543411474,
      0.008346895406251414
    ]
  }
}