{
  "CNN-BiGRU-Attention-based": {
    "training_loss": [
      0.6664110732750154,
      0.45604464411735535,
      0.30775260589492154,
      0.21441066810782528,
      0.16865404600828465,
      0.14301954776468412,
      0.12386246823089224,
      0.10967250304742598,
      0.09782849902838049,
      0.08731542569650731,
      0.07899736077852652,
      0.07270124848459808,
      0.0670032929366743,
      0.06239679392794488,
      0.05836067453656398,
      0.05443152953201617,
      0.05243026381227332,
      0.04989675159605456,
      0.04767627646805535,
      0.04576117031171288,
      0.04385553205936727,
      0.04254540423272361,
      0.04094901607489922,
      0.040062275518414,
      0.038773312797428856,
      0.037890624569755206,
      0.03673229140924736,
      0.03601119195071744,
      0.035072109701348025,
      0.034199020339989325,
      0.03419846899702515,
      0.03299806655292779,
      0.03279386518496863,
      0.03195640182411167,
      0.03129882407440266,
      0.030793204746195967,
      0.030360706360407278,
      0.029939631918366526,
      0.029460312510040443,
      0.029115802647782043,
      0.028687383769683435,
      0.02845368051612881,
      0.028078080220541483,
      0.02791169138861374,
      0.027379229035176023,
      0.027429190477435018,
      0.027222528738874784,
      0.026745527720367406,
      0.02632991067120727
    ],
    "validation_loss": [
      0.012464160703017677,
      0.008654615559785719,
      0.008522314590100251,
      0.008753220695005337,
      0.008559324772057819,
      0.008076829448814543,
      0.008621233082573178,
      0.008462142022195416,
      0.008387593572146036,
      0.007709424522980838,
      0.009086675541868932,
      0.008792962708418638,
      0.007888766923840617,
      0.007588962729180783,
      0.008080822113953846,
      0.009956523251365607,
      0.006799526853670536,
      0.0071595032161600155,
      0.006470722559524674,
      0.0072940707560891,
      0.007688063249306779,
      0.011892683843386844,
      0.00843079944311733,
      0.0076690682498607,
      0.006535287238132786,
      0.007058535964870957,
      0.007974690311706402,
      0.010527800532503866,
      0.009943460678340683,
      0.013159932686724293,
      0.008322412594103478,
      0.012665025207778098,
      0.007217275844493383,
      0.006820234588124383,
      0.009980239905416965,
      0.013318397918007744,
      0.01496607180632336,
      0.007485830356222643,
      0.007018194750318645,
      0.007219719280764251,
      0.008741757425833756,
      0.011399623308278305,
      0.019288043727652287,
      0.023921768456487587,
      0.009556564240073654,
      0.008295457206771408,
      0.008378843711295597,
      0.008113383302386378,
      0.010399724920870553
    ]
  }
}