{
  "CNN-BiLSTM-Attention-based": {
    "MSE": 0.016361,
    "MAE": 0.103784,
    "RMSE": 0.1279,
    "MAPE": 0.220044
  }
}