{
  "CNN-BiLSTM-Attention-based": {
    "MSE": 0.020216,
    "MAE": 0.112196,
    "RMSE": 0.142095,
    "MAPE": 0.24806
  }
}