{
  "CNN-Attention-BiLSTM-based": {
    "MSE": 0.034631,
    "MAE": 0.151409,
    "RMSE": 0.185883,
    "MAPE": 0.271559
  }
}