{
  "CNN-Attention-BiLSTM-based": {
    "MSE": 0.090717,
    "MAE": 0.257558,
    "RMSE": 0.301042,
    "MAPE": 0.47295
  }
}