{
  "CNN-Attention-BiLSTM-based": {
    "MSE": 0.053148,
    "MAE": 0.194309,
    "RMSE": 0.230107,
    "MAPE": 0.344623
  }
}