{
  "CNN-Attention-GRU-based": {
    "training_loss": [
      0.8884792724413851,
      0.8236564958943483,
      0.7628720275527763,
      0.7086056647939163,
      0.655622888559078,
      0.6060462082779058,
      0.557791630343912,
      0.51250806475783,
      0.46902450395428485,
      0.4283064304535359,
      0.39003307774475926,
      0.35432790674923853,
      0.3214505110325674,
      0.29179141860626734,
      0.2649657740004392,
      0.2404406810779452,
      0.21919865301463395,
      0.20066517684998372,
      0.1846833621233577,
      0.1725802081149991,
      0.16284429503285236,
      0.15401291884637777,
      0.14572646228838165,
      0.13814099569450364,
      0.13155199736980214,
      0.12623274438550783,
      0.1205129321337245,
      0.1157625509605248,
      0.11096943260236763,
      0.10628203514604888,
      0.10188246895578616,
      0.09809834017539124,
      0.09545367974865886,
      0.0938461853121115,
      0.09154737862333592,
      0.0879113043202516,
      0.08482206032989414,
      0.08202587916013088,
      0.07953727098813117,
      0.07790811004499013,
      0.07564817602789053,
      0.07357433095387335,
      0.07183964628430091,
      0.07021133732596202,
      0.06952581367607397,
      0.06900531832892526,
      0.06853265290355084,
      0.06742550722600027,
      0.06532305921720162,
      0.0628896018170662,
      0.06116991435571196,
      0.05938864840685573,
      0.05768333406627926,
      0.056495276751253896,
      0.05527108374624572,
      0.054664697513670105,
      0.05437086993306252,
      0.054497160500687036,
      0.05475713861287887,
      0.05376708267498216,
      0.05239895969691636,
      0.05103212916077929
    ],
    "validation_loss": [
      0.06729302257299423,
      0.058651162683963774,
      0.05299716144800186,
      0.041187264025211334,
      0.03309636488556862,
      0.023387464880943298,
      0.017571171373128892,
      0.012918148562312127,
      0.010717367008328437,
      0.008652322366833687,
      0.00860508307814598,
      0.0077214004471898075,
      0.008466771431267261,
      0.008124741725623608,
      0.008297877758741379,
      0.008539303392171859,
      0.007882336527109146,
      0.007806804589927196,
      0.00999382808804512,
      0.008717421628534793,
      0.008475931733846665,
      0.011579256132245063,
      0.0088541429489851,
      0.00832516085356474,
      0.009829023107886314,
      0.01002935878932476,
      0.008200198784470559,
      0.009136518463492393,
      0.009069669991731644,
      0.008049160428345203,
      0.009788155183196067,
      0.009475991129875183,
      0.010559083148837089,
      0.00875374786555767,
      0.00915917344391346,
      0.00905078612267971,
      0.010262152925133706,
      0.009944343566894531,
      0.010194857791066169,
      0.009419981390237808,
      0.009052926301956176,
      0.011183319240808487,
      0.0103038277477026,
      0.009074215590953828,
      0.01167246475815773,
      0.01180594190955162,
      0.009664423763751984,
      0.008799151331186295,
      0.009826906025409698,
      0.009528504312038421,
      0.008905637264251708,
      0.008775173872709274,
      0.008672403544187546,
      0.008900409191846847,
      0.010148955136537552,
      0.00959090143442154,
      0.010316456481814385,
      0.01123698651790619,
      0.008798119053244591,
      0.009083738178014755,
      0.009335460513830185,
      0.007998352870345116
    ]
  }
}