{
  "LSTM-based": {
    "training_loss": [
      0.6140401255378325,
      0.3844695996739723,
      0.2769717032070359,
      0.19370246172366656,
      0.08326734425921889,
      0.05858161192685885,
      0.052987058118037646,
      0.050963655218014735,
      0.05001570368737294,
      0.04874168660894088,
      0.04737021175670707,
      0.04670870837590005,
      0.04598382302277595,
      0.04531050820020433,
      0.04488943652201197,
      0.04425525787296195,
      0.04404725615934628,
      0.043249237023371856,
      0.04295440676268385,
      0.043003906732756086,
      0.042213010806136014,
      0.04208394920109457,
      0.04203331354966562,
      0.04159539671880858,
      0.04163100535394007,
      0.04123658011910807,
      0.04137902199339368,
      0.040666436873869616,
      0.04109506312926472,
      0.040839884793613015,
      0.04042115420726118,
      0.04070964423154289,
      0.04020884684984692,
      0.04026877123356281,
      0.039677685911958645,
      0.03998311988048853,
      0.039939275472214,
      0.039345803680320236,
      0.039903475834829054,
      0.03963317232732158,
      0.03926488481955246,
      0.03941404958375655,
      0.039160932735491295,
      0.03922687211310822,
      0.039285142026607996,
      0.039477220655318335
    ],
    "validation_loss": [
      0.280750357442432,
      0.280750357442432,
      0.280750357442432,
      0.12778295162651274,
      0.04799941792670223,
      0.029037635669940047,
      0.029278823122796085,
      0.03005293399716417,
      0.031332177110016346,
      0.03187329529060258,
      0.03248469034830729,
      0.033134669427656464,
      0.033353077351219125,
      0.03334957459527585,
      0.034299974174549185,
      0.034116904768678874,
      0.034803347713831395,
      0.03480324966626035,
      0.03503836556855175,
      0.0354981759770049,
      0.03549545341067844,
      0.03568334116910895,
      0.035787004925724536,
      0.03581592104294234,
      0.03589700576331881,
      0.035995911341160536,
      0.036086609535333186,
      0.036248730754272804,
      0.03605515054530568,
      0.03648463315847847,
      0.03615079292406639,
      0.03654360310691926,
      0.03672110879172882,
      0.03690825795961751,
      0.03627784182834956,
      0.03648576062793533,
      0.036743945286919676,
      0.03640151541266176,
      0.03694823229064544,
      0.03678765603237682,
      0.03664873447269201,
      0.03658976757691966,
      0.03671700228005648,
      0.03674254426732659,
      0.03653208026662469,
      0.0366723755788472
    ]
  }
}