{
  "LSTM-based": {
    "training_loss": [
      0.5322726852410323,
      0.3090943487790915,
      0.2100228043077709,
      0.14723096183546774,
      0.10872900173380658,
      0.08489206162366,
      0.07386507182479739,
      0.06887152171009904,
      0.06532270784353043,
      0.061889505626021565,
      0.05983518204697362,
      0.057947400618683205,
      0.05617283777027697,
      0.05467783899365605,
      0.053322442813769924,
      0.052141279711589945,
      0.051197642968459564,
      0.050662889529566664,
      0.049351859473056724,
      0.048773789426663536,
      0.04793789456565897,
      0.04753696803863232,
      0.04689323159677165,
      0.04687667836050887,
      0.04606326867442031,
      0.04551109025528381,
      0.044979057893469614,
      0.04453402963447404,
      0.044241042690468836,
      0.04388166364881542,
      0.0435818722927487,
      0.04335193356850764,
      0.04309013256659874,
      0.04332900078563424,
      0.04230131552769588,
      0.042780023615260225,
      0.04200873497899596,
      0.04220143564931163,
      0.04156693524414009,
      0.041582265829706526,
      0.04153031048241195,
      0.04125013389995882
    ],
    "validation_loss": [
      0.06868513259622785,
      0.025121420725352235,
      0.026800270140584972,
      0.026991311305512983,
      0.0299970222533577,
      0.029157791338447068,
      0.029398757860892348,
      0.02981197052738733,
      0.030501672273708716,
      0.03105418472033408,
      0.03065823070291016,
      0.030916106628461018,
      0.03194753106476532,
      0.03173037566658524,
      0.031961682045625314,
      0.03253665059390995,
      0.03266859033869372,
      0.03230753282292022,
      0.032916113113363586,
      0.03273860541068845,
      0.03302151332091954,
      0.03294654625157515,
      0.03276509931311011,
      0.03310280857193801,
      0.03343347335855166,
      0.03369248968859514,
      0.03310480180920826,
      0.032953436848604016,
      0.03325049330790838,
      0.03354469008950724,
      0.03347560649530755,
      0.033357612478236355,
      0.03355038310918543,
      0.033564547542482615,
      0.03354136775144272,
      0.03370778557534019,
      0.033637256568504706,
      0.033165214117616415,
      0.033752535521570176,
      0.03324913756094045,
      0.03346314193266961,
      0.03389211014534036
    ]
  }
}