{
  "LSTM-based": {
    "training_loss": [
      0.5645994705066346,
      0.31518013791034094,
      0.2069136806224522,
      0.14639256525980798,
      0.1081811441925534,
      0.08545224959390205,
      0.07444307668167248,
      0.06811600581072924,
      0.06502652105532195,
      0.06253353406985601,
      0.06001780613472587,
      0.058299559459351655,
      0.05659306577423163,
      0.05484498398084389,
      0.05397073934998429,
      0.05257437945457927,
      0.051596459903215104,
      0.05129224069808659,
      0.05039086532697343,
      0.04982485367279304,
      0.048957642886722295,
      0.04863276617568836,
      0.04822609202380766,
      0.04746248401832162,
      0.04731081623518676,
      0.04669493560989698,
      0.046539598455031715,
      0.04594673744419165,
      0.04573946558592612,
      0.045445987451494786,
      0.045176375931815095,
      0.04542584382651145,
      0.0447450727093638,
      0.04464313611388206,
      0.044475326477958446,
      0.04421887941527785,
      0.04364457437605189,
      0.04394174069166183,
      0.04356410449795556,
      0.043678920284697886,
      0.04290655399100822,
      0.04320265995828729,
      0.04286839287532003,
      0.04290131122658127
    ],
    "validation_loss": [
      0.12745890518029532,
      0.043415586929768324,
      0.032562253117147416,
      0.028941340459924605,
      0.029330849104250472,
      0.03012896774129735,
      0.031292620270202555,
      0.03174080663464136,
      0.03138247085735202,
      0.031300345383998424,
      0.03221655042014188,
      0.03233502293005586,
      0.032484596646908254,
      0.0329454751788742,
      0.03339048588855399,
      0.03337081206134624,
      0.03341570667301615,
      0.033350904730872974,
      0.03326202127047711,
      0.033774217021548085,
      0.033730789449893765,
      0.033588989068650536,
      0.033999065972036786,
      0.03376192749581403,
      0.03363710227939817,
      0.0337183377188113,
      0.03388829037754072,
      0.034005262423306704,
      0.034131948887887925,
      0.034611840835875936,
      0.03405673838117056,
      0.035013001463893384,
      0.034671826081143484,
      0.0344989399632646,
      0.03435787786212233,
      0.03424151707440615,
      0.03428436220727033,
      0.03480201850955685,
      0.03445951661301984,
      0.0342320095644229,
      0.03431312455278304,
      0.03462001893462406,
      0.03435060200798842,
      0.03416008031409648
    ]
  }
}