{
  "LSTM-based": {
    "training_loss": [
      0.5647980705113478,
      0.3396312669968941,
      0.22126528893558073,
      0.1574229123726697,
      0.11817624860666168,
      0.09396429401887975,
      0.08079784856715673,
      0.07483332100468622,
      0.07016503223231141,
      0.06648257164887979,
      0.06386962265405856,
      0.06179885891541629,
      0.05999166214130294,
      0.05787575711876574,
      0.05642975499512444,
      0.055733937035563966,
      0.05471607323893359,
      0.0540136746327642,
      0.052563637704916406,
      0.052579931914806366,
      0.05137170384257612,
      0.05107241952922982,
      0.049996002249314754,
      0.04963548691339896,
      0.04975416301421716,
      0.04905675215200639,
      0.04889990410334628,
      0.04845292016234196,
      0.047966945181849976,
      0.04722332959653626,
      0.04668964513800514,
      0.046510639324994156,
      0.04595166759591707,
      0.046111446241257896,
      0.045880557523227075,
      0.045760561200514645,
      0.045861562687746237,
      0.045004661129394045,
      0.045096896064113566,
      0.04438978055833091,
      0.04444840797026393,
      0.04483889625735686,
      0.044147525979599485,
      0.04424227312417098
    ],
    "validation_loss": [
      0.13036478807528815,
      0.04735457679877678,
      0.02970779190460841,
      0.02863402261088292,
      0.028851701878011227,
      0.029603095337127645,
      0.03060668660327792,
      0.031406710752182536,
      0.03215049088208212,
      0.031819091385437384,
      0.03224536647192306,
      0.032069116468644805,
      0.03236855933856633,
      0.03296777057564921,
      0.03347277925867173,
      0.03276630346145895,
      0.03283319068658683,
      0.033617439628061324,
      0.03388252709474829,
      0.03397465507603354,
      0.034632487015591726,
      0.03501769320832358,
      0.034731227387156755,
      0.034044443577941924,
      0.03466889262199402,
      0.03456444236346417,
      0.03477199101406667,
      0.034292039254473314,
      0.034640516257948346,
      0.03469798082692756,
      0.03471556559412016,
      0.03443638721687926,
      0.034733253789858684,
      0.03494822953103317,
      0.034976071678102016,
      0.03488411309404506,
      0.03511793207791117,
      0.035228177439421415,
      0.035040374017424054,
      0.03561658655396766,
      0.03504476804907123,
      0.03498206618759367,
      0.0347224704714285,
      0.034843473177817136
    ]
  }
}