{
  "LSTM-based": {
    "training_loss": [
      0.5699987222611065,
      0.32831867228091605,
      0.2226711675314836,
      0.14975930687407374,
      0.10257950078853419,
      0.07969037212536369,
      0.06946299267067037,
      0.06522854302130954,
      0.06202755983866436,
      0.059897136940083036,
      0.05803010182481416,
      0.05679270105672554,
      0.0552921420041944,
      0.05442478171956371,
      0.05362467604203963,
      0.052841885933573814,
      0.051894314272302976,
      0.05104638720062417,
      0.05038263459860439,
      0.05030103862075738,
      0.04938914847206062,
      0.04891370908475258,
      0.04867807177590652,
      0.04840363709019943,
      0.04796670817993057,
      0.0475545005059578,
      0.04738785609812804,
      0.04707810324682316,
      0.046854097081322064,
      0.04691395383905357,
      0.04638689168742005,
      0.04577399097697835,
      0.04575557985775907,
      0.045413684729539175,
      0.04540433776630482,
      0.04559904195263352,
      0.04495073660788402,
      0.044793269898689966,
      0.04494390169709501,
      0.04469126100901147,
      0.044537320838008126,
      0.044401393127693256,
      0.04423240037031577,
      0.044235699560860514,
      0.044255502207178464,
      0.04393994713753042
    ],
    "validation_loss": [
      0.14941814394903855,
      0.0837220586836338,
      0.08147064271107526,
      0.03351949871530835,
      0.0312643662311504,
      0.03057783449881933,
      0.03096050329007943,
      0.03129430210978632,
      0.03192009812903027,
      0.033052784003789575,
      0.03236540668958824,
      0.033253614121759444,
      0.033362342434948386,
      0.03363597904607444,
      0.034067669568557134,
      0.034804044776714185,
      0.034632892019941776,
      0.03509722434928719,
      0.034370107713981836,
      0.03518370247091836,
      0.03530311813368134,
      0.035336078019996345,
      0.03559538333768576,
      0.03567357752865679,
      0.03569964985822288,
      0.035712442642838606,
      0.035709146357757945,
      0.03601911095377635,
      0.035815837838962465,
      0.036212624437634795,
      0.03618195702807164,
      0.0360438620317465,
      0.036335701529513785,
      0.03654063414310066,
      0.03656016036369641,
      0.037134597760061144,
      0.036557915108934254,
      0.03677553391005372,
      0.03674105450537213,
      0.03661510169925824,
      0.037003599100706865,
      0.03670581921436627,
      0.03677174664089378,
      0.03677949123740406,
      0.037094289331998626,
      0.037326533406395725
    ]
  }
}