{
  "LSTM-based": {
    "training_loss": [
      0.5379576691469118,
      0.31760320762442196,
      0.22082045121454097,
      0.15873786817591098,
      0.11874358269119431,
      0.09366135070159663,
      0.08074907173958769,
      0.0737265328425822,
      0.06884001521887291,
      0.06538411811678654,
      0.06297149923843967,
      0.06059230184807794,
      0.05932614125653628,
      0.05757087771863061,
      0.05617201675795835,
      0.05468155971527521,
      0.05424395148303399,
      0.05299266464613352,
      0.052199479126677495,
      0.051756114162531,
      0.05105791443649535,
      0.05021110044088044,
      0.04972506074939094,
      0.04949500180070055,
      0.0486866262586715,
      0.04869741019743491,
      0.04766961801862969,
      0.04777953015515324,
      0.04755894906897848,
      0.04713380696126934,
      0.04681174127983963,
      0.04672795805303452,
      0.04618375769457632,
      0.045737444393521065,
      0.04617896256145656,
      0.04560048888723758,
      0.04529943972720695,
      0.0451312369992792,
      0.044932937953792274,
      0.044887563272942084,
      0.04475623831258225,
      0.044394430404943626
    ],
    "validation_loss": [
      0.07792373379351387,
      0.028041657417828977,
      0.02940939642279081,
      0.029061196771988148,
      0.031170967251429677,
      0.03162187099469904,
      0.0326356014636883,
      0.03360556176220867,
      0.03294587498006057,
      0.03379181981034262,
      0.03373028955120646,
      0.03429673476354547,
      0.03465247092584909,
      0.034423152607878746,
      0.03479680420935784,
      0.034830131948413987,
      0.03490725597104346,
      0.035540067656359205,
      0.0351909418183733,
      0.035710638762832106,
      0.0362252636196118,
      0.03610930479013584,
      0.035705082630082756,
      0.035919192902953694,
      0.03590513039773829,
      0.03630402699296533,
      0.03610477359099707,
      0.03628859163957163,
      0.03613677451019766,
      0.036489601706115295,
      0.036479034749659855,
      0.03680004515278507,
      0.03670496147939227,
      0.03676223118697673,
      0.03667168912779487,
      0.036921108744933574,
      0.0367126942507293,
      0.03663730875811946,
      0.03705289835293948,
      0.03682825709102859,
      0.037000395029678314,
      0.03658387931981977
    ]
  }
}