{
  "LSTM-based": {
    "training_loss": [
      0.5721565011545275,
      0.32949783721714154,
      0.22494493731370208,
      0.16312912677196748,
      0.12241008270082744,
      0.08370685286767093,
      0.0660601648508657,
      0.06172322534711648,
      0.05894308563665295,
      0.05699425904040641,
      0.05549571990755433,
      0.05432459257595928,
      0.05339349711194952,
      0.052600178497691524,
      0.05156124338296288,
      0.050370032298015364,
      0.05030672896838357,
      0.04974572910061965,
      0.04910966288958881,
      0.04870175073544184,
      0.04832293769569262,
      0.04752967847471542,
      0.047346467667437615,
      0.04725856643090857,
      0.04702187540894705,
      0.046803282692711404,
      0.04670610986914195,
      0.04617881690356748,
      0.04592011718356863,
      0.04536451333275078,
      0.04586082707482872,
      0.04511328776043358,
      0.045230821065657525,
      0.045301123766611655,
      0.044837417490516146,
      0.04434675678399438,
      0.04458453537935906,
      0.04438522162166893,
      0.04417709033962683,
      0.04404788083852606,
      0.044057120668127184,
      0.04372858948318671,
      0.043449473824906854,
      0.043547606056040904,
      0.04351984994842651,
      0.043037809061665905,
      0.043406235384391555
    ],
    "validation_loss": [
      0.11898302076987817,
      0.10351431973173585,
      0.10257304806104849,
      0.10226729517461548,
      0.07744394206035306,
      0.03409183056841434,
      0.0315916471603051,
      0.03199734222668577,
      0.03304510726265504,
      0.03321736955910291,
      0.033425802423972896,
      0.03414430981501937,
      0.03447964121128472,
      0.03509754092025925,
      0.03498266954106134,
      0.03563743549018678,
      0.035389660837942025,
      0.03617402681634879,
      0.035838621701310636,
      0.0359778362326324,
      0.036568221439358214,
      0.03657373392456014,
      0.03674841566588467,
      0.03658043158332437,
      0.03663561003886058,
      0.036982019897550344,
      0.03713136118456301,
      0.0373033281599342,
      0.03745972198552229,
      0.03737369019695571,
      0.037690182144320766,
      0.03742409138087655,
      0.037846125419658254,
      0.03786552442290204,
      0.03794634586829745,
      0.03820510108259992,
      0.038398129052259554,
      0.0380422943599627,
      0.03829403241938898,
      0.038168970620076,
      0.03822395463251102,
      0.03794035207296551,
      0.03837687330661525,
      0.038182354558416655,
      0.03799053425835052,
      0.038229893670010735,
      0.0378563562014573
    ]
  }
}