{
  "LSTM-based": {
    "training_loss": [
      0.5088908010515674,
      0.2510256060238542,
      0.17189163904765556,
      0.08639993554559247,
      0.048281397105290974,
      0.04513662660430218,
      0.04310489497308073,
      0.04162184596061706,
      0.040704381350299405,
      0.03996153494407391,
      0.03980000460969991,
      0.03916206939210152,
      0.03896605214425202,
      0.03885413845037592,
      0.03844867710923326,
      0.03858329617771609,
      0.03838607694568305,
      0.03803938414002287,
      0.03839108608663082,
      0.037940961443658536,
      0.03793367758907121,
      0.03784848217820299,
      0.03780426472939294,
      0.03761148658292047,
      0.03775196698462141,
      0.037470070658058956,
      0.03780289684133283,
      0.037580816422043174,
      0.03763797285741773,
      0.03757714164154283,
      0.037405969369514236,
      0.03742713280792894,
      0.0375931976427292,
      0.037409271197072394,
      0.037426699479592256,
      0.03752676001910506,
      0.03731500618159771,
      0.0375652185801802,
      0.037384855644456275,
      0.037513224369493024,
      0.03747194562235783,
      0.03730908236626921,
      0.037376623806254616,
      0.0371932800473838,
      0.03732069042222253,
      0.037380427880019974,
      0.03734793011741391,
      0.037478395487213954,
      0.03747167965589926,
      0.0373344336218875,
      0.03723294005311768,
      0.037276299991484345,
      0.03738323347321872,
      0.03732210343767857,
      0.037206543481041646,
      0.037515934351189384,
      0.0371263128159375,
      0.037368357958721704,
      0.03719725215743328,
      0.03730739167538182,
      0.037162956235737635,
      0.03741713618410045,
      0.037239962135409484,
      0.037435190700765314,
      0.03725024626172822,
      0.037194754234675706,
      0.03706280047009731,
      0.03722840295783405,
      0.037325825696361475,
      0.03725777341630952,
      0.03739102739712288,
      0.03742723250440482,
      0.037184066081355355,
      0.03745683637158624,
      0.03711354140320729
    ],
    "validation_loss": [
      0.2783924427525751,
      0.2783924427525751,
      0.2517611935220916,
      0.05505123076767757,
      0.05451888447177821,
      0.05182206136142385,
      0.05153729965717628,
      0.05054648873107187,
      0.049313789818050534,
      0.048457576083982816,
      0.048142867708771395,
      0.047839026647652015,
      0.04783692338086408,
      0.04796832392698732,
      0.04756488263093192,
      0.04771861038331328,
      0.04749972756695131,
      0.04741879532049442,
      0.04745704834831172,
      0.04745336993886479,
      0.047523429045646354,
      0.04724603552885097,
      0.04750436933646942,
      0.04753578678415767,
      0.047394567541778086,
      0.04737368126496159,
      0.0474893604501568,
      0.047707791176849396,
      0.047386524633600796,
      0.04719935715326975,
      0.04731736330251241,
      0.04747525003321212,
      0.04735893244244929,
      0.04735832647902184,
      0.04713669419930927,
      0.047311384763954016,
      0.04727067058456355,
      0.04759496736243881,
      0.04728740061280028,
      0.04714005631876403,
      0.04739141399361964,
      0.04740225326526781,
      0.04741830520074943,
      0.04739278330114381,
      0.04743014739762092,
      0.047787555108039545,
      0.04757352655046973,
      0.04745117833131346,
      0.047776089403136025,
      0.04767927282072347,
      0.0474304170058719,
      0.047506808643711027,
      0.04751647686393096,
      0.04738584119055805,
      0.04720152454643414,
      0.047492324284695346,
      0.04737372094572618,
      0.04759596590723457,
      0.047172115524781164,
      0.04747915180592702,
      0.04790759148268864,
      0.047667102400085024,
      0.04748739745339443,
      0.04759166257391716,
      0.04750606908366598,
      0.04734733617896664,
      0.04735523375586189,
      0.04752245056603489,
      0.047247670828525365,
      0.047185489580292124,
      0.047428173006608565,
      0.04770599970401361,
      0.04766086007885892,
      0.0475413490600627,
      0.04752070249283108
    ]
  }
}