{
  "LSTM-based": {
    "training_loss": [
      0.4720248192909056,
      0.18402895628633895,
      0.10366514574781395,
      0.07740919641983118,
      0.06886442109221827,
      0.06367256359835774,
      0.05981226822615494,
      0.057026546442035156,
      0.05517195616824639,
      0.05309661996385182,
      0.05191308276049008,
      0.05044354477154159,
      0.049393428241856566,
      0.04898695658654335,
      0.04748918412057023,
      0.04707895894253398,
      0.046347870428713495,
      0.045935734469501464,
      0.045591035500709254,
      0.044795548459691914,
      0.04444681389164019,
      0.04418677680953591,
      0.04380512227897817,
      0.04342059688143986,
      0.04329661044432091,
      0.04314821188712882,
      0.04278014064324129,
      0.042527513298654805,
      0.04238908209022463,
      0.04199347854149568,
      0.04181464627024835,
      0.04186535911354685,
      0.04161527588809093,
      0.04146289423313989,
      0.04128353091822181,
      0.04111172588275092,
      0.04097244413714335,
      0.04082835427387288,
      0.04113749957069214,
      0.04078226925769824,
      0.04076108386312227
    ],
    "validation_loss": [
      0.034228052096120246,
      0.042467861924448916,
      0.04383703264054553,
      0.04470541497114403,
      0.046153587411189904,
      0.04718990411994786,
      0.04631916459264426,
      0.0455609453007065,
      0.04595476508397481,
      0.04638749819634289,
      0.046192753250742784,
      0.04638445999087958,
      0.04720895557567991,
      0.04664330063708897,
      0.04689989296783661,
      0.046721033430818855,
      0.04564006702396376,
      0.04645238291343738,
      0.04666919185426729,
      0.046785221929694046,
      0.04677671770854243,
      0.047495859758607276,
      0.04716284670706453,
      0.04662244301931612,
      0.046190402849481026,
      0.046384108940075185,
      0.046536660528388514,
      0.04729581205495473,
      0.04660651604163236,
      0.04724050389024718,
      0.046760044529520234,
      0.04767023292851859,
      0.04722266368054111,
      0.04749935986153011,
      0.04658699697204705,
      0.046867608638672995,
      0.04628763833436473,
      0.04676223041425491,
      0.046808053501721084,
      0.04656818218786141,
      0.04751336816056021
    ]
  }
}