{
  "LSTM-based": {
    "training_loss": [
      0.4551499539593099,
      0.1804475309423922,
      0.09961174411705621,
      0.0740540662593495,
      0.06626518875051123,
      0.061554581262042364,
      0.058279165347142205,
      0.05584452261948462,
      0.05370597928685094,
      0.05241377098698517,
      0.050839357767705276,
      0.049761090685442655,
      0.04872118331053678,
      0.04795270126351642,
      0.04709993940246353,
      0.046550577448416744,
      0.045963932995307405,
      0.04579840106148415,
      0.04509755416054627,
      0.04412863191513661,
      0.0439894916844203,
      0.044078673896698804,
      0.04383729046990508,
      0.0431413707745529,
      0.04327741161530199,
      0.043122575357298534,
      0.04262961118536837,
      0.042321593897049814,
      0.04232540361866819,
      0.041932454841875286,
      0.04188920489824973,
      0.04170252869363268,
      0.04158288948108993,
      0.041368560607715876,
      0.041137815952610395,
      0.041154120471908556,
      0.040871686189335524,
      0.041133944886159735,
      0.040648512928956104,
      0.0405595007329973,
      0.04036539477202719
    ],
    "validation_loss": [
      0.03653169502343597,
      0.04450262163219781,
      0.05012046495645211,
      0.047972876013352955,
      0.04889563848746234,
      0.04850603023479725,
      0.04679184743556483,
      0.049405884113291214,
      0.04923117596270709,
      0.04848808169621846,
      0.048253607711401476,
      0.04847750600812764,
      0.0479578496053301,
      0.04922433675363146,
      0.04871339597578706,
      0.049036303907632826,
      0.04861273825939359,
      0.04875468090176582,
      0.04823078022434794,
      0.048735787629567345,
      0.04806120730936527,
      0.04856111133663819,
      0.04843466885644814,
      0.04734946660183627,
      0.04767101666536824,
      0.048359927779127815,
      0.04907912759688394,
      0.048275129355747126,
      0.048257557585321624,
      0.04835337358045167,
      0.048672013794039855,
      0.0481643022905136,
      0.048445262965457196,
      0.04907636077239596,
      0.04798976493806675,
      0.047804715895447235,
      0.04803246999609059,
      0.04842412279083811,
      0.048000860458304144,
      0.048266741466419454,
      0.04840924800213041
    ]
  }
}