{
  "LSTM-based": {
    "training_loss": [
      0.457971399072138,
      0.21154684223479994,
      0.12610741344440335,
      0.07546642684802232,
      0.06630730702569208,
      0.060831678246811315,
      0.05746952925955609,
      0.05528661628710542,
      0.05342106435260698,
      0.051994054544349064,
      0.05082501118528161,
      0.04965729825844281,
      0.04884550282392696,
      0.048055892564885745,
      0.04739007190115221,
      0.04692697112143453,
      0.046367858841602064,
      0.04569114144226501,
      0.045523904580332376,
      0.04475815609691461,
      0.04472967432860279,
      0.04436046705037304,
      0.04420752015022926,
      0.043947251626585755,
      0.04330173292337712,
      0.04350993752905669,
      0.04305454007506474,
      0.04278676078188357,
      0.0427518469060366,
      0.042469761826653206,
      0.042350658123579965,
      0.041999049636453026,
      0.0420542417523456,
      0.0419976812766371,
      0.04162346673047935,
      0.04141167340803394,
      0.041463401630210915,
      0.041219353204531725,
      0.041227269724037244,
      0.041065490199333664,
      0.04088231647125667,
      0.040985649642074545,
      0.0407892905847142,
      0.04075315506221723,
      0.04074820324429916,
      0.0406413090187714,
      0.04073019431939468,
      0.04055000081064383,
      0.04032232502937007,
      0.040419615982697575,
      0.04034294989573377,
      0.04025419361798974,
      0.040328359002153834,
      0.040187885768492054,
      0.04000889966377352,
      0.04000527006243089,
      0.0398276024134878,
      0.03977668096200019
    ],
    "validation_loss": [
      0.10164134728497472,
      0.10400543287396431,
      0.061342339654420985,
      0.04919347655156563,
      0.04704882807001985,
      0.0470783861161306,
      0.048003709380482804,
      0.04669887331025354,
      0.048055483400821684,
      0.047781102680440606,
      0.046220592486447304,
      0.04715837061662098,
      0.04679997614745436,
      0.047546467185020445,
      0.04691916866035297,
      0.04730080030858517,
      0.0487531794556256,
      0.04616509054241509,
      0.04694377128677121,
      0.046478174138685754,
      0.04694346352640925,
      0.046897225878361995,
      0.04728341841235243,
      0.0475860379764746,
      0.04690214804020421,
      0.04740959737321426,
      0.04815150522466364,
      0.04727120402044263,
      0.0470247360781349,
      0.04697155572217086,
      0.04820903957147023,
      0.04712827598740315,
      0.04703953393317502,
      0.047065779708068946,
      0.04828319111517791,
      0.047572691661530525,
      0.04734392663271263,
      0.04697493154170184,
      0.04775394920645089,
      0.04749972314156335,
      0.047501890772375564,
      0.047003572369957794,
      0.04692672584848157,
      0.04734464881235156,
      0.04744486730417301,
      0.047158375896256544,
      0.04804523760645554,
      0.04678602546196559,
      0.04813264228146652,
      0.047910749629653734,
      0.04739405733758006,
      0.047752746014759456,
      0.047616871202300334,
      0.04638380254137105,
      0.046930749226233054,
      0.04712370090700429,
      0.047507957587468216,
      0.047361312151469034
    ]
  }
}