{
  "CNN-Based": {
    "MSE": 0.033598,
    "MAE": 0.144412,
    "RMSE": 0.183298,
    "MAPE": 0.657284
  }
}