{
  "CNN-Based": {
    "MSE": 0.045592,
    "MAE": 0.147006,
    "RMSE": 0.212696,
    "MAPE": 0.406393
  }
}