{
  "CNN-Based": {
    "MSE": 0.037052,
    "MAE": 0.139157,
    "RMSE": 0.190067,
    "MAPE": 0.518957
  }
}