{
  "CNN-Based": {
    "MSE": 0.039432,
    "MAE": 0.149799,
    "RMSE": 0.195429,
    "MAPE": 0.605387
  }
}