{
  "CNN-Based": {
    "MSE": 0.035408,
    "MAE": 0.131096,
    "RMSE": 0.187815,
    "MAPE": 0.442855
  }
}