{
  "CNN-Based": {
    "MSE": 0.035963,
    "MAE": 0.138106,
    "RMSE": 0.189069,
    "MAPE": 0.516035
  }
}