{
  "CNN-Based": {
    "MSE": 0.037014,
    "MAE": 0.139596,
    "RMSE": 0.191891,
    "MAPE": 0.485972
  }
}