{
  "CNN-BiLSTM-Attention-based": {
    "MSE": 0.065013,
    "MAE": 0.211076,
    "RMSE": 0.254589,
    "MAPE": 0.376577
  }
}