{
  "CNN-Attention-LSTM-based": {
    "training_loss": [
      0.7923036661863743,
      0.19424508015314737,
      0.023902168682732507,
      0.011613830247890679,
      0.00987041204595649,
      0.009226089658745504,
      0.00880413533661378,
      0.00849662450699698,
      0.008273444549679548,
      0.008112951059928115,
      0.007979490864131255,
      0.007852690278131508,
      0.007731994721277846,
      0.007616883992212605,
      0.00750291643966555,
      0.007393143655013872,
      0.007282456399362541,
      0.007177901842727295,
      0.007076307221024865,
      0.0069733628739861294
    ],
    "validation_loss": [
      0.013069975086384349,
      0.003070073111707138,
      0.003420233034477052,
      0.0033741398429912,
      0.0033770774284170735,
      0.003357411025919848,
      0.003341722690189878,
      0.003323935366804815,
      0.0033089881116110417,
      0.0032996679462182024,
      0.00328924243674717,
      0.003280774903638909,
      0.0032734466755452254,
      0.003267795235539476,
      0.003261497056680835,
      0.0032576480427653426,
      0.0032582770347491736,
      0.003256744640465412,
      0.003257963301924368,
      0.003260709597573926
    ]
  }
}