{
  "CNN-Attention-LSTM-based": {
    "training_loss": [
      0.0013697978279645173,
      0.001404944990932102,
      0.0012857654250003922,
      0.0012519640625047851,
      0.0011240208626423084,
      0.0010704725626593744,
      0.001044619454621849,
      0.001018484214871702,
      0.0010000332586572204,
      0.00097753538448416,
      0.0009357480161731512,
      0.0007707680687045967,
      0.0005831747892981684,
      0.0005326895469563527,
      0.0005179615494545917,
      0.000499320590317669,
      0.0004872178829366892,
      0.0004967232825050891,
      0.0005125469449435322,
      0.0004986182058518621
    ],
    "validation_loss": [
      0.0034075600804982487,
      0.0031362377576061064,
      0.0027314701697209497,
      0.002247313779967648,
      0.001758921448584203,
      0.0017067669415390574,
      0.0016656254867573718,
      0.0016245018768977452,
      0.0016455817576888558,
      0.0016777846258837026,
      0.0015379908149475818,
      0.0010752873169583873,
      0.0007718353421538026,
      0.000704513498015337,
      0.0007154727810537899,
      0.0007468683749333128,
      0.0006832794670562644,
      0.000659399118821521,
      0.0007810808548873121,
      0.0007587274002445328
    ]
  }
}