{
  "CNN-Attention-LSTM-based": {
    "training_loss": [
      0.005625636795801776,
      0.00548014866986445,
      0.005384930915066174,
      0.005307024531066418,
      0.005238831841519901,
      0.005177017421062503,
      0.005119759576129062,
      0.005065956578723022,
      0.005014914926141501,
      0.004966146166303328,
      0.004919287815157857,
      0.004874088681702103,
      0.004830367237861667,
      0.004787972808948585,
      0.00474679431478892,
      0.004706729522773198,
      0.004667689890733787,
      0.004629604704678059,
      0.004592410062572785,
      0.004556079674512148
    ],
    "validation_loss": [
      0.007307147514735554,
      0.007307147514735554,
      0.007307147514735554,
      0.007307147514735554,
      0.007307147514735554,
      0.007307147514735554,
      0.007307147514735554,
      0.007307147514735554,
      0.007307147514735554,
      0.007307147514735554,
      0.007307147514735554,
      0.007307147514735554,
      0.007307147514735554,
      0.007307147514735554,
      0.007307147514735554,
      0.007307147514735554,
      0.007307147514735554,
      0.007307147514735554,
      0.007307147514735554,
      0.007307147514735554
    ]
  }
}