{
  "CNN-Attention-LSTM-based": {
    "training_loss": [
      0.006172184276280643,
      0.00400758414736969,
      0.0030958590117825878,
      0.0026543855017198506,
      0.002499519957886111,
      0.002351030214897377,
      0.0023727203357509145,
      0.0022004623930874487,
      0.0021637090073107815,
      0.0020743020753235483,
      0.0020287249927415695,
      0.001976069875342919,
      0.0019250865372420429,
      0.0018830844871163797,
      0.0018732021060242927,
      0.0018240166643781841,
      0.0017814714387863232,
      0.0018113416086935955,
      0.0017989138509783384,
      0.0017401607465936982
    ],
    "validation_loss": [
      0.004763768074645413,
      0.004255242672541158,
      0.0028225299064740003,
      0.003019819947348224,
      0.0030867253972900856,
      0.0031058276340151006,
      0.0024042857623250364,
      0.002388286210006947,
      0.0025694361291557764,
      0.0028053823349287184,
      0.0027723421523575304,
      0.0026023313537132825,
      0.0030220541902047267,
      0.0029078784110627585,
      0.0024849984446446674,
      0.003104641571265759,
      0.0027999912435523896,
      0.0024510751873683587,
      0.002619180386122182,
      0.0026561355338894205
    ]
  }
}