{
  "CNN-Attention-BiGRU-based": {
    "MSE": 0.156979,
    "MAE": 0.35409,
    "RMSE": 0.395637,
    "MAPE": 193070871743.2264
  }
}