{
  "CNN-Attention-GRU-based": {
    "MSE": 0.007998,
    "MAE": 0.060601,
    "RMSE": 0.089376,
    "MAPE": 0.275483
  }
}