{
  "CNN-Attention-GRU-based": {
    "MSE": 0.01171,
    "MAE": 0.074135,
    "RMSE": 0.108199,
    "MAPE": 0.286376
  }
}