{
  "CNN-Attention-LSTM-based": {
    "training_loss": [
      1.3460082130966586,
      0.7341149158110343,
      0.34232408920019186,
      0.17212488461814285,
      0.12091376060936372,
      0.09881556595165132,
      0.08675320135941647,
      0.07976774393781472,
      0.07336521624944674,
      0.06910201827563255,
      0.06592614802608557,
      0.06338050485231413,
      0.0610263273446134,
      0.05886853409966947,
      0.05722797010257031,
      0.05613918603771414,
      0.05459772930488695,
      0.052346437060373674,
      0.05100234108610036,
      0.049534839279492975,
      0.04857165194173619,
      0.04771877104993877,
      0.04663567395062038,
      0.04501322468321921,
      0.04415500346708214,
      0.04490945122209614,
      0.04260766263496646,
      0.041285817082416784,
      0.04033658209855419,
      0.04111847201208935,
      0.03960597432901897,
      0.03830666618907723,
      0.03791647770437175,
      0.037218152178409014,
      0.03641037223452862,
      0.03518067177013215,
      0.034466096521363364,
      0.03446704989556882,
      0.034880659038987134,
      0.033410240310503596,
      0.03210581582685486,
      0.03100286281281094,
      0.030438234700108577,
      0.030741187761784017,
      0.030934604279527312,
      0.029556610290411265,
      0.029027472476877807,
      0.02900496838637179,
      0.028264386341262823,
      0.02784475616967198,
      0.02709228640027514,
      0.026839485101649723,
      0.02648897812540289,
      0.026439631589396405,
      0.026524587089094723,
      0.026406982616764444,
      0.026169702942416256,
      0.02553891796690466,
      0.02534882961764227,
      0.02498118184024106,
      0.02491947917851592,
      0.024775114797721185,
      0.02457790305404133,
      0.02450947344120455,
      0.024668952329459416,
      0.02448231326954377,
      0.024165155114883298,
      0.024001607456083054,
      0.023697839759538136,
      0.023523990384542795,
      0.02358858357142859,
      0.02369151785056353,
      0.023454916707505904,
      0.02308202188807799,
      0.02272878925849385,
      0.022752124212695294,
      0.022991818181791992,
      0.02294006179398392,
      0.022828976993959547,
      0.022476369798861952,
      0.022933656121432885,
      0.02252746370805333,
      0.022421749788230437,
      0.022383328951281967,
      0.022523297770063015,
      0.022148525019399755
    ],
    "validation_loss": [
      0.0134726238180924,
      0.009987509943179512,
      0.00871511744645191,
      0.008740685297903684,
      0.008386845140996831,
      0.008095234952175472,
      0.007907334002364434,
      0.00792607009058554,
      0.007843287912851457,
      0.008080451232226216,
      0.008069989165444508,
      0.008117856664971274,
      0.008175720855424054,
      0.008032818882678833,
      0.008617485654842102,
      0.00785006481123315,
      0.007067783517133438,
      0.007371142051539884,
      0.007776320486243051,
      0.0072140056564882005,
      0.007027509837572817,
      0.007868382388207206,
      0.007344520965594335,
      0.007015851434750806,
      0.008281548109538397,
      0.007486173979311712,
      0.0070085597147874785,
      0.0076242104962128895,
      0.013224519472797572,
      0.0072561316518357675,
      0.007459167147221634,
      0.00736802686234176,
      0.013397507320587147,
      0.007110224337025094,
      0.007701866051439855,
      0.007923431166051357,
      0.008907287482713756,
      0.008810068395856487,
      0.00891950581020524,
      0.007278838547210873,
      0.00640244275452194,
      0.006832572160983513,
      0.008228760212659836,
      0.008992495993886228,
      0.006984521310300209,
      0.006868385913701901,
      0.006801450724555294,
      0.007134716793072725,
      0.007650751147530125,
      0.008993212857826787,
      0.007535437099152813,
      0.007725655202364024,
      0.007777954661328143,
      0.007316653197549688,
      0.00714935132525796,
      0.009212269971307021,
      0.007839334650770899,
      0.007638749531135877,
      0.007958156373123467,
      0.007512467048879576,
      0.00794338320109556,
      0.007432034562118417,
      0.007270248673673582,
      0.007427491048667352,
      0.007748602240325169,
      0.010683904346502704,
      0.007480662128514563,
      0.0074600281304762995,
      0.007104615230706966,
      0.009059748207846895,
      0.007460649360147437,
      0.008083258112876197,
      0.007227462046044094,
      0.007231115065058351,
      0.007857540881688562,
      0.007998343558750407,
      0.0076185553685326505,
      0.010917613759062753,
      0.0075429440875604565,
      0.007912790745287977,
      0.007797798766524591,
      0.012555119080791958,
      0.007353835285766843,
      0.010509051286310427,
      0.008968834101423073,
      0.01208787554819561
    ]
  }
}