{
  "CNN-BiLSTM-Attention-based": {
    "MSE": 0.008509,
    "MAE": 0.070864,
    "RMSE": 0.09219,
    "MAPE": 0.284716
  }
}