{
  "CNN-BiLSTM-Attention-based": {
    "MSE": 0.013311,
    "MAE": 0.095847,
    "RMSE": 0.11535,
    "MAPE": 0.544443
  }
}