{
  "CNN-GRU-Attention-based": {
    "training_loss": [
      0.11099577521197887,
      0.12149631925160877,
      0.09003058820962906,
      0.08155406222318523,
      0.07480316333965972,
      0.07959344269195084,
      0.07431363467555428,
      0.07074152649695034,
      0.06803012416026318,
      0.06658168292834783,
      0.06595967115529323,
      0.06349849750252136,
      0.06121255509321698,
      0.05992347954769168,
      0.05923579076389403,
      0.05811123780984081,
      0.056745891280809764,
      0.05433786534525792,
      0.054752880895594686,
      0.053299892213494106,
      0.05120142048244277,
      0.05188686800439183,
      0.051302062509782635,
      0.050830191981294015,
      0.05001878927912862,
      0.04871529125274266,
      0.04884036472034787,
      0.04745750946969521,
      0.04671963640465969,
      0.04618998606549738,
      0.044798762592704454,
      0.044763806649201425,
      0.04505728034607625,
      0.043690313237884734,
      0.04388217931736637,
      0.04232888193703695,
      0.042786484525801825,
      0.0417452746878933,
      0.04128443923509495,
      0.04003523862579974,
      0.04075752507622649,
      0.03872930018380544,
      0.03850504693669309,
      0.038854900513895715,
      0.03807369358707804,
      0.03712680192099631,
      0.036852916306734915,
      0.036398189875722346,
      0.03750356981199793,
      0.036119605722846886,
      0.03622784097565383,
      0.03509584279529725,
      0.0350009446853337,
      0.03366140742828414,
      0.034517704687675115,
      0.03357096717332714,
      0.03252570180527425,
      0.033626700592477146,
      0.032277762201916464,
      0.03195683093488424,
      0.031180261527204347,
      0.03132131937177339,
      0.031788819122293685,
      0.03186591152582019,
      0.03068454968597
    ],
    "validation_loss": [
      0.07026349049475458,
      0.13887260937028462,
      0.15189274897178015,
      0.1091670584347513,
      0.06828265181846088,
      0.06240980906618966,
      0.06801090989675787,
      0.060590642814834915,
      0.04258257461090883,
      0.03162354499929481,
      0.03021455333671636,
      0.031638210277176566,
      0.02735450781053967,
      0.024381525297131803,
      0.025836316868662834,
      0.026738302109556064,
      0.02439258847799566,
      0.021899073488182492,
      0.021228607123096783,
      0.022867378416574664,
      0.023124084600971803,
      0.02183029257381956,
      0.02011013672583633,
      0.020401363571484882,
      0.01938300145169099,
      0.01876903832372692,
      0.019016517015794914,
      0.01903704357230001,
      0.018137409248285823,
      0.017632013393772974,
      0.017666680738329887,
      0.01845719137539466,
      0.01765807004024585,
      0.01746003060705132,
      0.017336998134851456,
      0.018025485798716545,
      0.01755826837486691,
      0.017634382678402796,
      0.01853576861321926,
      0.018452675495710637,
      0.01851940734518899,
      0.019014843843049474,
      0.019625094615750842,
      0.02012084734936555,
      0.01999533548951149,
      0.02003329661157396,
      0.02232579504036241,
      0.022367359863387212,
      0.019976444749368563,
      0.02109495322737429,
      0.023324773129489686,
      0.021342050801548693,
      0.021418057175146207,
      0.02181251874814431,
      0.022000592201948166,
      0.02219094501601325,
      0.02233899591697587,
      0.021687258241905108,
      0.021878226349751156,
      0.022871642270021968,
      0.022433927489651576,
      0.02160848035580582,
      0.023576863213545747,
      0.022547802991337247,
      0.022897697571251128
    ]
  }
}