{
  "CNN-GRU-Attention-based": {
    "training_loss": [
      0.1457344697905587,
      0.15293426738752353,
      0.13918563108760995,
      0.13415045671529705,
      0.12959099472402694,
      0.12889164988394383,
      0.10572975530074193,
      0.06792409699800965,
      0.08080602953067192,
      0.06762172474519357,
      0.06239105656847253,
      0.06225905965987619,
      0.06096222436615637,
      0.058073170066296635,
      0.05518307588942401,
      0.055373258836619504,
      0.05492189932953228,
      0.0533791843515176,
      0.05121794113746056,
      0.05141106643876829,
      0.050852911351444006,
      0.049067082886512466,
      0.04835096712816845,
      0.04762173509160122,
      0.04709612411427331,
      0.047161450023417706,
      0.045977150435214276,
      0.04486947402462259,
      0.04496516902129967,
      0.04461303785755918,
      0.04377016146387254,
      0.04299250622833525,
      0.04261060556644326,
      0.042651887696522936,
      0.04157159425370343,
      0.042068740079452945,
      0.04121451376826613,
      0.040327512092523644,
      0.03929993749915303,
      0.03993075093501931,
      0.03838343665629,
      0.03831027200693017,
      0.03792965537184602,
      0.03762913531773574,
      0.037383724316642004,
      0.03675648465856805,
      0.03636272415727169,
      0.03587221625176343,
      0.03532637009670685,
      0.03552686456929554,
      0.03443021454906964,
      0.03475229133415472,
      0.034285833629278034,
      0.033888086220705424,
      0.032682282863171784,
      0.03329665870308043,
      0.0327171940304391,
      0.032440976949630086,
      0.031883481772733736,
      0.03217847496792153,
      0.030461903557285563,
      0.030503579708454492,
      0.030684562386957916,
      0.029174497963248433,
      0.0307460047721446,
      0.029337415588902425,
      0.030189804654646588,
      0.02886153188358237,
      0.029495501929855013
    ],
    "validation_loss": [
      0.17128623442517388,
      0.19663911230034298,
      0.20088120301564535,
      0.18566140118572447,
      0.17009531954924265,
      0.1648445369468795,
      0.10083999691738023,
      0.03251976240426302,
      0.048417759127914906,
      0.05078520625829697,
      0.03344044875767496,
      0.027158713071710534,
      0.03149668360128999,
      0.03225871015133129,
      0.025151060583690803,
      0.022320153864307538,
      0.024120873254206445,
      0.027923067721227806,
      0.027721451233244605,
      0.02407765652363499,
      0.023607976268976927,
      0.023136317522989377,
      0.023908555507659912,
      0.0247958794546624,
      0.02454356983717945,
      0.023099220875236724,
      0.022438152227550745,
      0.023113403469324112,
      0.024547892881350383,
      0.024276781413290236,
      0.023853558633062575,
      0.02193772601377633,
      0.022316808243178658,
      0.024013829469266865,
      0.021554904989898205,
      0.024674621151967183,
      0.024827684327546094,
      0.022534029454820685,
      0.02096316156287988,
      0.02208362530089087,
      0.022617757527364626,
      0.02349072943131129,
      0.023105107351309724,
      0.025973973226630025,
      0.02513014359606637,
      0.02180406968626711,
      0.0212824952064289,
      0.02170881401333544,
      0.024466636797620192,
      0.022831425070762634,
      0.023222202331655555,
      0.026310605721341238,
      0.024997561445666686,
      0.02715483732107613,
      0.03227375137309233,
      0.02540445038013988,
      0.026452307485871844,
      0.031948534357878894,
      0.02836706085751454,
      0.03131495126419597,
      0.043579781221018896,
      0.04115595461593734,
      0.030722522383762732,
      0.03297985583129856,
      0.03847519432504972,
      0.028450658751858607,
      0.04893377154237694,
      0.03589096168677012,
      0.031013303332858615
    ]
  }
}