{
  "CNN-GRU-Attention-based": {
    "training_loss": [
      0.15969935739249513,
      0.10767600515432525,
      0.09383148744440915,
      0.08750704615785365,
      0.0794165978567642,
      0.07363386763292447,
      0.07430765244521592,
      0.07168603095046261,
      0.06839755411472237,
      0.0653179866833645,
      0.06373683016812592,
      0.062337242093002586,
      0.0599900834393083,
      0.058861049539164496,
      0.0572248342267254,
      0.05591132125833578,
      0.0549105423584319,
      0.0534659463062621,
      0.05261793578403038,
      0.05129241587822898,
      0.05105865514069273,
      0.04863094744975107,
      0.04821853772328611,
      0.04820937090798428,
      0.046402925919545326,
      0.045677291889462554,
      0.04526456756549969,
      0.04422953054308891,
      0.043536744384389175,
      0.04431890819156379,
      0.04219569837053617,
      0.042053875706174915,
      0.041032073346146364,
      0.040983334811110245,
      0.039189612159603524,
      0.03964151154484665,
      0.03847635968735343,
      0.03985689427507551,
      0.03721821003577165,
      0.03774269261119659,
      0.03647805423590175,
      0.03617973374693017,
      0.03538006319288622,
      0.03529628974696,
      0.034138595992535874,
      0.03429516479372978,
      0.03375172468000337,
      0.033311091912420175,
      0.03354473847307657,
      0.03210237183068928,
      0.03162702963801853,
      0.03106305300535863,
      0.03177819896424026,
      0.030223238298244644,
      0.030886603695781608,
      0.0299625741808038,
      0.03085075778919354,
      0.029571560338923806,
      0.030240299637641823,
      0.028956196117296554,
      0.02904418987271033,
      0.028624760581735978,
      0.028304304260956613,
      0.027881145294298207,
      0.027912533544657524
    ],
    "validation_loss": [
      0.2116714028848542,
      0.13255781142248046,
      0.11176319875650936,
      0.1065271972782082,
      0.08592252723044819,
      0.06546397548582819,
      0.0637123417109251,
      0.06602480738527244,
      0.05667647564162811,
      0.041279728731347456,
      0.03260514993841449,
      0.03141555071084036,
      0.03199757102669941,
      0.03192927502095699,
      0.032142943133496575,
      0.03000500513654616,
      0.0266861855569813,
      0.027576913074072864,
      0.03029059453143014,
      0.030349254349453583,
      0.028075182603465185,
      0.025689699169662263,
      0.026071458796246186,
      0.028033575405263238,
      0.02552778035816219,
      0.02588846187831627,
      0.029219462691495817,
      0.030325108725163672,
      0.02826851311450203,
      0.03389451507892874,
      0.029896783487250406,
      0.028470420226868656,
      0.03676029449949662,
      0.035608028527349234,
      0.02455602606965436,
      0.029778344918870263,
      0.02923782164644864,
      0.030832393301857844,
      0.029892031155112717,
      0.03244809263075391,
      0.029229014956702788,
      0.03991491419987546,
      0.02976611882655157,
      0.029099282963822286,
      0.026766944055755932,
      0.029868896688438125,
      0.025326569978561666,
      0.03329363165216313,
      0.028423535637557507,
      0.028729194930444162,
      0.02896370066122876,
      0.025940402928325865,
      0.051381772797968656,
      0.03435326377964682,
      0.03052002905557553,
      0.031400549742910594,
      0.02966812180562152,
      0.029450586790011987,
      0.03659451152715418,
      0.0299508993824323,
      0.03344531853993734,
      0.02794233833750089,
      0.04017877330382665,
      0.052618139112989105,
      0.03206748949984709
    ]
  }
}