{
  "CNN-GRU-Attention-based": {
    "training_loss": [
      0.1295832407096742,
      0.10437824430180268,
      0.08808280758454766,
      0.08419101443928732,
      0.07858353559399994,
      0.07425366992681799,
      0.07506829080447344,
      0.07140778708206096,
      0.06802336976561747,
      0.06637401448588975,
      0.06551621413566697,
      0.06314229440521187,
      0.06113953668047005,
      0.05979123339056969,
      0.05748731642961502,
      0.056333821634171714,
      0.05586263222593657,
      0.054729382546854694,
      0.05342050258752326,
      0.05249486926575782,
      0.050765414473036646,
      0.05084694743576184,
      0.050000671926938314,
      0.04890396267595425,
      0.04798381387347907,
      0.046996870301139186,
      0.04722188056354791,
      0.0474231115109484,
      0.04511697175846973,
      0.04458850517239369,
      0.044940563941925346,
      0.04350164070935317,
      0.04315515628582995,
      0.04280405239739888,
      0.04238295995853317,
      0.041484668798429866,
      0.0414980361893983,
      0.04055342797032544,
      0.04048415116021331,
      0.04027607061073814,
      0.03909170302286954,
      0.03895723016958841,
      0.038242610145202825,
      0.03807715452472928,
      0.03764618775794204,
      0.036407922119112084,
      0.035575711024059375,
      0.03595179476788346,
      0.035415764215966344
    ],
    "validation_loss": [
      0.1367622142036756,
      0.1151374446021186,
      0.12231721315119001,
      0.11161138200097614,
      0.08927213317818111,
      0.06844275631010532,
      0.059495087092121444,
      0.052176904450688094,
      0.04125163931813505,
      0.03455611106215252,
      0.03275575287019213,
      0.031232376324219838,
      0.029074696513513725,
      0.02720314936919345,
      0.025961214159097936,
      0.02622876347353061,
      0.026913160665167704,
      0.026054831066479284,
      0.024999596902893648,
      0.02670217351987958,
      0.02827411817593707,
      0.029332708101719618,
      0.027721713348809216,
      0.02756005980902248,
      0.027495249536716275,
      0.027426106182651386,
      0.02846534348403414,
      0.030163140657047432,
      0.02646963329364856,
      0.026282502545250788,
      0.02943511503852076,
      0.029584268159750435,
      0.031797775946971446,
      0.030099337610105675,
      0.025264104931718774,
      0.02613497008052137,
      0.02939987617234389,
      0.03375750593841076,
      0.03001625846243567,
      0.03080720081925392,
      0.037336938393612705,
      0.032370978552434176,
      0.026893148198723793,
      0.03664778504106733,
      0.03648527980678611,
      0.03014388183752696,
      0.03127110376954079,
      0.04109449156870445,
      0.03492275087369813
    ]
  }
}