{
  "CNN-GRU-Attention-based": {
    "training_loss": [
      0.15804094202081923,
      0.12047300120474587,
      0.11327998077785464,
      0.10580285082400685,
      0.09823280593878786,
      0.09603294982037074,
      0.0954275710481993,
      0.09194355006788818,
      0.08960341945500441,
      0.08691612746514066,
      0.08577595357324036,
      0.08329291326898924,
      0.08207419913419535,
      0.08014889817002793,
      0.07848035008974479,
      0.07769018495586556,
      0.0766999099246213,
      0.07479050545625283,
      0.0735561825649839,
      0.07259229518158335,
      0.07237965823479102,
      0.07208200722513064,
      0.06370384141173162,
      0.05359517667495029,
      0.048067759774940114,
      0.04780588194098271,
      0.04699227066946701,
      0.04542524960469192,
      0.04435127532817948,
      0.04455204895684417,
      0.04353320619589846,
      0.042682119763233294,
      0.0427448119915707,
      0.04185235993543141,
      0.0412686826057837,
      0.04135765985284053,
      0.04033265918703147,
      0.04042329062038744,
      0.039575075651978105,
      0.03931303962435521,
      0.03845422017112584,
      0.03835546130865392,
      0.037790604985096087,
      0.03729415750524528,
      0.03656119669617062,
      0.03565795305119434,
      0.03604772768285073,
      0.03394607076762428,
      0.035488146658934336,
      0.03320408192738681,
      0.03450430000961666,
      0.033007937260496785,
      0.03267375699860949,
      0.031806059863785624,
      0.03180629744286269
    ],
    "validation_loss": [
      0.20619908269022552,
      0.1563399526434885,
      0.1573396202334216,
      0.15825742325732406,
      0.13991590956567038,
      0.1218669281249315,
      0.11461046075736972,
      0.10680089786019124,
      0.09607305886669898,
      0.0878992037663997,
      0.08606376157889903,
      0.08527330587237654,
      0.08317247788671037,
      0.08015517276567473,
      0.07692822593618447,
      0.07637351315835832,
      0.07605042219371863,
      0.07630333556255824,
      0.07564903916397565,
      0.07539059562792241,
      0.07669455552814712,
      0.0737482006071319,
      0.05382132572187504,
      0.03555920777816168,
      0.026200623815538178,
      0.029191223242070893,
      0.03088105876575893,
      0.028985100594991948,
      0.027020748061928113,
      0.026831028700976724,
      0.030759854930859636,
      0.03087469718327195,
      0.03052386566078369,
      0.02868198983135148,
      0.029609416545906538,
      0.029994629553033853,
      0.029596313716135393,
      0.03475574193469865,
      0.035466929943576246,
      0.03178036017474574,
      0.03047171824703544,
      0.0314919513676473,
      0.032051010772218586,
      0.039219456390333425,
      0.03076270681766557,
      0.02939710966770498,
      0.03240894618063745,
      0.03141660756156058,
      0.04254917472495999,
      0.04016218446588642,
      0.04116860535126966,
      0.0350327752005886,
      0.04766437302435368,
      0.051118871013463386,
      0.07761164540818459
    ]
  }
}