{
  "CNN-GRU-Attention-based": {
    "training_loss": [
      0.15577419181173344,
      0.12364492257365911,
      0.1121834596559774,
      0.10130432627226355,
      0.0978660823073067,
      0.09331705244817498,
      0.09022006292435811,
      0.08869617398130598,
      0.08543516319021319,
      0.0839222652225528,
      0.08126427699209524,
      0.07952996019550432,
      0.07787058025914452,
      0.0759709344472565,
      0.07528229357918244,
      0.07213848255337758,
      0.06298921312544456,
      0.055379552391518976,
      0.05167102892702123,
      0.050485936918233394,
      0.04909021133563544,
      0.047905648699813515,
      0.04783573915174909,
      0.045940098803582546,
      0.04551907173315122,
      0.04463305134760617,
      0.04403584192477351,
      0.042687002608927736,
      0.041956634566767056,
      0.04140725654184608,
      0.04038652245863587,
      0.04038950698219845,
      0.03968767153079434,
      0.03872389549080138,
      0.03827045846059129,
      0.037192689340443154,
      0.03722096738724742,
      0.03610857343136632,
      0.036130357494202604,
      0.03527219747538701,
      0.03484087405798713,
      0.034365792827871576,
      0.03367183446989464,
      0.03317074539541356,
      0.03289670757817716,
      0.032902649205586096,
      0.03202298020305566,
      0.03216348375216811,
      0.03132090952523816,
      0.031210641083784744,
      0.031070480722104703,
      0.03171629511320127,
      0.030669977315849636,
      0.03015145198721768,
      0.030092199237576223,
      0.0298195970326978,
      0.030117285717607807,
      0.029469053007583314
    ],
    "validation_loss": [
      0.19302557314365681,
      0.15279374355581446,
      0.1316268303444688,
      0.1241373018899434,
      0.11814167303308634,
      0.10793028016325454,
      0.09880986799236754,
      0.09264647750787332,
      0.08490563713958565,
      0.07942726641473635,
      0.07602755090510341,
      0.07388543306102216,
      0.07289979344522449,
      0.07273434590495809,
      0.07414399947918637,
      0.06835322685434785,
      0.04744516235684425,
      0.03225847182165779,
      0.030155609735668127,
      0.03060563823575495,
      0.02936927189814373,
      0.02821577056376657,
      0.0317267041430402,
      0.03135617487263721,
      0.02871479130756687,
      0.026818558691777815,
      0.026633682700110153,
      0.02544773560883084,
      0.026419190952265765,
      0.0263264340243604,
      0.027847915763219058,
      0.026904733720379815,
      0.027799954159106587,
      0.02897709381805969,
      0.027092361343945836,
      0.02786355126570438,
      0.029050217397038787,
      0.02768241353726513,
      0.02841479194835878,
      0.029154369030410136,
      0.032058421450234215,
      0.027714702464692608,
      0.029820963287804748,
      0.03155270024058475,
      0.027794924092439697,
      0.025662065667270775,
      0.028629471469198316,
      0.030025106487454663,
      0.028067105672728847,
      0.03522103511347947,
      0.03243075578775204,
      0.02930908832489185,
      0.03751921951508438,
      0.026177330775527467,
      0.03807669113272093,
      0.030840354584629685,
      0.03664931018089115,
      0.026777962622770542
    ]
  }
}