{
  "CNN-GRU-Attention-based": {
    "training_loss": [
      0.16574204411912472,
      0.13511074033189327,
      0.11035057447903546,
      0.09282054609440743,
      0.0811205084125201,
      0.07848837464413744,
      0.07514739152810253,
      0.07153412271687325,
      0.06908903265675755,
      0.06723663527914818,
      0.06528831664340716,
      0.06388054264986769,
      0.06141279738211463,
      0.06097141737844927,
      0.05908692696838514,
      0.057225823191040796,
      0.056592338209879314,
      0.055050143721044484,
      0.054247182998674134,
      0.05342144402840459,
      0.05186813586252801,
      0.05114826560020447,
      0.05027826745987784,
      0.04908921791517988,
      0.04987558669655036,
      0.048405925195056494,
      0.04833685289672081,
      0.04779548805656163,
      0.0463128664814834,
      0.04631679684769177,
      0.04532583237539792,
      0.04562170888092501,
      0.045681615406317065,
      0.04353676160387959,
      0.04378304936995743,
      0.04475904768663095,
      0.04335280864479694,
      0.04283585177457079,
      0.042738093182127526,
      0.04177119191868085,
      0.041715930169778516,
      0.041512306330474556,
      0.04118823392171386,
      0.03947089847626416,
      0.039589624032906605,
      0.03943310403232033,
      0.03950496617678209,
      0.0387205534106028,
      0.03807949184948671,
      0.037964476153571555,
      0.037967623125576805,
      0.03672550449557338,
      0.03698254741252737,
      0.037045009209648934,
      0.03527791523341591,
      0.03611203042644981,
      0.03499297501770317,
      0.03437724519283213,
      0.03409687892025244,
      0.03383482461597057,
      0.03360575216934613,
      0.03296448290348053,
      0.03250267295866993,
      0.03256968576593179,
      0.032544098292470826,
      0.031094453991093535,
      0.03091826004550812,
      0.03222413909297886,
      0.03135400096364055,
      0.031890315314133964,
      0.030660327497526264,
      0.030273638308999387,
      0.02986891475235317,
      0.03004444533206047,
      0.02975207897471198
    ],
    "validation_loss": [
      0.21526229528474136,
      0.17491463928575246,
      0.14575189089691135,
      0.12389787234051126,
      0.09969602588196876,
      0.09003440023098193,
      0.08221285396688421,
      0.06810989986423036,
      0.05696067227129365,
      0.04944227589950175,
      0.04167576505422172,
      0.03648828888233279,
      0.03230821686259038,
      0.03319652680255158,
      0.03407657055945044,
      0.032294127604806086,
      0.03362042602466445,
      0.03327810006137465,
      0.03198510533015073,
      0.02952271177840065,
      0.030606651691798593,
      0.03182630278957142,
      0.031096715217744802,
      0.030492965066411967,
      0.030004756026704545,
      0.031489210163938325,
      0.03153455458109228,
      0.030426588525969377,
      0.030192333162093247,
      0.02969950097809795,
      0.026288229460552544,
      0.02739580914797917,
      0.029357931215945685,
      0.027135357706689497,
      0.02493900275120223,
      0.02845442948967848,
      0.030049939915327957,
      0.028105785171698098,
      0.028822424414921815,
      0.026468339887723118,
      0.024515099803799054,
      0.02572164292329214,
      0.02642090583849751,
      0.023654482976703996,
      0.023630389668257305,
      0.026755355193581378,
      0.02829711324154911,
      0.026482288646970838,
      0.024996082036113237,
      0.027773174680244754,
      0.030307278981511022,
      0.02617564039226149,
      0.02662325411720175,
      0.02884623896278126,
      0.026989385590586865,
      0.028372269819005275,
      0.0328437545218728,
      0.03013658675719315,
      0.030720004287194198,
      0.033197609274844886,
      0.03294552179237067,
      0.03212426846820704,
      0.032356850002748024,
      0.03639919772534303,
      0.03242457908591334,
      0.03474175104950095,
      0.039705815134753644,
      0.03368520274968215,
      0.03042778960416015,
      0.03231723429503995,
      0.03790268827964303,
      0.036758044341080626,
      0.04455915877831654,
      0.036901804185669185,
      0.034328359913763026
    ]
  }
}