{
  "CNN-LSTM-based": {
    "training_loss": [
      0.01570957841225041
    ],
    "validation_loss": [
      0.0012413010748864059
    ]
  }
}