{
  "CNN-LSTM-based": {
    "training_loss": [
      0.05028715992984839,
      0.04763210872879298,
      0.04510499289516004,
      0.04279064816215434,
      0.04059458368658598
    ],
    "validation_loss": [
      0.0009431460207532235,
      0.0006376435920964703,
      0.00043518104106714364,
      0.00042616223830848195,
      0.0004228628684796209
    ]
  }
}