{
  "CNN-LSTM-based": {
    "training_loss": [
      0.004532510648786494
    ],
    "validation_loss": [
      0.0009507292440628415
    ]
  }
}