{
  "CNN-LSTM-based": {
    "training_loss": [
      0.007858016804533791
    ],
    "validation_loss": [
      0.0005652721174877439
    ]
  }
}