{
  "CNN-LSTM-based": {
    "training_loss": [
      0.013081782834326967
    ],
    "validation_loss": [
      0.0004123043176447246
    ]
  }
}