{
  "CNN-LSTM-based": {
    "training_loss": [
      0.004649995831147392,
      0.0041646505135308366,
      0.004013371794463051,
      0.0038858102187911314,
      0.0037592219165650397
    ],
    "validation_loss": [
      0.0007564741952992077,
      0.0007880218194942948,
      0.0008077416370840783,
      0.0008529468690514142,
      0.0008437861523306961
    ]
  }
}