{
  "CNN-LSTM-based": {
    "training_loss": [
      0.027784885354737793
    ],
    "validation_loss": [
      0.0005546205558199832
    ]
  }
}