{
  "CNN-LSTM-based": {
    "training_loss": [
      0.0035818050566472507
    ],
    "validation_loss": [
      0.0014659554104913366
    ]
  }
}