{
  "CNN-LSTM-based": {
    "training_loss": [
      0.008891907425826056
    ],
    "validation_loss": [
      0.0003530541336850116
    ]
  }
}