{
  "CNN-LSTM-based": {
    "training_loss": [
      0.030622385383384913
    ],
    "validation_loss": [
      0.0013878377824368183
    ]
  }
}