{
  "CNN-LSTM-based": {
    "training_loss": [
      0.013272724430255185
    ],
    "validation_loss": [
      0.00035704122856259344
    ]
  }
}