{
  "CNN-LSTM-based": {
    "training_loss": [
      0.00635124120464845
    ],
    "validation_loss": [
      0.0009718745946884155
    ]
  }
}