{
  "CNN-LSTM-based": {
    "training_loss": [
      0.02826936569222262
    ],
    "validation_loss": [
      0.0010627718740387967
    ]
  }
}