{
  "CNN-BiGRU-Attention-based": {
    "training_loss": [
      0.7366059221070388,
      0.6378244543897694,
      0.5498079626724638,
      0.46784825530545465,
      0.4034973269906537,
      0.348742105837526,
      0.30451279344229865,
      0.27154801364602715,
      0.24876735189865376,
      0.23003583201046648,
      0.21612980930969633,
      0.20308470561586578,
      0.1914933847969976,
      0.18217989864020512,
      0.1739219996435889,
      0.16595013449931967,
      0.15789745131443286,
      0.1513860270894807,
      0.14572047308601183,
      0.13920784186700294,
      0.13525921054955187,
      0.1293366107447394,
      0.1254126331929503,
      0.1203734662512253,
      0.11713914341967681,
      0.11206854427682943,
      0.10821013373547587,
      0.10461222005301508,
      0.10100615209546582,
      0.09685359427641178,
      0.0945686474442482,
      0.08994437014234477,
      0.08720609150056181,
      0.08450739758795706,
      0.08318184948173063,
      0.08089802740462895,
      0.0778904502247942,
      0.0760158516209701,
      0.0730522240287271,
      0.07166074028816716,
      0.0693069895022902,
      0.06709635365625907,
      0.0657523063493186,
      0.06449889761620554,
      0.06370387953417055,
      0.061722153245375076,
      0.06142385329665809,
      0.060196557075812895,
      0.0587024910439705,
      0.056824602777587954,
      0.056509405580060235,
      0.05502638040945448,
      0.053345226290924794,
      0.05263354449436582,
      0.05121446796532335,
      0.0503172751644562,
      0.05001059223351807,
      0.05103297326071509,
      0.04955293435988755,
      0.04718876845877746,
      0.04666208103299141
    ],
    "validation_loss": [
      0.09818552565471879,
      0.038551426955081264,
      0.034556742744712994,
      0.033787022890715765,
      0.02978423213393524,
      0.031658473007124044,
      0.03126313844374542,
      0.029264766054934468,
      0.028983583583914,
      0.029909135170024016,
      0.028142689579519733,
      0.028657565946722852,
      0.02750878381574976,
      0.025998382373102782,
      0.026766462559843884,
      0.025180344977255527,
      0.025262205482556904,
      0.025485522980833876,
      0.025337935084926672,
      0.024369246782413843,
      0.024596030689005195,
      0.025532460919228093,
      0.025194637785697804,
      0.024007284949565756,
      0.02392198878886371,
      0.02546951673154173,
      0.025782541378304876,
      0.02589208333399789,
      0.025783053798408343,
      0.0239780075591186,
      0.023520104599923923,
      0.025403195285591585,
      0.026046416420361092,
      0.02772084199662866,
      0.028294916181214925,
      0.027236680981927906,
      0.028675989100131496,
      0.024049231821093066,
      0.02382241680190481,
      0.02944461036601971,
      0.025539451105327442,
      0.024317749101540137,
      0.0325393318744569,
      0.02579424395386515,
      0.028981491358115754,
      0.027720979832369704,
      0.027779661452975765,
      0.026460303815788237,
      0.027364592344082634,
      0.02659333254499682,
      0.02491099607070972,
      0.025418732392376867,
      0.036069841811369206,
      0.029020745255823793,
      0.02964406242144519,
      0.031229821669644324,
      0.02796741661069722,
      0.02750140454234748,
      0.024942932650446892,
      0.027670025658504717,
      0.029710637598202146
    ]
  }
}