{
  "CNN-BiGRU-Attention-based": {
    "training_loss": [
      0.7254970334148572,
      0.6238159560992516,
      0.5217968200772537,
      0.4388069803850638,
      0.3691485068135105,
      0.3117027042855047,
      0.26769040488929124,
      0.23766969110887493,
      0.21615040958545367,
      0.1995164885576525,
      0.1863236334657422,
      0.17492856682376334,
      0.1653763328345946,
      0.15700105205821663,
      0.14818176996471144,
      0.1409999047870875,
      0.134617684122709,
      0.1283336701917113,
      0.12199004937690362,
      0.11702989900101858,
      0.1105848778946412,
      0.1065233967078782,
      0.10115011072426468,
      0.09727605708934277,
      0.09337499867706513,
      0.08826728077647188,
      0.08441631876845845,
      0.08153057795835077,
      0.07803394530283767,
      0.07487281476226289,
      0.07127725307239358,
      0.06985418977206236,
      0.06611494976699044,
      0.0644524856655503,
      0.06248355958617207,
      0.06165580001107975,
      0.05852666614972866,
      0.0573473261582419,
      0.05523850247006548,
      0.05364827971281371,
      0.0529101874634289,
      0.050952236262988136,
      0.04991100056158034,
      0.049746675445780236,
      0.04773426831206098,
      0.04939309974717353,
      0.04787348244268454,
      0.04667199489906662,
      0.04580050468805129,
      0.044660688154335056,
      0.04359818901062423,
      0.04289977420410962,
      0.042434032684729305,
      0.0417729980909042,
      0.04127823923021195,
      0.04075667138222688,
      0.03960906236475922,
      0.03950187208738969,
      0.03919968113547677,
      0.03917586785421059,
      0.041738196679862255,
      0.03966872719645706,
      0.040477672952109876,
      0.039648205775362225,
      0.03764734201339139,
      0.037013899390175554,
      0.03704531289096632,
      0.03656142203069721,
      0.03575640069465563,
      0.03625009107903701,
      0.03532217579068606,
      0.03512772612132145,
      0.03479937114310491,
      0.03413034407405861
    ],
    "validation_loss": [
      0.14498259651249853,
      0.04272337346498308,
      0.04306794545645344,
      0.03807225213867837,
      0.034604207644688675,
      0.03415487844111591,
      0.03408979449164251,
      0.03134947631765028,
      0.031859924669923455,
      0.029878899988172385,
      0.03074348956860345,
      0.030814787334409253,
      0.029828071690581996,
      0.029378529817893587,
      0.02833492987757099,
      0.027549150997194752,
      0.02624852920657602,
      0.025468207722337082,
      0.026491474719910785,
      0.024506853636482667,
      0.02332072689615447,
      0.0231931303852591,
      0.021669400920128,
      0.021619237920847433,
      0.02149450303665523,
      0.020674316411645247,
      0.019644004774504696,
      0.020512788543670342,
      0.019355793059642974,
      0.02316345318124212,
      0.018876160527097768,
      0.02345241859298328,
      0.01837452687965385,
      0.022099879120701348,
      0.018848174380074287,
      0.020089342445135116,
      0.019063206974031598,
      0.01799908194305568,
      0.019070225485183043,
      0.017917737885025042,
      0.019350318629936924,
      0.021251942127429205,
      0.03218808225516615,
      0.017337257935312288,
      0.025231157834159915,
      0.02202551055314212,
      0.021501495046862242,
      0.020435233709627184,
      0.020238293289881328,
      0.02315659381706139,
      0.020772437340226668,
      0.01859697695050774,
      0.020687249110176647,
      0.019874486487744182,
      0.03922240911372777,
      0.01801359684302889,
      0.02772706939742483,
      0.01785067298674378,
      0.03192352502253549,
      0.04389299354676542,
      0.0226829269900918,
      0.017402598595824735,
      0.02380877317025744,
      0.020494349506394616,
      0.021937195006115684,
      0.019850800359814333,
      0.02124326068522601,
      0.01852763602188949,
      0.020878839004656365,
      0.01759442521965709,
      0.021138371360199203,
      0.02170539802775301,
      0.017713259571585163,
      0.02134139611674794
    ]
  }
}