{
  "CNN-BiGRU-Attention-based": {
    "training_loss": [
      0.7425473676397234,
      0.6250520576843975,
      0.522017575322652,
      0.4401670441263883,
      0.3696436898547194,
      0.31375139982696215,
      0.2702407679638375,
      0.2404745609807803,
      0.22030202316142863,
      0.2045540548279959,
      0.19043459499212856,
      0.18023941548383007,
      0.1703425738282592,
      0.1603564191319087,
      0.15191167861584773,
      0.14565395332705003,
      0.13776846636777526,
      0.13280920021920312,
      0.12657892175883934,
      0.12009587521104713,
      0.11516022117908534,
      0.11130719210958977,
      0.10594636296120633,
      0.10262843775377323,
      0.09846112332218028,
      0.09431266149367162,
      0.09076889553970853,
      0.08736902483104626,
      0.08638468152315612,
      0.0824445919157934,
      0.07810587877572306,
      0.07847621562395186,
      0.07432933719877147,
      0.0748295786837358,
      0.07105251736745265,
      0.06846090370669729,
      0.06652123575297345,
      0.06474981068970839,
      0.06509837291915248,
      0.06205679037877757,
      0.059984182632258694,
      0.05768289604261388,
      0.05801491119109572,
      0.0563135055673391,
      0.057435256872887835,
      0.05663383864447397,
      0.05479838549316033,
      0.0544051025095081,
      0.05180130813729205,
      0.05150153848828435,
      0.04990887981508592,
      0.051584065567372786,
      0.04968766377434987,
      0.047601014356317715,
      0.04714502934592436,
      0.04635375986711818,
      0.04581736351655509,
      0.04590327882787384,
      0.04526947875163378,
      0.045018162939897646,
      0.04482665893006779,
      0.04365126308912421,
      0.04299137691613707,
      0.0425601785088949,
      0.04724351296030256,
      0.04500152769157957,
      0.04547368613696388,
      0.0428715038405444,
      0.04215106592744434,
      0.04293957967924493,
      0.04126901708969417,
      0.04079433967984012,
      0.03997700667554316,
      0.039015417373004777,
      0.041626743620432644,
      0.0391584187035854,
      0.03949659436527943,
      0.037834950249829365,
      0.03819206276298396,
      0.03901380850599378,
      0.03745126510539336
    ],
    "validation_loss": [
      0.1670516603979571,
      0.054883874297655864,
      0.04101436634644352,
      0.03632017085649844,
      0.03547303085697108,
      0.034738593387963444,
      0.033426096861989336,
      0.030945074513297657,
      0.0311826488581197,
      0.03176182489199885,
      0.03200398595554048,
      0.03093128713682808,
      0.030660948529839516,
      0.030122407879038103,
      0.028461769550781824,
      0.028920931587445325,
      0.029505268599966477,
      0.02802797265607735,
      0.025719076966674165,
      0.027168098085656248,
      0.025636680610477924,
      0.02440588921950809,
      0.02430306987772728,
      0.024474516742188354,
      0.022604032361815716,
      0.020587680475979017,
      0.023508829321583796,
      0.022490081113987957,
      0.020490992499579645,
      0.023084019792490994,
      0.01921879570802738,
      0.021496952170955725,
      0.020221117851806098,
      0.018374802480483877,
      0.02066524933124411,
      0.0178897173689871,
      0.017875427964689404,
      0.01790592078890266,
      0.01815515232497248,
      0.022526973620827857,
      0.01747342932583957,
      0.01734425782001224,
      0.02230932091459118,
      0.02603445006855603,
      0.017016059802523974,
      0.01710796717168956,
      0.027944903191307494,
      0.01762108725078147,
      0.017464319789974855,
      0.02071230984453497,
      0.016591507620338737,
      0.0189119477338832,
      0.01701036741764381,
      0.02098181044104798,
      0.020443649879046556,
      0.02149505263258671,
      0.027974494443885212,
      0.019188314477174447,
      0.016893414908955837,
      0.024008559808135033,
      0.024749836916553563,
      0.019156631159371343,
      0.03676044624941102,
      0.03064414989845506,
      0.017889669396240135,
      0.029461668650137968,
      0.019831877150412264,
      0.018512707980799264,
      0.017451000984372765,
      0.024060348768172594,
      0.017183680337821614,
      0.02420100129113115,
      0.017053866367144833,
      0.023179524276277116,
      0.017606492038687756,
      0.02131907406809001,
      0.01684825079322889,
      0.01850327613024876,
      0.017230099279048113,
      0.018175297307557074,
      0.01745320824456626
    ]
  }
}