{
  "CNN-BiGRU-Attention-based": {
    "training_loss": [
      0.7435918119218614,
      0.6281679968039194,
      0.5176855822404226,
      0.4341642161210378,
      0.36286161674393547,
      0.30528687437375385,
      0.2608864862057898,
      0.2287076653705703,
      0.2059949172867669,
      0.19072703603241178,
      0.1782595275176896,
      0.16750834551122454,
      0.1572757007347213,
      0.1486796960234642,
      0.14165478406680954,
      0.13454371980494922,
      0.12726625055074692,
      0.12183210626244545,
      0.11700065599547492,
      0.11104645041955842,
      0.10685314403639899,
      0.10256908792588446,
      0.09742566156718466,
      0.09378800499770376,
      0.09138027164671156,
      0.08869791444804934,
      0.08547654375433922,
      0.08183423967825042,
      0.07999567728903559,
      0.0763797408176793,
      0.073836547219091,
      0.07129170021249188,
      0.06829567150109345,
      0.06670211772951815,
      0.06445078013671769,
      0.06288200430572033,
      0.061645299610164433,
      0.059923511205448046,
      0.05837117901278867,
      0.05654929122991032,
      0.05618945281538698,
      0.05484994356003073,
      0.05440435641341739,
      0.053142662056618266,
      0.05268484436803394,
      0.050871903697649636,
      0.05058079999354151,
      0.05038878238863415,
      0.05044693582587772,
      0.04941381265719732,
      0.04914063256647852,
      0.04862717849512895,
      0.04780770714084307,
      0.0470410394999716,
      0.04560498479339811,
      0.04541115586956342,
      0.04473407463067108,
      0.044279859504765935,
      0.044205007867680654,
      0.04293167529006799,
      0.043331393558118075,
      0.04289667680859566,
      0.04230458496345414,
      0.041994585966070495,
      0.042089335413442716,
      0.04256385854548878,
      0.043350139218899936,
      0.04314142279326916,
      0.04162048465675778,
      0.04092701503800021,
      0.04020894132554531,
      0.03903961657649941,
      0.038859867594308324,
      0.03833116590976715,
      0.0385475242510438,
      0.03841997351911333,
      0.03776875510811806,
      0.037884714702765145
    ],
    "validation_loss": [
      0.16686068640814888,
      0.06583899093998803,
      0.04619435158868631,
      0.04130178545084265,
      0.04003077010727591,
      0.03807170730498102,
      0.0384680148628023,
      0.03734184894710779,
      0.03624062571260664,
      0.03352444256759352,
      0.03646996524184942,
      0.034498264288736716,
      0.03508374301923646,
      0.03743945755478409,
      0.033416190495093666,
      0.03391424814860026,
      0.031235120880107086,
      0.03566817897889349,
      0.027607353093723457,
      0.028503676565984886,
      0.026495461352169514,
      0.03334926855232981,
      0.025838375505473878,
      0.023615863588121202,
      0.024841225292119715,
      0.023263028201957543,
      0.023667493628131017,
      0.021445720663501158,
      0.02173044118616316,
      0.021709085442125797,
      0.024177324440744188,
      0.021936429250571463,
      0.019835588729215994,
      0.020084904299841985,
      0.0190202658995986,
      0.03310270752343866,
      0.02124263263410992,
      0.019594408571720123,
      0.035394488316443234,
      0.0212815897539258,
      0.03433749866154459,
      0.01944325750486718,
      0.021252942685451772,
      0.02348060140179263,
      0.02600605061484708,
      0.02068909236954318,
      0.028011402322186366,
      0.01859594126128488,
      0.027928306203749444,
      0.019246108312573697,
      0.024896894478135638,
      0.019793298198944993,
      0.03824843424889776,
      0.0190641934879952,
      0.0187519948101706,
      0.025814783448974293,
      0.021235336549580097,
      0.019742643150190513,
      0.022642063287397225,
      0.03357471629149384,
      0.02312316693779495,
      0.03363395751350456,
      0.036565916198823184,
      0.03193912096321583,
      0.07401478538910548,
      0.14294673336876762,
      0.03262138532267676,
      0.02495341023637189,
      0.03369091947873434,
      0.034807458933856755,
      0.02843066884411706,
      0.034053157601091594,
      0.025736967308653727,
      0.025342333647939894,
      0.0239833469192187,
      0.018968181167211797,
      0.06340120070510441,
      0.022209480094412964
    ]
  }
}