{
  "CNN-BiGRU-Attention-based": {
    "training_loss": [
      0.7467434782567232,
      0.6234462352420973,
      0.5195059916247492,
      0.4350192558765411,
      0.36332950151484944,
      0.30544305464495786,
      0.26014407385950505,
      0.2262502798308497,
      0.20520044036533522,
      0.1885736226776372,
      0.17600744366645812,
      0.16518661325392517,
      0.15568237701187962,
      0.14671555335107056,
      0.1383746351884759,
      0.13166243387305218,
      0.1241017350036165,
      0.11866214989320091,
      0.11192915173976317,
      0.10733137102230736,
      0.10286517263754555,
      0.09634762085002402,
      0.09402546920206235,
      0.08967809052571006,
      0.08494311992240988,
      0.0818658702917721,
      0.07939175775517589,
      0.07653231982303703,
      0.07359567927277606,
      0.07090447169283162,
      0.06754658029131268,
      0.06614008808265562,
      0.06411538356024286,
      0.06198055139054423,
      0.06030294766244681,
      0.05910325472121653,
      0.05762879572484804,
      0.057108366981796596,
      0.05629867457825204,
      0.05444779845683471,
      0.05431535923610563,
      0.05318522157876388,
      0.05222021178058956,
      0.050878323271222735,
      0.04970703126295753,
      0.048657529470713244,
      0.047765091988055605,
      0.04712681653059047,
      0.047067050480324286,
      0.046679388984389926,
      0.046128754129876264,
      0.04506482991187469,
      0.04416387571588806,
      0.04390864678051161,
      0.043437884475873864,
      0.042210743284743765,
      0.04212916856226714,
      0.041490517090196195,
      0.04182662884826246,
      0.04174936071686123,
      0.041383844173472864,
      0.04132966473050739,
      0.04153101293289143,
      0.04111646992356881,
      0.04016475981992224
    ],
    "validation_loss": [
      0.1518263891339302,
      0.05893706695901023,
      0.036283515807655126,
      0.03771483960251013,
      0.035770465723342366,
      0.035033764524592295,
      0.035134772252705365,
      0.03477104608383444,
      0.03502967974378003,
      0.03356217799915208,
      0.03068764466378424,
      0.03261703128616015,
      0.031607930031087667,
      0.030548452503151365,
      0.030311533767316077,
      0.03007797607117229,
      0.02818568402694331,
      0.028122919301191967,
      0.027559788069791265,
      0.025838525551888678,
      0.025551591275466815,
      0.024657828733325005,
      0.024625158351328637,
      0.022591341907779377,
      0.021465049642655585,
      0.021667529001004167,
      0.021044228018985853,
      0.023009535546104114,
      0.0204472155827615,
      0.02171669424408012,
      0.02069359076105886,
      0.021774609055784013,
      0.019909528498020437,
      0.019912755634221766,
      0.018684175693326525,
      0.026043797946638532,
      0.03286526103814443,
      0.026012990416751966,
      0.019842146171463862,
      0.022341426461935043,
      0.01920467946264479,
      0.019872475932869647,
      0.020321466028690338,
      0.02024404342389769,
      0.019899535303314526,
      0.021119231151209936,
      0.02558049663073487,
      0.020650959573686123,
      0.02038436320920785,
      0.03737377499540647,
      0.024706059859858617,
      0.01954063783503241,
      0.028646893799304962,
      0.019562581450574927,
      0.022341460920870304,
      0.021213029614753194,
      0.021323733549151156,
      0.01898700733565622,
      0.028915266195933025,
      0.020622815212441817,
      0.019229887363811333,
      0.01998594579183393,
      0.019099705956048436,
      0.020355530600580905,
      0.025157341733574867
    ]
  }
}