{
  "CNN-Attention-BiLSTM-based": {
    "MSE": 0.149271,
    "MAE": 0.343783,
    "RMSE": 0.386356,
    "MAPE": 369822960547.8521
  }
}