{
  "CNN-Attention-BiLSTM-based": {
    "MSE": 0.162862,
    "MAE": 0.362709,
    "RMSE": 0.403492,
    "MAPE": 126288987793.38734
  }
}