{
  "CNN-Attention-BiLSTM-based": {
    "MSE": 0.14963,
    "MAE": 0.343956,
    "RMSE": 0.386437,
    "MAPE": 347078948765.75745
  }
}