{
  "CNN-Attention-BiLSTM-based": {
    "MSE": 0.170259,
    "MAE": 0.372574,
    "RMSE": 0.412624,
    "MAPE": 0.997143
  }
}