{
  "CNN-Attention-BiLSTM-based": {
    "MSE": 0.158592,
    "MAE": 0.356873,
    "RMSE": 0.397905,
    "MAPE": 166555731949.4687
  }
}