{
  "CNN-Attention-BiLSTM-based": {
    "MSE": 0.165679,
    "MAE": 0.366051,
    "RMSE": 0.406894,
    "MAPE": 77386349207.97807
  }
}