{
  "CNN-Attention-BiLSTM-based": {
    "MSE": 0.154926,
    "MAE": 0.351303,
    "RMSE": 0.393183,
    "MAPE": 239052672312.7875
  }
}