{
  "CNN-Attention-BiLSTM-based": {
    "MSE": 0.164501,
    "MAE": 0.364325,
    "RMSE": 0.405432,
    "MAPE": 100002237670.1355
  }
}