{
  "CNN-Attention-BiLSTM-based": {
    "MSE": 0.161822,
    "MAE": 0.360975,
    "RMSE": 0.401884,
    "MAPE": 104696491623.7211
  }
}