{
  "CNN-Attention-BiLSTM-based": {
    "MSE": 0.159734,
    "MAE": 0.357366,
    "RMSE": 0.399668,
    "MAPE": 207809288290.49033
  }
}