{
  "CNN-Attention-BiLSTM-based": {
    "MSE": 0.153883,
    "MAE": 0.349059,
    "RMSE": 0.391969,
    "MAPE": 310281426034.0525
  }
}