{
  "CNN-Attention-BiLSTM-based": {
    "MSE": 0.15551,
    "MAE": 0.351132,
    "RMSE": 0.393686,
    "MAPE": 245426073543.73587
  }
}