{
  "CNN-Attention-BiLSTM-based": {
    "MSE": 0.157851,
    "MAE": 0.354279,
    "RMSE": 0.397049,
    "MAPE": 245677798758.6486
  }
}