{
  "CNN-Attention-BiLSTM-based": {
    "MSE": 0.16322,
    "MAE": 0.361321,
    "RMSE": 0.403709,
    "MAPE": 150966280811.70844
  }
}