{
  "CNN-Attention-BiLSTM-based": {
    "MSE": 0.165372,
    "MAE": 0.365204,
    "RMSE": 0.406617,
    "MAPE": 54375184021.49067
  }
}