{
  "CNN-Attention-BiLSTM-based": {
    "MSE": 0.163233,
    "MAE": 0.361907,
    "RMSE": 0.403688,
    "MAPE": 100126977066.6534
  }
}