{
  "CNN-Attention-BiLSTM-based": {
    "MSE": 0.165528,
    "MAE": 0.364686,
    "RMSE": 0.406737,
    "MAPE": 102569332995.86307
  }
}