{
  "CNN-Attention-BiLSTM-based": {
    "MSE": 0.145933,
    "MAE": 0.336512,
    "RMSE": 0.382012,
    "MAPE": 665202633387.5988
  }
}