{
  "CNN-Attention-BiLSTM-based": {
    "MSE": 0.167482,
    "MAE": 0.367119,
    "RMSE": 0.409245,
    "MAPE": 164445460119.5632
  }
}