{
  "CNN-Attention-BiLSTM-based": {
    "MSE": 0.15819,
    "MAE": 0.352312,
    "RMSE": 0.396849,
    "MAPE": 432146897145.39966
  }
}