{
  "CNN-Attention-BiLSTM-based": {
    "MSE": 0.175763,
    "MAE": 0.377846,
    "RMSE": 0.419241,
    "MAPE": 14534920454.867666
  }
}