{
  "CNN-Attention-BiLSTM-based": {
    "MSE": 0.168778,
    "MAE": 0.368123,
    "RMSE": 0.410724,
    "MAPE": 195239332379.9214
  }
}