{
  "CNN-Attention-BiLSTM-based": {
    "MSE": 0.179368,
    "MAE": 0.381739,
    "RMSE": 0.423515,
    "MAPE": 10869393665.278181
  }
}