{
  "CNN-Attention-BiLSTM-based": {
    "MSE": 0.154538,
    "MAE": 0.347165,
    "RMSE": 0.391912,
    "MAPE": 491399567552.0982
  }
}