{
  "CNN-Attention-BiLSTM-based": {
    "MSE": 0.170286,
    "MAE": 0.369019,
    "RMSE": 0.412142,
    "MAPE": 205268606618.08936
  }
}