{
  "CNN-GRU-Attention-based": {
    "training_loss": [
      0.08745418894100586,
      0.05366426720654662,
      0.0436956681317649,
      0.03875731546611037,
      0.03630822860780038,
      0.03437498350540536,
      0.03298524958150802,
      0.03161064235531022,
      0.03076372904766576,
      0.02958545596391771,
      0.028817659195052983,
      0.028030449866740095,
      0.027340749433477616,
      0.026622339787347894,
      0.026024573278056875,
      0.025521374716605153,
      0.0249804798228469,
      0.024440239402787372,
      0.024221636619735004,
      0.023774484737938365,
      0.023261072105961938,
      0.022888292733674393,
      0.02251840442458163,
      0.02214731644082909,
      0.021915405015815587,
      0.021374897271955316,
      0.020969705582023553,
      0.020685394117747183,
      0.0204188148552195,
      0.019962568372188173,
      0.019509709947795485,
      0.018972500889828513,
      0.018667818525397038,
      0.01805330189441967,
      0.017670415442889966,
      0.017292335920348723,
      0.017052440874747873,
      0.016697207982354485,
      0.016175378019467637,
      0.01610183080598021,
      0.015405103194340738,
      0.01530103545068834,
      0.01495489234647413,
      0.014949602046402942,
      0.01458028501693293,
      0.014354151835761254,
      0.013821798165704426,
      0.013966223431143288,
      0.013950332345755498,
      0.013845925792165212,
      0.013504933430597329,
      0.013355606751335574
    ],
    "validation_loss": [
      0.013203835427448466,
      0.009999880664884211,
      0.009357403631654236,
      0.009265264157544483,
      0.009072894106742802,
      0.009079129571889664,
      0.009005667107713807,
      0.008929277490173186,
      0.00891307194984251,
      0.008738088069835327,
      0.008670092104458725,
      0.008692028027001794,
      0.008600844454567332,
      0.008589068043429952,
      0.00844398643691223,
      0.008475570626869485,
      0.008488523474262728,
      0.00851318711037194,
      0.00839336967369268,
      0.008470876741555187,
      0.008538389611025373,
      0.008354037772160728,
      0.008822607215155254,
      0.008741224152068575,
      0.009009180557946642,
      0.01002030590405831,
      0.010679530605048566,
      0.012388524084866464,
      0.011009670676780747,
      0.00995533310945009,
      0.010042710633544656,
      0.01183587380430915,
      0.011429017188248935,
      0.010725756332121946,
      0.010169922393727136,
      0.009435655334247993,
      0.011458665327904941,
      0.013295920552698882,
      0.009063871349436004,
      0.008832588576926636,
      0.009360254312363954,
      0.009290991507314302,
      0.009900865946095306,
      0.009585640275968121,
      0.008760316746791343,
      0.008786904462775984,
      0.00862923323769461,
      0.011473606620635186,
      0.00939894102878504,
      0.008770607164377098,
      0.008571814328848898,
      0.008923536036293823
    ]
  }
}