{
  "CNN-GRU-Attention-based": {
    "training_loss": [
      0.10292070415400832,
      0.07986980329391993,
      0.0453248117265803,
      0.0367868557009903,
      0.034209620552361666,
      0.03227254831327912,
      0.0308337112477037,
      0.02960251092389063,
      0.028438803084863094,
      0.027464818705843365,
      0.02676839279072029,
      0.025748218833193736,
      0.025191013661724732,
      0.024344653874244417,
      0.023739477326070454,
      0.023042871887006957,
      0.02237645134664012,
      0.02174137090974746,
      0.021180690140249432,
      0.020724363104976242,
      0.020045130700688134,
      0.01951682548929226,
      0.01892632484248548,
      0.018234107984511153,
      0.01787852191608766,
      0.01738515745000649,
      0.016833083035681127,
      0.016352176932817736,
      0.01605531777901253,
      0.01576720927994804,
      0.01555124129325608,
      0.015222812893125891,
      0.014951073410115825,
      0.01495876942213046,
      0.01466597982761766,
      0.014257760422561048,
      0.014126954255401437,
      0.014066353916339331,
      0.013945789412234623,
      0.013638296323528826,
      0.01351483686617219,
      0.013364727288908458,
      0.013358740567655611,
      0.013311083578959075,
      0.012991063864555218,
      0.013145816164739282,
      0.013071011339825796,
      0.012868884103515346,
      0.012883741824319117,
      0.012885188912112811,
      0.01281622608622263,
      0.012445934120101011,
      0.012504906134366077,
      0.012472077290765958,
      0.01234896383584524,
      0.01238355902910102,
      0.0122911538610834,
      0.0122588192131085,
      0.012202377853756139,
      0.012203619487306482,
      0.012155294192535089,
      0.012020972332788767,
      0.012140377981820565,
      0.012132714127946474,
      0.012176711356809415,
      0.01186689516443849,
      0.012050936055620338,
      0.011906701773486591,
      0.012157626243010653,
      0.011916630930334526,
      0.011942617750484129,
      0.011862923825237109,
      0.011812427060788649,
      0.011814870964939536,
      0.011967967157568008,
      0.011824629897215043,
      0.012061500958527725,
      0.01174789650092631,
      0.011888397152635474,
      0.0119713695336712,
      0.012028794344188543,
      0.012005748698402286,
      0.011887689092129273,
      0.012099174418256371
    ],
    "validation_loss": [
      0.03700159985077131,
      0.029687656337147827,
      0.01013918112885285,
      0.009395604217229606,
      0.009096881752455984,
      0.00889718030429595,
      0.008581016095472382,
      0.008444008671424606,
      0.008461085480305698,
      0.008621310404912158,
      0.008457380887511726,
      0.008720741125305633,
      0.008558711812056445,
      0.009663862045984585,
      0.009957436589406921,
      0.010500025948496548,
      0.011022340597493666,
      0.010779948670651528,
      0.012063268917267556,
      0.01253318440143045,
      0.013456753168541651,
      0.014121801651024318,
      0.011832246244266317,
      0.011891872446228574,
      0.010110666630203491,
      0.009506516562370988,
      0.011694943747268273,
      0.009892594349290525,
      0.01291835971723695,
      0.010026080312428775,
      0.007645580585446808,
      0.017030385720146285,
      0.02044077970452242,
      0.02101642204696065,
      0.01355852149557192,
      0.009892806143766933,
      0.011055599689692051,
      0.010067370140573361,
      0.016922535062148854,
      0.01339410675259737,
      0.013394822841966069,
      0.013135366727943187,
      0.007778671335663412,
      0.009320959474865373,
      0.021185421287179828,
      0.008249625967411729,
      0.007485589546548737,
      0.009013119381624501,
      0.01798630662106134,
      0.014629645527086475,
      0.00830653886851314,
      0.010547537630150369,
      0.007805247960442846,
      0.007416223280027613,
      0.009044202331167001,
      0.009652214346232113,
      0.020273845929365892,
      0.016703379464211996,
      0.009252542453993868,
      0.012569223309157196,
      0.017031938567028178,
      0.01016230379081481,
      0.011353207608828178,
      0.014646351526302474,
      0.01270583020588318,
      0.017203053296706475,
      0.015186025409379623,
      0.01157026560781719,
      0.020400305167882594,
      0.018010068815071265,
      0.009544252248650248,
      0.01323616658369978,
      0.011681983905186603,
      0.026968870989300987,
      0.019400314343246548,
      0.01189624163211434,
      0.014002104902027787,
      0.014534680837101036,
      0.019190775256577905,
      0.01994419225550198,
      0.016220313151712185,
      0.017254396908349925,
      0.02270999273376448,
      0.0256639416166744
    ]
  }
}