{
  "CNN-GRU-Attention-based": {
    "MSE": 0.012343,
    "MAE": 0.088559,
    "RMSE": 0.111064,
    "MAPE": 0.346375
  }
}