{
  "CNN-Attention-BiLSTM-based": {
    "training_loss": [
      0.44668235139148993,
      0.3731154683159619,
      0.34478695872353343,
      0.30597271206902293,
      0.27659945735117286,
      0.24866687742675223,
      0.22491382898353948,
      0.20294208315814413,
      0.18401800350445072,
      0.16664698138469602,
      0.1526837548831614,
      0.14091139959125984,
      0.13205313355457493,
      0.12499986752504255,
      0.1190685535349497,
      0.11424611072714735,
      0.10963067085277743,
      0.1067299461219369,
      0.10248944581281848,
      0.1010668942841088,
      0.09835589368168901,
      0.0958480889477381,
      0.09546949223774236,
      0.0922314571898158,
      0.08848819881677628,
      0.08682144887563659,
      0.08332870609876586,
      0.08057495406488092,
      0.07929517492288496,
      0.0775997511497358,
      0.0759616147090749,
      0.0742200271385472,
      0.07312583160109637,
      0.07382607060234721,
      0.07655182062852674,
      0.07717504225126127,
      0.07434808481030347,
      0.0727744691255616,
      0.06891412342466958,
      0.06755371973281954,
      0.06577845699176556,
      0.06439474406765729,
      0.06314505255076944,
      0.06272651291475063,
      0.061939752501685444,
      0.06156490706815952,
      0.06201781441525715,
      0.06149992328591463,
      0.06226742522018712,
      0.062303667206589766,
      0.06196047965346313
    ],
    "validation_loss": [
      0.11937816048210317,
      0.05392929064956578,
      0.05909580737352371,
      0.04142001284794374,
      0.047241338952021164,
      0.0401496058837934,
      0.04175011610442942,
      0.04035113657062704,
      0.04069708626378666,
      0.04094519940289584,
      0.04104002273895524,
      0.041234410215507854,
      0.041380894861438054,
      0.04220290793613954,
      0.04165786003524607,
      0.04304503094066273,
      0.04111657508394935,
      0.041748158024115994,
      0.04130439880219373,
      0.04301076368852095,
      0.044947104156017305,
      0.04173761545257135,
      0.046285286342555826,
      0.04232438193126158,
      0.04243620810183612,
      0.041052032939412376,
      0.04146900684996085,
      0.04215568947521123,
      0.04237651614980264,
      0.043723675202239645,
      0.04316420324824073,
      0.04348892379890789,
      0.045590441673994064,
      0.04440754875540733,
      0.04313671277327971,
      0.04095449596643448,
      0.04382513280619275,
      0.04245738691904328,
      0.04108425622636622,
      0.041324602270668205,
      0.04172304381023754,
      0.04198977215723558,
      0.043289813737977634,
      0.0433640758422288,
      0.044841240414164284,
      0.04369462728500366,
      0.045897316390817816,
      0.046189620278098364,
      0.04795759238980033,
      0.04300490306182341,
      0.0465613221580332
    ]
  }
}