{
  "CNN-Based": {
    "MSE": 0.007405,
    "MAE": 0.068398,
    "RMSE": 0.086052,
    "MAPE": 0.355477
  }
}