{
  "CNN-Based": {
    "MSE": 0.007073,
    "MAE": 0.064769,
    "RMSE": 0.08404,
    "MAPE": 0.347181
  }
}