{
  "CNN-Based": {
    "MSE": 0.007525,
    "MAE": 0.066687,
    "RMSE": 0.086747,
    "MAPE": 0.362269
  }
}