{
  "CNN-Based": {
    "MSE": 0.007829,
    "MAE": 0.068154,
    "RMSE": 0.088317,
    "MAPE": 0.363563
  }
}