{
  "CNN-Based": {
    "MSE": 0.008206,
    "MAE": 0.070521,
    "RMSE": 0.090522,
    "MAPE": 0.38841
  }
}