{
  "CNN-Based": {
    "MSE": 0.008297,
    "MAE": 0.070001,
    "RMSE": 0.090932,
    "MAPE": 0.392207
  }
}