{
  "CNN-Based": {
    "MSE": 0.009304,
    "MAE": 0.074036,
    "RMSE": 0.096154,
    "MAPE": 0.427117
  }
}