{
  "CNN-LSTM-Attention-based": {
    "MSE": 0.014555,
    "MAE": 0.096252,
    "RMSE": 0.120594,
    "MAPE": 0.475346
  }
}