{
  "GRU-based": {
    "training_loss": [
      0.7680921912193298,
      0.6550190726915995,
      0.5521462798118592,
      0.45907434821128845,
      0.3756965418656667,
      0.302076788743337,
      0.23801051179567972,
      0.18374484876791636,
      0.13919780751069386,
      0.10415820827086766,
      0.07854643116394679,
      0.06223934218287468,
      0.055040281265974045,
      0.049343405415614446,
      0.03524396394689878,
      0.01926370741178592,
      0.01771227139979601,
      0.01696451666454474,
      0.016228743518392246,
      0.01606526629378398,
      0.01587205013881127,
      0.015834423527121545,
      0.01581195564940572,
      0.01584539320319891,
      0.015782645810395478,
      0.015781528657923143,
      0.015729760316510997,
      0.015787358085314434,
      0.015734856327374775,
      0.015774103564520678,
      0.015757235139608382,
      0.015730082988739014,
      0.015736442493895688,
      0.0157386664301157,
      0.01565872033437093,
      0.0157241340726614,
      0.015729085324953,
      0.015707282225290935,
      0.015688174528380235,
      0.015737777482718228,
      0.015637598341951768,
      0.015671243394414582,
      0.01570816095918417,
      0.01567924451082945,
      0.015683331154286863,
      0.015666200717290243,
      0.015619707480072974,
      0.01567080511401097,
      0.015646698760489623,
      0.01565120421970884,
      0.015636085097988448,
      0.015592768012235561,
      0.01564304487158855,
      0.01558273130406936,
      0.01564712238808473,
      0.015615126738945643,
      0.015660076557348173,
      0.015555683709681033,
      0.01559497391184171,
      0.01557926181703806,
      0.015597764775156975,
      0.015576658056428034,
      0.015589385355512301,
      0.015575918431083361,
      0.015579759205381075,
      0.015577447880059481,
      0.01559483480329315
    ],
    "validation_loss": [
      0.09124921249949243,
      0.09124921249949243,
      0.09124921249949243,
      0.09124921249949243,
      0.09124921249949243,
      0.09124921249949243,
      0.09124921249949243,
      0.09124921249949243,
      0.09124921249949243,
      0.09124921249949243,
      0.09124921249949243,
      0.09124921249949243,
      0.08963289856910706,
      0.07742857372711513,
      0.04820050520837799,
      0.02210846309326897,
      0.020721859060043146,
      0.025405831173185473,
      0.02804633691783779,
      0.026889470890780125,
      0.025220317658314034,
      0.0247878621617132,
      0.025239995288208496,
      0.025707469775903324,
      0.025757047940384258,
      0.025594420115317196,
      0.025452693354738647,
      0.025459654906318206,
      0.02553982758694444,
      0.025580276357979815,
      0.025559075423016036,
      0.025522698917664774,
      0.025513680297727426,
      0.025533234038628824,
      0.025528569759662487,
      0.025528287715163113,
      0.02554872068614999,
      0.02557142322097928,
      0.025565447208802564,
      0.025567012107815625,
      0.02552683128059403,
      0.025507685258861417,
      0.025532652739404648,
      0.025563014471087574,
      0.025566153474583114,
      0.02555612720980132,
      0.025525708798288315,
      0.02552787346903943,
      0.02556134708041002,
      0.02556878648513605,
      0.025553992464522685,
      0.025518930432471363,
      0.025525540698412036,
      0.025556065603967542,
      0.025577527647914964,
      0.0255787875349364,
      0.025581556195316237,
      0.025576898443304803,
      0.025561460809520452,
      0.025527024810964413,
      0.025526013040591863,
      0.025540853057764778,
      0.02555367199719445,
      0.025551933025525622,
      0.025545068670156573,
      0.02555234102178211,
      0.02556718442558257
    ]
  }
}