{
  "GRU-based": {
    "training_loss": [
      0.7609708587328593,
      0.6534580906232198,
      0.5557362079620362,
      0.4659583767255147,
      0.385131973028183,
      0.31260376373926796,
      0.24094751278559368,
      0.1798749436934789,
      0.13482841104269028,
      0.09761132697264353,
      0.06944811070958773,
      0.05047428036729495,
      0.04009714126586914,
      0.035160257418950396,
      0.03071780428290367,
      0.027905147646864255,
      0.02584884762763977,
      0.024357726983726024,
      0.02311052760730187,
      0.02221196492513021,
      0.02145278863608837,
      0.0207721292351683,
      0.020282078410188357,
      0.019810320809483528,
      0.019460872933268546,
      0.019087725753585496,
      0.018804690862695376,
      0.018513087990383308,
      0.01823233123868704,
      0.01813732571899891,
      0.01783783851812283,
      0.017712410911917685,
      0.017503430942694347,
      0.017382751529415447,
      0.017260461300611495,
      0.01707307305186987,
      0.017085625603795052,
      0.016953613609075546,
      0.01691219105074803,
      0.016816414892673492,
      0.01678518032034238,
      0.0166910033673048,
      0.016636103950440885,
      0.01657335162162781,
      0.016539494196573894,
      0.016489515329400697,
      0.016440554149448873,
      0.016428481663266818,
      0.016413767511645954,
      0.01632548856238524,
      0.016366452785829703,
      0.01629391834139824,
      0.016254070121794938,
      0.016215789255996545,
      0.01623933551212152,
      0.016202896709243457,
      0.01617214654882749,
      0.016148567696412406
    ],
    "validation_loss": [
      0.054501524567604064,
      0.062021871407826744,
      0.058325714369614916,
      0.0566274881362915,
      0.05806630402803421,
      0.05316278090079626,
      0.03015444427728653,
      0.02263390049338341,
      0.02489687129855156,
      0.025560186803340913,
      0.025500388195117314,
      0.025513532012701033,
      0.025416602939367296,
      0.02534811000029246,
      0.025388375421365104,
      0.025351470708847045,
      0.025357438375552495,
      0.025354176263014474,
      0.025361300259828568,
      0.02538452943166097,
      0.025397388637065886,
      0.025347245981295903,
      0.025368716567754745,
      0.02540645773212115,
      0.025430331379175185,
      0.025421796490748723,
      0.025396560380856196,
      0.02537912701567014,
      0.025366828590631486,
      0.02544431760907173,
      0.025454886009295782,
      0.0254665973285834,
      0.025427757203578948,
      0.02537861963113149,
      0.02537210484345754,
      0.025365354617436726,
      0.025374174366394678,
      0.025373322516679765,
      0.02541695882876714,
      0.025402360906203587,
      0.025408655405044556,
      0.02540880019466082,
      0.02539453978339831,
      0.025401181976000466,
      0.025386721144119898,
      0.02539373661080996,
      0.025389266014099122,
      0.025395326564709345,
      0.025409770756959917,
      0.02541218400001526,
      0.02543372238675753,
      0.02541779602567355,
      0.02541286622484525,
      0.025408405562241873,
      0.025434327125549317,
      0.02543804869055748,
      0.025426312536001205,
      0.025413780411084493
    ]
  }
}