{
  "GRU-based": {
    "training_loss": [
      0.7526164984404419,
      0.6450132763709305,
      0.5466488171718813,
      0.4564954161892853,
      0.37555020406748907,
      0.303330788221638,
      0.23980367637875186,
      0.18096658721224002,
      0.1301755010926151,
      0.09325076253901941,
      0.06563082589361513,
      0.04673406476298802,
      0.036668966988992094,
      0.0320097794659078,
      0.02786055952310562,
      0.025366748016257625,
      0.023619735232381332,
      0.02239627456623042,
      0.021396292517416662,
      0.020659133646100572,
      0.020088080948681447,
      0.019574382947077335,
      0.019145852199800327,
      0.01880544895745643,
      0.018557417554496972,
      0.018274818628730878,
      0.01809697397760969,
      0.017862973761956728,
      0.017760036369330698,
      0.017556110743067708,
      0.017411447954529386,
      0.01734554020411846,
      0.017249632887308932,
      0.017144820779282016,
      0.017071296575640587,
      0.017001876469491542,
      0.01694664848863394,
      0.016877936150699793,
      0.016841155503116285,
      0.01674059284112119,
      0.01668715565358454,
      0.016718178499482244,
      0.016642791556392745,
      0.016589403966157882,
      0.01655191455876342,
      0.01654807523686229,
      0.01651239114383815,
      0.01644926244540758,
      0.016441510710281968,
      0.01638824213296175,
      0.016366536146718114,
      0.016308200969467706,
      0.016281752790750195,
      0.01628206275006861,
      0.016313797877887594,
      0.01624413343080337,
      0.016187569991702948,
      0.01622613702000494,
      0.01622677317068043,
      0.01616880462440761
    ],
    "validation_loss": [
      0.043403039872646335,
      0.04987998008728027,
      0.047982690234978996,
      0.04625105559825897,
      0.04709959328174591,
      0.04759354442358017,
      0.04534425387779872,
      0.03200362275044123,
      0.024320522199074428,
      0.024120602011680602,
      0.02534043590227763,
      0.025913124531507493,
      0.025747805585463843,
      0.025627323985099794,
      0.025539362182219822,
      0.025517620891332627,
      0.025533675650755563,
      0.025563145180543263,
      0.02557412932316462,
      0.025579628845055897,
      0.025581886619329454,
      0.02561052789290746,
      0.025582689543565115,
      0.025544602423906326,
      0.025528769691785178,
      0.025530504435300826,
      0.025552217413981757,
      0.025540633251269658,
      0.02556881954272588,
      0.025551335761944453,
      0.025536028544108073,
      0.025559830913941064,
      0.02557629868388176,
      0.025561489164829254,
      0.025576787441968916,
      0.02558749367793401,
      0.02558312291900317,
      0.025564424196879067,
      0.025569456070661543,
      0.025559581319491067,
      0.02555140232046445,
      0.02555528754989306,
      0.025568051884571712,
      0.025578788916269937,
      0.025570446501175563,
      0.025595590472221375,
      0.02561071366071701,
      0.02560350721081098,
      0.025591063996156058,
      0.025591412931680678,
      0.025590422997872033,
      0.025578893969456354,
      0.025575761745373408,
      0.025566793978214264,
      0.025577959418296815,
      0.025584342579046886,
      0.02559050271908442,
      0.025596689681212106,
      0.025611872722705206,
      0.02562487075726191
    ]
  }
}