{
  "GRU-based": {
    "training_loss": [
      0.7627378846810952,
      0.6522756535637828,
      0.5517884450477536,
      0.46039506281768927,
      0.3782952394196179,
      0.3052796343629829,
      0.23859277804027543,
      0.18008471651306712,
      0.13436589140647626,
      0.09849748592122329,
      0.07151661275508014,
      0.053627275522782715,
      0.04157952870783946,
      0.028655718185911616,
      0.02227381900903695,
      0.021015049850716252,
      0.019704642292564134,
      0.018735485560568556,
      0.018251975055269615,
      0.017905849585442113,
      0.017661211610806787,
      0.017425737491804934,
      0.017293781010925022,
      0.017194056256078026,
      0.017116735599716836,
      0.01703870768374354,
      0.01695105408719706,
      0.01689200022620262,
      0.016853503820537026,
      0.01682907087868664,
      0.01673675953531365,
      0.016730934038571232,
      0.016715288840265453,
      0.01666286937058533,
      0.016628593186921902,
      0.016621795925214327,
      0.01656389927733144,
      0.016549352468790246,
      0.01648409282359992,
      0.01652343233532923,
      0.016507158570272153,
      0.01652562953375872,
      0.016442405075520652,
      0.016446726920792375,
      0.016392981368565162,
      0.016401411069237537,
      0.016384553292836355,
      0.016339219787068447,
      0.016324654650176917,
      0.01631814047156455,
      0.016292823092801553,
      0.016291052855114806,
      0.0162641393161032,
      0.016298849751323338,
      0.016289338874767016,
      0.01623971598557972,
      0.01627624945941081,
      0.01622689559775167,
      0.016229846791430497,
      0.01623543954910282,
      0.016233663635803815,
      0.016154135306556728,
      0.01616080903748214,
      0.01617789166204039,
      0.01615486890233461
    ],
    "validation_loss": [
      0.07346217234929403,
      0.07596163898706436,
      0.07594899783531825,
      0.07503304233153661,
      0.07517089694738388,
      0.07438564002513885,
      0.06512589553991953,
      0.05889260619878769,
      0.05785321593284607,
      0.0585789089401563,
      0.059159331023693085,
      0.05889105051755905,
      0.043528003493944804,
      0.0274998905758063,
      0.02315265064438184,
      0.024368937065203985,
      0.02586928755044937,
      0.02647122318545977,
      0.02619164561231931,
      0.02578573003411293,
      0.025549308210611344,
      0.02557893842458725,
      0.02569256623586019,
      0.025787385056416194,
      0.025779168804486594,
      0.0257587102552255,
      0.025748463968435924,
      0.025747788945833842,
      0.025730969508488973,
      0.025727575520674388,
      0.025728269666433334,
      0.025740727285544076,
      0.02574553539355596,
      0.025758597751458487,
      0.02574466938773791,
      0.025738161553939185,
      0.02573310857017835,
      0.02575020641088486,
      0.025744771709044774,
      0.025741416215896606,
      0.025746345768372217,
      0.02575313001871109,
      0.02575512876113256,
      0.025756079455216727,
      0.025734002143144606,
      0.025748558590809503,
      0.025763445595900217,
      0.025757051010926565,
      0.02573491185903549,
      0.025723723818858464,
      0.025731840978066127,
      0.025747830420732497,
      0.025742674867312115,
      0.025739604234695436,
      0.02575780302286148,
      0.025758124639590582,
      0.025749107450246812,
      0.025747505575418474,
      0.02575528745849927,
      0.025768441955248515,
      0.025779867420593898,
      0.025768660008907318,
      0.025753421833117802,
      0.025742830087741215,
      0.025738856693108877
    ]
  }
}