{
  "GRU-based": {
    "training_loss": [
      0.7613671938078459,
      0.6515240446826447,
      0.5514617324875086,
      0.4601731206636009,
      0.37821392761836264,
      0.30533700669086705,
      0.24155214572602599,
      0.18699398543099938,
      0.14156247061565988,
      0.10515343746174306,
      0.07793885839622726,
      0.059570474639941064,
      0.04649782959426474,
      0.03257187221207084,
      0.024547790317743453,
      0.022886917190294346,
      0.021297248541152954,
      0.02022282861220012,
      0.01953429768576562,
      0.019022853861502383,
      0.018670681424720108,
      0.018374310177702073,
      0.018164671356135694,
      0.018005401483762316,
      0.01784987845682623,
      0.01771112353554624,
      0.01755433048529695,
      0.017493853950775396,
      0.017403867046897392,
      0.017317106418186637,
      0.017263422252520512,
      0.01722621225187676,
      0.01713706522719228,
      0.017104104860242556,
      0.01705619576338296,
      0.016976094533312495,
      0.0169317658689943,
      0.016931244209252565,
      0.01687562303418446,
      0.01684894203354821,
      0.01682083747804602,
      0.016793110887217383,
      0.016728858534730894,
      0.01667520727384328,
      0.01667226208237232,
      0.016663032585844804,
      0.016589049182527658,
      0.01661472078666591,
      0.016592237748892926,
      0.01659986361240347,
      0.016523553974207968,
      0.01653718712507304,
      0.016492991149816,
      0.016476967782992673,
      0.01644805403117801,
      0.016461034656836175,
      0.016421393337083562,
      0.016413371453542006,
      0.01640169991207635,
      0.01639396356774076,
      0.016382811372353846,
      0.01629549077471847,
      0.0163297353320183,
      0.01630632380761628,
      0.01629477002866863
    ],
    "validation_loss": [
      0.06310676336288452,
      0.06688032845656076,
      0.06629710495471955,
      0.06519787261883418,
      0.0655055617292722,
      0.06583832154671351,
      0.0657997210820516,
      0.06574617077906926,
      0.06577923099199931,
      0.06579959442218145,
      0.06581370284159978,
      0.06360368430614471,
      0.04884120126565297,
      0.02904541293780009,
      0.022829385101795198,
      0.024478269865115483,
      0.026073801269133886,
      0.02641571785012881,
      0.026168363789717358,
      0.025929636011521023,
      0.02573694239060084,
      0.025747718662023543,
      0.02581489955385526,
      0.025860877831776936,
      0.025843468556801478,
      0.025822655111551285,
      0.025798899432023365,
      0.025821080307165782,
      0.025829922407865524,
      0.025821210443973543,
      0.02579048623641332,
      0.025823404639959337,
      0.025850542883078257,
      0.025880791991949082,
      0.025881616274515788,
      0.025860241055488585,
      0.02582094247142474,
      0.02582730328043302,
      0.025868045787016552,
      0.02588349605600039,
      0.025893422961235046,
      0.025872438152631124,
      0.02585389440258344,
      0.02584424167871475,
      0.025824727366367976,
      0.025817146400610606,
      0.025805143515268962,
      0.025809200356403987,
      0.025833641986052196,
      0.025863456229368847,
      0.025866589695215225,
      0.025871504346529642,
      0.025870229055484136,
      0.025878457725048064,
      0.025873241076866785,
      0.025876817852258684,
      0.02585602377851804,
      0.025837748746077218,
      0.025843398769696553,
      0.02585873653491338,
      0.025880447775125503,
      0.025882604469855627,
      0.02589372272292773,
      0.02588334878285726,
      0.0258629746735096
    ]
  }
}