{
  "GRU-based": {
    "training_loss": [
      0.7600996444205276,
      0.650897881563972,
      0.5518847408414889,
      0.46157406433289794,
      0.3802573906273401,
      0.307868136828687,
      0.24432185530161657,
      0.18926694350583212,
      0.1407621121581863,
      0.10309884402932239,
      0.07569627166420471,
      0.05326583997166457,
      0.0377322631348081,
      0.03227686633144607,
      0.02847885215232352,
      0.025984155061114737,
      0.024121190530850607,
      0.02295746104870023,
      0.022070738267810905,
      0.021360111008046054,
      0.02082444156887902,
      0.020298970816265634,
      0.0199713335223809,
      0.019668136026804187,
      0.019398943074986713,
      0.019111546319948526,
      0.018892124694372927,
      0.018617602237382857,
      0.018470227272257583,
      0.018300358965179,
      0.018207764018233083,
      0.018055865955891228,
      0.017886074932933857,
      0.0178509492567983,
      0.01781018205112269,
      0.017673405067322134,
      0.01756662707149732,
      0.017507523846100357,
      0.017459817074176643,
      0.017392193812469977,
      0.01732106497433005,
      0.017258834113374727,
      0.017246222667427372,
      0.017131200040682776,
      0.01712740072589211,
      0.01712843992536058,
      0.017042661387035075,
      0.016985229099122416,
      0.016920494854825885,
      0.01692666917914102,
      0.016866733374841073,
      0.016848551246392375,
      0.016842048842178173,
      0.016821807856914124,
      0.016738598915834388,
      0.016738255962165965,
      0.016760221252045713,
      0.016685435110155272,
      0.016632452532805566,
      0.01667881148922093,
      0.016606960766518318,
      0.016609947150181822,
      0.016595449822978312,
      0.016554793123813236
    ],
    "validation_loss": [
      0.05586393127838771,
      0.06059619088967641,
      0.060545032223065696,
      0.05863628089427948,
      0.05889254758755366,
      0.05946679761012395,
      0.059384519358476,
      0.05472254703442256,
      0.04908588081598282,
      0.04739025582869848,
      0.046482569475968676,
      0.03401830519239108,
      0.025237370282411575,
      0.024647558728853863,
      0.025958792120218278,
      0.026413918783267338,
      0.026266296456257502,
      0.026117186496655145,
      0.02598922550678253,
      0.02593609243631363,
      0.02596935803691546,
      0.026003467043240865,
      0.02602203314503034,
      0.026035540054241815,
      0.026039371887842815,
      0.026002375036478044,
      0.02599827398856481,
      0.0259980209171772,
      0.02598234365383784,
      0.025984412183364232,
      0.02599743604660034,
      0.02600013663371404,
      0.02597499613960584,
      0.02596726417541504,
      0.025987939288218815,
      0.025994332134723665,
      0.02600848798950513,
      0.02597459505001704,
      0.02594163715839386,
      0.02593195761243502,
      0.02594881405433019,
      0.025954762349526088,
      0.025943537056446076,
      0.02591790383060773,
      0.02590737442175547,
      0.02591465562582016,
      0.025930509716272355,
      0.025943319002787273,
      0.02593589499592781,
      0.025919897357622783,
      0.025921574234962462,
      0.025942146529754004,
      0.025938806186119715,
      0.025930965195099513,
      0.025913534313440324,
      0.02592310110727946,
      0.025928327441215517,
      0.02591469536225001,
      0.025919283429781597,
      0.025907279551029207,
      0.025915967921415966,
      0.025929609189430873,
      0.025933020561933518,
      0.025929684440294903
    ]
  }
}