{
  "GRU-based": {
    "training_loss": [
      0.7660249672016176,
      0.6533475923938912,
      0.5535231227634334,
      0.4622104000143644,
      0.3774631854866733,
      0.3031725765777235,
      0.2391818625335934,
      0.18197215742924633,
      0.13478438005227,
      0.09813151439698804,
      0.06930295672236371,
      0.048195681276441624,
      0.03729342040018875,
      0.030560143338907667,
      0.02577193790436292,
      0.023697089090818118,
      0.022309787892306053,
      0.021284008868226484,
      0.02054482532524261,
      0.02000869735449302,
      0.019649491606264554,
      0.01931152556936781,
      0.01907359003363287,
      0.018840473004374185,
      0.018670115103365994,
      0.01851431342984448,
      0.018345260710901572,
      0.018266228035468013,
      0.018117663176620707,
      0.017986322213120822,
      0.017895199765427774,
      0.017843022645145905,
      0.01775049926916591,
      0.01767128545540471,
      0.017621319553180904,
      0.01753889163564734,
      0.01744177458541734,
      0.01740868851354643,
      0.017358095706010067,
      0.017321670537485796,
      0.017287602436830515,
      0.017288706562787044,
      0.017210151107997455,
      0.017122445988054034,
      0.01714642017985843,
      0.017033537164987886,
      0.017043462974027174,
      0.017012179007425028,
      0.0169798805527076,
      0.016955049160648796,
      0.016878529725705877,
      0.016891355649763795,
      0.01690803388008425,
      0.016820220699330337,
      0.01680184548188533,
      0.016766712089077013,
      0.01674797457932424,
      0.016764735388217353,
      0.01669397869562151,
      0.016703021955214628,
      0.016726174430937327,
      0.016679599071156327,
      0.01665418255416786,
      0.016654620835354097,
      0.016621759638753758
    ],
    "validation_loss": [
      0.06370039046311579,
      0.06362760461428586,
      0.06447659683327715,
      0.06174996488985895,
      0.055023105267216176,
      0.053517112398848814,
      0.051878189151527504,
      0.04695159716515982,
      0.044453393699241284,
      0.04430180644037343,
      0.039589733761899615,
      0.03580617929707054,
      0.030907324945726313,
      0.026699712202579034,
      0.02566197151396455,
      0.025955031555490334,
      0.026321800316081327,
      0.026323156822629337,
      0.02623638542009001,
      0.026171955992193782,
      0.026102658204671714,
      0.026056020262361576,
      0.026078276993597254,
      0.026087632606259913,
      0.026080960329590726,
      0.02609102787966488,
      0.026092442425609638,
      0.0260916805254812,
      0.026076026354767697,
      0.026084254550583223,
      0.026100884747354926,
      0.026088988111049188,
      0.02608216002959163,
      0.02608943811985625,
      0.02606063329872965,
      0.02611486767144764,
      0.026084982578744406,
      0.02607601956159127,
      0.026063285016713022,
      0.02609676936594378,
      0.026098369143339767,
      0.026111506426534734,
      0.026113666844468156,
      0.026109147722981556,
      0.02610820794806761,
      0.026103640616941853,
      0.026114985252879246,
      0.026112630806800697,
      0.026109812170767986,
      0.02610988254431917,
      0.026107280444698174,
      0.0261107370758257,
      0.026090705908146224,
      0.026091865475187784,
      0.026084883060275007,
      0.026065943026993454,
      0.026074365595308673,
      0.02607114105915823,
      0.026051916902055258,
      0.026067200829001033,
      0.026086952474688282,
      0.026093554847380695,
      0.02607827599183852,
      0.026088070531352228,
      0.026099474803239358
    ]
  }
}