{
  "GRU-based": {
    "training_loss": [
      0.8564230935326937,
      0.717706391318091,
      0.5884368057908683,
      0.4044616358033542,
      0.30630047095233,
      0.23256498523827257,
      0.17443827709247325,
      0.12971838486605677,
      0.09669771836749438,
      0.07644261198824849,
      0.06704762051331586,
      0.060559569324912695,
      0.05614509207421336,
      0.05304000953148151,
      0.05090045022039578,
      0.048863540294355357,
      0.047248798403246646,
      0.04584017985596739,
      0.04485195127540621,
      0.043804717320820384,
      0.042858417614780625,
      0.04238167226571461,
      0.04159972096054718,
      0.04089711391977195,
      0.040467814702926014,
      0.03984922170639038,
      0.03962467640381435,
      0.03892683976426207,
      0.03882774483284046,
      0.03842377760286989,
      0.037767496422447006,
      0.037721839958223806,
      0.03747286437528914,
      0.0370760395480641,
      0.03696745091985012,
      0.03668532538516768,
      0.03651350491262716,
      0.036310963962098645,
      0.03598773000312262,
      0.03605046409085907,
      0.03573604307683378,
      0.03552663216431593,
      0.03524913294561978,
      0.03526495950746125,
      0.03501617440889621,
      0.03500481069344899,
      0.034658633879032626,
      0.034657870746892076,
      0.034303147525622926,
      0.034225572433708044,
      0.03425571598626416,
      0.034056625682218324,
      0.03387846238911152,
      0.03386735024637189
    ],
    "validation_loss": [
      0.2783924427525751,
      0.2783924427525751,
      0.18922582643813102,
      0.026739701680068312,
      0.06166595740821855,
      0.041890104635265366,
      0.045586809066349064,
      0.047659310544359276,
      0.04535234794662944,
      0.04572301411294732,
      0.045622225651710195,
      0.045130292332634846,
      0.04530702320023857,
      0.045300205218894725,
      0.045269568861815435,
      0.04517541780810932,
      0.04502634442700394,
      0.044780092615762664,
      0.044964894588137495,
      0.044778507902961354,
      0.04449012732968248,
      0.04473307900259207,
      0.04492169577499916,
      0.04480757227103258,
      0.044738443048092824,
      0.04447241162817026,
      0.04467431361433761,
      0.044516272573121664,
      0.04459620390472741,
      0.044354869566600896,
      0.0442905952318989,
      0.04426520500203659,
      0.0440650830302259,
      0.044102389127786815,
      0.04416084309461816,
      0.043992363513800606,
      0.04392026374437686,
      0.04360290069518418,
      0.04347233893028621,
      0.043444011302600644,
      0.04331709173475874,
      0.04321121541975901,
      0.043034607512426784,
      0.04308444608388276,
      0.042798454603501436,
      0.042769315145139035,
      0.042419906166093105,
      0.04233115844043164,
      0.04216196818341469,
      0.04204255555081984,
      0.04198406702870953,
      0.041665395734639,
      0.04129780454496885,
      0.0412252474640464
    ]
  }
}