{
  "GRU-based": {
    "training_loss": [
      0.8384725665302376,
      0.7075154001419425,
      0.5920176481250254,
      0.48950560853220976,
      0.3991332972483577,
      0.3067580829253436,
      0.23746069093304242,
      0.18952817352330456,
      0.1537852249587636,
      0.12775554674543582,
      0.09719960357948647,
      0.06640846031093309,
      0.05740773935109842,
      0.053183872998406406,
      0.05041578739068021,
      0.04839435365677293,
      0.04720370142528565,
      0.04569852813768428,
      0.04471129856913301,
      0.04401280899795234,
      0.043089035536893736,
      0.0425658265364387,
      0.04202848220602375,
      0.041420522696327296,
      0.04094815618024438,
      0.04052529894009207,
      0.040107133916128856,
      0.03963332692648654,
      0.03934384656802104,
      0.03896362360637874,
      0.038796542373774785,
      0.03849640790134203,
      0.03836766565363835,
      0.0380448129615606,
      0.03787574604915478,
      0.03777791580679202,
      0.03754958001641715,
      0.03739983834603888,
      0.03713514056683,
      0.03709155198935568,
      0.03695110630315036,
      0.03673082825274205,
      0.03659496049314376,
      0.03646538702309442,
      0.03634991072299059,
      0.03623952648474914,
      0.036097562837977756,
      0.03602181065769501,
      0.03603257742779817,
      0.035949428964477274,
      0.03570283890299925,
      0.03555389206075276,
      0.03563487470679411,
      0.035448347565361284,
      0.035445934132490454,
      0.03524534505480445,
      0.03523678417144863,
      0.035111493400364235,
      0.03494126490757928,
      0.034839242380402945,
      0.03480009189718104,
      0.03469085614592405
    ],
    "validation_loss": [
      0.21566257271273384,
      0.22485212519251066,
      0.2211320794861892,
      0.2197851385535865,
      0.2033789251385064,
      0.16469547322084163,
      0.16011889715646876,
      0.16422250877166616,
      0.16291130303308882,
      0.137302459365335,
      0.0774340199242378,
      0.042920692830250184,
      0.046156154701422,
      0.04677278495811183,
      0.04578055378434987,
      0.04578321626217201,
      0.04647522528880629,
      0.045979615198127155,
      0.045889750765315415,
      0.04600346442954294,
      0.04611481195636864,
      0.04626833670612039,
      0.046098548507895964,
      0.046102640816363796,
      0.04634465937470568,
      0.04654226598554644,
      0.046335118418109826,
      0.04618328714679027,
      0.04614995130947951,
      0.04613023761274486,
      0.046249388094092236,
      0.04620952114205936,
      0.04632533567732778,
      0.046343596099779526,
      0.046335469623064174,
      0.04622787894873784,
      0.046163970540309775,
      0.04612063791217475,
      0.045969590352013194,
      0.046149666967063116,
      0.046209723733622456,
      0.04638327290785724,
      0.04607325826996359,
      0.04601372540767851,
      0.04609955723943381,
      0.04617055506798728,
      0.04604868888854981,
      0.04577471599753561,
      0.045964987486087044,
      0.045869121148154654,
      0.04580223480689115,
      0.04590449204732632,
      0.04574630817976491,
      0.04566422542878266,
      0.04562496112595344,
      0.045534319045214815,
      0.04553988628603261,
      0.04553152264962936,
      0.04545537641850011,
      0.04518979372263982,
      0.04502416565885831,
      0.045184370534944125
    ]
  }
}