{
  "CNN-Attention-LSTM-based": {
    "MSE": 0.025595,
    "MAE": 0.112878,
    "RMSE": 0.159983,
    "MAPE": 1594456392697.4685
  }
}