{
  "CNN-Attention-LSTM-based": {
    "MSE": 0.039178,
    "MAE": 0.152608,
    "RMSE": 0.195605,
    "MAPE": 852797151763.6703
  }
}