{
  "CNN-Attention-LSTM-based": {
    "MSE": 0.097663,
    "MAE": 0.239812,
    "RMSE": 0.312511,
    "MAPE": 0.998311
  }
}