{
  "CNN-Attention-LSTM-based": {
    "MSE": 0.086116,
    "MAE": 0.221196,
    "RMSE": 0.292232,
    "MAPE": 225536622657.83557
  }
}