{
  "CNN-Attention-LSTM-based": {
    "MSE": 0.048475,
    "MAE": 0.180162,
    "RMSE": 0.216256,
    "MAPE": 573620922898.2769
  }
}