{
  "CNN-Attention-LSTM-based": {
    "MSE": 0.075305,
    "MAE": 0.210606,
    "RMSE": 0.271949,
    "MAPE": 468362462968.3915
  }
}