{
  "CNN-Attention-LSTM-based": {
    "MSE": 0.044698,
    "MAE": 0.16955,
    "RMSE": 0.209467,
    "MAPE": 605899556201.358
  }
}