{
  "CNN-Attention-LSTM-based": {
    "MSE": 0.052114,
    "MAE": 0.190754,
    "RMSE": 0.228285,
    "MAPE": 291990177419.14996
  }
}