{
  "CNN-Attention-LSTM-based": {
    "MSE": 0.056432,
    "MAE": 0.201436,
    "RMSE": 0.237475,
    "MAPE": 119921665591.33344
  }
}