{
  "CNN-Attention-LSTM-based": {
    "MSE": 0.091019,
    "MAE": 0.225234,
    "RMSE": 0.30146,
    "MAPE": 126932389143.46317
  }
}