{
  "CNN-Attention-LSTM-based": {
    "MSE": 0.097684,
    "MAE": 0.239138,
    "RMSE": 0.31254,
    "MAPE": 10164102031.20172
  }
}