{
  "CNN-Attention-LSTM-based": {
    "MSE": 0.05741,
    "MAE": 0.203253,
    "RMSE": 0.239277,
    "MAPE": 112528664975.38794
  }
}