{
  "CNN-Attention-LSTM-based": {
    "MSE": 0.092775,
    "MAE": 0.230378,
    "RMSE": 0.304092,
    "MAPE": 106930290107.53223
  }
}