{
  "CNN-Attention-LSTM-based": {
    "MSE": 0.096445,
    "MAE": 0.23609,
    "RMSE": 0.310495,
    "MAPE": 37166029433.14008
  }
}