{
  "CNN-Attention-LSTM-based": {
    "MSE": 0.048201,
    "MAE": 0.177252,
    "RMSE": 0.215291,
    "MAPE": 685086651146.1295
  }
}