{
  "CNN-Attention-LSTM-based": {
    "MSE": 0.038404,
    "MAE": 0.152637,
    "RMSE": 0.19597,
    "MAPE": 1292701820089.287
  }
}