{
  "CNN-Attention-LSTM-based": {
    "MSE": 0.051408,
    "MAE": 0.187486,
    "RMSE": 0.226204,
    "MAPE": 622717423498.8094
  }
}