{
  "CNN-Attention-LSTM-based": {
    "MSE": 0.089843,
    "MAE": 0.222534,
    "RMSE": 0.299183,
    "MAPE": 203723019476.3757
  }
}