{
  "CNN-Attention-LSTM-based": {
    "MSE": 0.05211,
    "MAE": 0.186244,
    "RMSE": 0.224123,
    "MAPE": 749905366329.9692
  }
}