{
  "CNN-Attention-LSTM-based": {
    "MSE": 0.052634,
    "MAE": 0.189386,
    "RMSE": 0.228126,
    "MAPE": 645580497616.6147
  }
}