{
  "CNN-Attention-LSTM-based": {
    "MSE": 0.055557,
    "MAE": 0.1972,
    "RMSE": 0.234788,
    "MAPE": 483468507296.6621
  }
}