{
  "CNN-GRU-Attention-based": {
    "training_loss": [
      0.13587068207239153,
      0.09176399908714526,
      0.07861196097354542,
      0.07171103312428943,
      0.06750837268640306,
      0.06310746142159715,
      0.05982556310280564,
      0.05676739907256962,
      0.0540422979206415,
      0.0521376251664329,
      0.0506267548091645,
      0.04879565181233234,
      0.047329580727674105,
      0.045884868439990685,
      0.045329856478078114,
      0.04354636947038475,
      0.04332065533853073,
      0.041878135067828816,
      0.040661959332677064,
      0.03935464470932967,
      0.039153762736343224,
      0.03831496670764695,
      0.03664760907831081,
      0.036009748806883186,
      0.03511318882065381,
      0.03335641138901227,
      0.03395373695102267,
      0.03176113696158759,
      0.030399601031708138,
      0.0320908434856909,
      0.029129554661220032,
      0.02763149306578384,
      0.02767370130214679,
      0.027257145309830456,
      0.02607763765873694,
      0.024864001254481707,
      0.024937169560178003,
      0.024669067633937097,
      0.024320864470504494,
      0.02388127767150024,
      0.023485136324898105,
      0.023702500362201003,
      0.024378435484471002,
      0.023417087549430865,
      0.022346706147365388,
      0.022145026663650775,
      0.021716522180396203,
      0.021799927406284177,
      0.022009721508433645,
      0.02196458554576495,
      0.02144672076316289,
      0.020845092703915966,
      0.020625106183298745,
      0.020822104783260638,
      0.02024596871927613,
      0.02001728836375981,
      0.019987668717793308,
      0.019827955497664432,
      0.020153978048618786,
      0.021722684009081363,
      0.02014423464545964,
      0.020480178816298884,
      0.0200059759612978,
      0.019471604875781198,
      0.020205542080401342,
      0.01922381191838862,
      0.02425677966862349,
      0.023570374697059443,
      0.020566014117808236,
      0.02152149464799482,
      0.01943357010247699,
      0.023965509149990006,
      0.02230745231477702,
      0.01925969188403422,
      0.018260908125862608,
      0.01809243444333973,
      0.018871963689139234,
      0.018349518962333583,
      0.017648693172509687,
      0.017307359870503844,
      0.017368800639525134,
      0.01707578315181687,
      0.01735934598510197,
      0.017129326626606788,
      0.016807857548989086,
      0.01694046996979356
    ],
    "validation_loss": [
      0.13652192158945675,
      0.10058805595698028,
      0.08128713880633485,
      0.053108704591105727,
      0.04126877620302398,
      0.03659460821413788,
      0.03225131113210629,
      0.03277786165989678,
      0.029967695249822634,
      0.02947641945090787,
      0.02887238682857875,
      0.028395343340676407,
      0.02778477214019874,
      0.026746268795225125,
      0.024684296606172777,
      0.023929390227743264,
      0.023409515099021894,
      0.021928217480408733,
      0.020916086628005422,
      0.021625150155661434,
      0.020275529608901204,
      0.018923801890221137,
      0.018940400300097877,
      0.01957376136219707,
      0.017037836693484208,
      0.02062107821733787,
      0.016762757937199082,
      0.017287423018494556,
      0.017127342400108946,
      0.01695161526059282,
      0.01668727088976523,
      0.016846804423578856,
      0.016769253391900968,
      0.018670222188892034,
      0.017109660797848782,
      0.01627572149937523,
      0.017060643049149678,
      0.016426436403958963,
      0.016237543317778356,
      0.01782036233564903,
      0.016199723573337342,
      0.017002887702707588,
      0.02252039742367021,
      0.015745705828584474,
      0.015930876424857254,
      0.018565416747126084,
      0.018718515554892606,
      0.016754995459883376,
      0.02204338729638478,
      0.018782407584889183,
      0.017272239236225343,
      0.015352657514399496,
      0.016596010115383,
      0.015298703871667384,
      0.015942828357219697,
      0.01510572611386406,
      0.01731720790909282,
      0.021397277301755446,
      0.01880359009935938,
      0.01610584257106329,
      0.017993541267411463,
      0.020413285570925678,
      0.019044778778635224,
      0.015447280883532146,
      0.016224551136637556,
      0.01759777530257044,
      0.015486636250440416,
      0.01578256514180323,
      0.02171101602243966,
      0.015421653776590166,
      0.02035515172856635,
      0.015852844079249893,
      0.015883301063601314,
      0.015855317280210297,
      0.016145970081460886,
      0.016039047415914207,
      0.01708490343700195,
      0.0156661839384971,
      0.015545072490028266,
      0.01722811262026943,
      0.015238917188654685,
      0.015311480814526822,
      0.01577046549525754,
      0.015636146229145855,
      0.015387755651669256,
      0.017960031683845766
    ]
  }
}