{
  "CNN-LSTM-based": {
    "training_loss": [
      0.9082662440553496,
      0.8990117334112336,
      0.8904627486120297,
      0.8834988157960433,
      0.8761798218835758,
      0.8705333893812155,
      0.8656982764413085,
      0.8611365760428996,
      0.856156976917122,
      0.8526099837279018,
      0.8477797244168535,
      0.8436335815659052,
      0.839311918880366,
      0.8344147424154644,
      0.8305821697923201,
      0.8256959100312824,
      0.8214395332940018,
      0.817173226724697,
      0.813180473031877,
      0.8082223089435433,
      0.8037613313409346,
      0.7997139752665653,
      0.795527332945715,
      0.7912274780152719,
      0.7867620436451103,
      0.7828836071340344,
      0.7780388857744918,
      0.7738250041309791,
      0.7696179853209967,
      0.7656189572962024,
      0.7617506679100327,
      0.7572117395038847,
      0.7531755981566031,
      0.7490250528613224,
      0.7451561908178692,
      0.7406960537162008,
      0.7365515277355532,
      0.7324549895298632,
      0.7288958437835114,
      0.72456066744237,
      0.7203002149545694,
      0.7163566290577755,
      0.7120682936680468,
      0.7082947092720225,
      0.7038537505306776,
      0.6997043535679202,
      0.696411561362351,
      0.6919496444207204,
      0.6884382457672795,
      0.6840463099600393,
      0.6804616043839273,
      0.676251189618171,
      0.6728958751581893,
      0.6685184768483609,
      0.66460806055914,
      0.6613060952741888,
      0.6565245940715452,
      0.6531600024126754,
      0.6491676757607279,
      0.6455480637429636,
      0.6413693548757818,
      0.6375899239431454,
      0.6340855948532684,
      0.6299170150032526,
      0.6264106978344012,
      0.6224332723436476,
      0.618836258031145,
      0.6149987223782117,
      0.6114572671395314,
      0.6080207983149758,
      0.6036206008512762,
      0.6004271477083617,
      0.5965722618223745,
      0.5930084405066092,
      0.5892926741249954,
      0.5857587969755824,
      0.5816472044473961,
      0.5782428036762189,
      0.5750509945652152,
      0.5711803790889208,
      0.5679264098783082,
      0.5645455016365534,
      0.5604114049597632,
      0.5574669785137418
    ],
    "validation_loss": [
      0.10081673413515091,
      0.09778966754674911,
      0.09331531822681427,
      0.08769628405570984,
      0.08165206760168076,
      0.07548373192548752,
      0.06951989978551865,
      0.06389414519071579,
      0.058632370084524155,
      0.05391061678528786,
      0.04973165690898895,
      0.04606657847762108,
      0.04298580810427666,
      0.040456097573041916,
      0.0384085513651371,
      0.03684273734688759,
      0.0355774387717247,
      0.03454579785466194,
      0.0336766354739666,
      0.0328885093331337,
      0.032189276069402695,
      0.03152485936880112,
      0.030945735052227974,
      0.030444476753473282,
      0.030014043673872948,
      0.02964920736849308,
      0.02936369553208351,
      0.029134409502148628,
      0.02887362241744995,
      0.02863631770014763,
      0.028443049639463425,
      0.028256459161639214,
      0.02816101908683777,
      0.028079867362976074,
      0.027989791706204414,
      0.027924377471208572,
      0.02790376916527748,
      0.027897801250219345,
      0.02789587900042534,
      0.027931025251746178,
      0.02799900621175766,
      0.02805684320628643,
      0.02809792011976242,
      0.02814982458949089,
      0.02819567732512951,
      0.02820483408868313,
      0.028215620666742325,
      0.028177356347441673,
      0.028159702196717262,
      0.028090035542845726,
      0.028063949197530746,
      0.028013600036501884,
      0.028013329952955246,
      0.02799617499113083,
      0.02802942506968975,
      0.028118640184402466,
      0.028240621089935303,
      0.02838701382279396,
      0.028465336188673973,
      0.028534414246678352,
      0.02855568751692772,
      0.0285505298525095,
      0.028519822284579277,
      0.028536582365632057,
      0.028563039377331734,
      0.028576165437698364,
      0.02859964594244957,
      0.02866833098232746,
      0.028724759817123413,
      0.028810014948248863,
      0.028828835114836693,
      0.028894178569316864,
      0.028951456770300865,
      0.02907048538327217,
      0.029190460219979286,
      0.029262563213706017,
      0.02922617644071579,
      0.029200255870819092,
      0.029198015108704567,
      0.029261795803904533,
      0.029406428337097168,
      0.029598752036690712,
      0.029790056869387627,
      0.02992633543908596
    ]
  }
}