{
  "LSTM-based": {
    "training_loss": [
      0.7035505817486689,
      0.5103051524895889,
      0.41008248695960414,
      0.34794721465844375,
      0.2969585404946254,
      0.256567670748784,
      0.22286174618280852,
      0.19386441088639772,
      0.17235083763415998,
      0.15216142856157744,
      0.13662128379711738,
      0.12313489272044255,
      0.11123467637942387,
      0.10333704833800976,
      0.09616408382470791,
      0.09152137545438913,
      0.08787773721493207,
      0.08488411112473561,
      0.08208922468698941,
      0.08095553517341614,
      0.07855822145938873,
      0.07609764830424236,
      0.07487272241940865,
      0.07375219235053429,
      0.07241498277737544,
      0.07103595194908288,
      0.06954181079681103,
      0.06923737606176963,
      0.0670581293793825,
      0.06676421601038712,
      0.0653893299973928,
      0.0656824862727752,
      0.06456180146107307,
      0.06199874327732967,
      0.06224545034078451,
      0.062382276814717516,
      0.06173706398560451,
      0.060614186410720534,
      0.060631369742063373,
      0.05948742880271031,
      0.05794855264516977,
      0.05890181488715685,
      0.05815395311667369
    ],
    "validation_loss": [
      0.08806809037923813,
      0.035056356340646744,
      0.03326234966516495,
      0.03376895561814308,
      0.03352361544966698,
      0.033625416457653046,
      0.034555573016405106,
      0.03461610898375511,
      0.03388414904475212,
      0.033740345388650894,
      0.033779699355363846,
      0.03420102968811989,
      0.03425304591655731,
      0.03389075770974159,
      0.03419557586312294,
      0.034190934151411057,
      0.034351617097854614,
      0.0349171943962574,
      0.03466495871543884,
      0.034406937658786774,
      0.034467052668333054,
      0.03457498922944069,
      0.034322481602430344,
      0.03447800502181053,
      0.03445835039019585,
      0.03415621072053909,
      0.03431737422943115,
      0.03428127244114876,
      0.03474144637584686,
      0.034213632345199585,
      0.034322623163461685,
      0.03445731848478317,
      0.03430771455168724,
      0.034604135900735855,
      0.03432207927107811,
      0.03460300713777542,
      0.034508753567934036,
      0.03434889018535614,
      0.034484732896089554,
      0.03476348891854286,
      0.03496882691979408,
      0.03485444560647011,
      0.03476099297404289
    ]
  }
}