{
  "LSTM-based": {
    "training_loss": [
      0.764886186673091,
      0.5700859289902908,
      0.4746894102830153,
      0.4091777939062852,
      0.3585648765930763,
      0.3173180864407466,
      0.28277697471471935,
      0.2548906161234929,
      0.2319470185499925,
      0.21181975534329048,
      0.19581572596843427,
      0.1830037534236908,
      0.14443738414691046,
      0.10956993469825158,
      0.09122788676848778,
      0.08637564915877122,
      0.0818476344530399,
      0.07811213342043069,
      0.07573666595495664,
      0.07317532942845272,
      0.07255173187989455,
      0.07060336493528806,
      0.0687883782845277,
      0.06757239882762615,
      0.0657719809275407,
      0.0654405212173095,
      0.06494316114829136,
      0.0634053647518158,
      0.06464092720013398,
      0.06333477967060529,
      0.06159284424323302,
      0.06179661246446463,
      0.06113251012105208,
      0.060163736916505374,
      0.05989966770777336,
      0.059706753836228296,
      0.0598808962565202,
      0.0588958916755823,
      0.058582077805812545,
      0.05922250678906074,
      0.057594279830272384,
      0.05779033268873508,
      0.05774370122414369,
      0.05722298473119736,
      0.056952085059422716,
      0.05694153217168955,
      0.056057824538304254,
      0.05666371033741878,
      0.056051448274117247,
      0.05587277733362638,
      0.055938493173856005,
      0.05542045688399902,
      0.05550839866583164,
      0.05530529526563791,
      0.055298569110723644,
      0.055121227812308535,
      0.05564534664154053
    ],
    "validation_loss": [
      0.122378870844841,
      0.10715723037719727,
      0.1013355553150177,
      0.1007336676120758,
      0.10076551139354706,
      0.10090950131416321,
      0.10112261772155762,
      0.1010301411151886,
      0.10115277767181396,
      0.10136193782091141,
      0.10126827657222748,
      0.0797106921672821,
      0.052506573498249054,
      0.036902930587530136,
      0.03387411683797836,
      0.0337851382791996,
      0.03319811075925827,
      0.033250682055950165,
      0.03335084021091461,
      0.033324092626571655,
      0.03337618336081505,
      0.03345528244972229,
      0.03446826711297035,
      0.03456385061144829,
      0.03424287214875221,
      0.033976513892412186,
      0.03382611274719238,
      0.03384441137313843,
      0.0339411124587059,
      0.0341535359621048,
      0.03441314771771431,
      0.03451937437057495,
      0.03468450531363487,
      0.03466930240392685,
      0.034523092210292816,
      0.03442300483584404,
      0.034750521183013916,
      0.03459905833005905,
      0.034009918570518494,
      0.034298498183488846,
      0.03487319126725197,
      0.03468306362628937,
      0.03473145142197609,
      0.03435921296477318,
      0.03484814986586571,
      0.035138510167598724,
      0.03535401448607445,
      0.035525865852832794,
      0.03523045778274536,
      0.035257644951343536,
      0.03581387922167778,
      0.03598626330494881,
      0.035764649510383606,
      0.035756465047597885,
      0.03596379980444908,
      0.03584088757634163,
      0.03594304621219635
    ]
  }
}