{
  "LSTM-based": {
    "training_loss": [
      0.7914940460214337,
      0.6119757068967356,
      0.4817463619616425,
      0.41100227369845493,
      0.35776256473319046,
      0.3160349472055157,
      0.28176946026607624,
      0.2489928996678695,
      0.19871936622753883,
      0.16868996128295233,
      0.1506826602718205,
      0.13852506007963014,
      0.12961192212058503,
      0.09923727622309934,
      0.07565255723531963,
      0.06736162782294079,
      0.0648092634758903,
      0.06416851296586898,
      0.06238090384353712,
      0.06123466500379507,
      0.060561904846464544,
      0.05986464522706652,
      0.0593265655983999,
      0.05839538487415869,
      0.05858566980917477,
      0.059011885408058906,
      0.05891188451098007,
      0.057801892745842055,
      0.05823441956517766,
      0.05781622303342356,
      0.05735858963820541,
      0.05630153439288001,
      0.056530486900829575,
      0.05663906442887575,
      0.05591941096828979,
      0.05549092598042442,
      0.05519470753310954,
      0.054993159743477994,
      0.055185764666321205,
      0.05548176191096167,
      0.055207970977118874,
      0.05526960568809972,
      0.05534560963945481,
      0.05420801766867776,
      0.05446506899248049,
      0.05410239491069201,
      0.05406517785006357,
      0.05414914574871943,
      0.053847420996832616,
      0.05385479945870279,
      0.05405242317943897,
      0.053677617816381085,
      0.05351410914682648,
      0.05331176714700402,
      0.05382275248615487,
      0.053311133522142486,
      0.052922043696190545,
      0.0534995483975966
    ],
    "validation_loss": [
      0.17021073400974274,
      0.1264752447605133,
      0.12535227835178375,
      0.12488511949777603,
      0.12502622604370117,
      0.12504424154758453,
      0.12508231401443481,
      0.09632931649684906,
      0.08315728604793549,
      0.07843659073114395,
      0.07740400731563568,
      0.07740427553653717,
      0.060541268438100815,
      0.03909401223063469,
      0.03439207747578621,
      0.03324636444449425,
      0.03295060992240906,
      0.032866813242435455,
      0.03305342420935631,
      0.033381324261426926,
      0.03353438526391983,
      0.03393213078379631,
      0.034759342670440674,
      0.03515117987990379,
      0.036335162818431854,
      0.03641747683286667,
      0.036050423979759216,
      0.03547739237546921,
      0.035600967705249786,
      0.03520318493247032,
      0.0347442701458931,
      0.035200584679841995,
      0.03519266098737717,
      0.035236384719610214,
      0.035165198147296906,
      0.03485793247818947,
      0.034818436950445175,
      0.03496057167649269,
      0.03495221212506294,
      0.03500819951295853,
      0.03499816730618477,
      0.0350680872797966,
      0.034859903156757355,
      0.03471275046467781,
      0.034552305936813354,
      0.03446217253804207,
      0.03460197150707245,
      0.03463573381304741,
      0.0346997044980526,
      0.0346427820622921,
      0.03471749648451805,
      0.03454773128032684,
      0.034534379839897156,
      0.034685224294662476,
      0.034740012139081955,
      0.03465430438518524,
      0.03445538133382797,
      0.034482184797525406
    ]
  }
}