{
  "LSTM-based": {
    "training_loss": [
      0.7708348526674158,
      0.5926139307957069,
      0.4957565232819202,
      0.42387030054541197,
      0.3495606780052185,
      0.2943953059467615,
      0.23539596474638172,
      0.20210097233454385,
      0.177839719489509,
      0.15715257531287624,
      0.14172198959425383,
      0.11204630881547928,
      0.08803610240711886,
      0.07727702078866024,
      0.0706809995805516,
      0.06837315097743389,
      0.06709862865653693,
      0.06555631201641232,
      0.06449984832137239,
      0.06361321549789578,
      0.06278357844726712,
      0.062424232854562646,
      0.06116055346587125,
      0.060850192664885054,
      0.060047840078671776,
      0.05951645415203244,
      0.05917468360241722,
      0.05930761291700251,
      0.05858884459617091,
      0.05851064899972841,
      0.05830250110696344,
      0.05784174215559866,
      0.05762945217829125,
      0.05774582571843091,
      0.05711462231827717,
      0.056630246779497934,
      0.056605498872551264,
      0.05631147704872431,
      0.05603726032902213,
      0.056043857452916165,
      0.05621319293391471,
      0.05551709176278582,
      0.055261923401963474,
      0.05566631783457363,
      0.0556428379872266,
      0.05564745004270591,
      0.05496605909338184,
      0.055022030849667156,
      0.05495318711972704,
      0.054752656496038624,
      0.05437670019911785,
      0.054345289939174465,
      0.05448242554477617,
      0.05466577702877568,
      0.05442835785010282,
      0.05426637536170436,
      0.0540658219480047,
      0.054049782308877685,
      0.05393267335260615,
      0.054359694541085,
      0.053901646067114437,
      0.05360287888085141,
      0.05352101862138393,
      0.05351465268462312
    ],
    "validation_loss": [
      0.13790446519851685,
      0.13699841499328613,
      0.13688252866268158,
      0.11486686766147614,
      0.10429419577121735,
      0.07702140510082245,
      0.06930945813655853,
      0.06845004856586456,
      0.06733821332454681,
      0.06747056543827057,
      0.05569998547434807,
      0.039052706211805344,
      0.03557489439845085,
      0.035029564052820206,
      0.03502971678972244,
      0.03540777042508125,
      0.036042068153619766,
      0.035744719207286835,
      0.035528771579265594,
      0.03586264327168465,
      0.035940319299697876,
      0.03483881801366806,
      0.03415827825665474,
      0.03401191905140877,
      0.03428305312991142,
      0.03453773260116577,
      0.0346621610224247,
      0.034616321325302124,
      0.034891389310359955,
      0.03445812314748764,
      0.03459062799811363,
      0.03490414470434189,
      0.03488092124462128,
      0.03435084596276283,
      0.034180302172899246,
      0.034286484122276306,
      0.03487803786993027,
      0.034721966832876205,
      0.034612175077199936,
      0.03467956930398941,
      0.034385696053504944,
      0.034112535417079926,
      0.03448985144495964,
      0.03427381068468094,
      0.03419569879770279,
      0.034278422594070435,
      0.03427640348672867,
      0.03438617289066315,
      0.034379277378320694,
      0.03435419499874115,
      0.0342053584754467,
      0.03431395813822746,
      0.03424577787518501,
      0.03425656259059906,
      0.03440331667661667,
      0.03437773138284683,
      0.03440834581851959,
      0.03427797183394432,
      0.03407905623316765,
      0.03405022993683815,
      0.034214284271001816,
      0.034185536205768585,
      0.0342516265809536,
      0.03401362523436546
    ]
  }
}