{
  "LSTM-based": {
    "training_loss": [
      0.7731809149874319,
      0.53145431291939,
      0.44823508805567674,
      0.3688262045973598,
      0.320466942716353,
      0.27943305626954185,
      0.243112053611491,
      0.21552197236825923,
      0.1928455357504363,
      0.17278914256851272,
      0.15327864295185203,
      0.12246757553945674,
      0.10629279269735412,
      0.09633843593373156,
      0.09069884177481774,
      0.08583032553738887,
      0.08246425059762331,
      0.07998057528592573,
      0.07797609225358113,
      0.07618534742015423,
      0.07412122824404499,
      0.07332403854568406,
      0.07255218996860013,
      0.07086294395203638,
      0.06970709931142259,
      0.06877613702032825,
      0.06787437495618763,
      0.0677589699625969,
      0.06623334563014531,
      0.06611411966899834,
      0.06529912249286576,
      0.06480746708884097,
      0.06427408622042967,
      0.06359311451416204,
      0.0630571595808067,
      0.06283783167600632,
      0.06240305481570782,
      0.06174137494941749,
      0.061498960646072236,
      0.06156056403818697,
      0.06114029183541194,
      0.061081856710485896,
      0.06050464466656789,
      0.06001537809572598,
      0.05982568778909079,
      0.059872784458174566,
      0.059447312782896625,
      0.05862212867134869,
      0.058874001523645796,
      0.05844630286245063,
      0.05868800449194295,
      0.057974709068784616,
      0.05832148232672474,
      0.05785966421117877,
      0.057966162810231196
    ],
    "validation_loss": [
      0.07021797448396683,
      0.07410294562578201,
      0.0601462796330452,
      0.06043268367648125,
      0.060711491852998734,
      0.06014544889330864,
      0.06044778972864151,
      0.06049862876534462,
      0.06039263680577278,
      0.06085130199790001,
      0.04238125681877136,
      0.03605157136917114,
      0.03349686414003372,
      0.03267534077167511,
      0.03247632086277008,
      0.032478369772434235,
      0.0325210839509964,
      0.03250892460346222,
      0.032783426344394684,
      0.03260306641459465,
      0.032613322138786316,
      0.032943569123744965,
      0.03304622694849968,
      0.032888419926166534,
      0.03314507380127907,
      0.033038828521966934,
      0.03279923275113106,
      0.03281380236148834,
      0.032688550651073456,
      0.03285102918744087,
      0.03281903639435768,
      0.03297259658575058,
      0.03303748369216919,
      0.03355999290943146,
      0.03378160670399666,
      0.033494818955659866,
      0.033773187547922134,
      0.03413321077823639,
      0.034622304141521454,
      0.0344078466296196,
      0.03411643207073212,
      0.03410672768950462,
      0.033926382660865784,
      0.03361565247178078,
      0.0339951254427433,
      0.034308336675167084,
      0.03381984680891037,
      0.03365933150053024,
      0.03370323032140732,
      0.03370894491672516,
      0.03369152545928955,
      0.03379049152135849,
      0.033805470913648605,
      0.034164849668741226,
      0.0340130515396595
    ]
  }
}