{
  "LSTM-based": {
    "training_loss": [
      0.7731675815582275,
      0.5844463229179382,
      0.4702271282672882,
      0.40061272501945494,
      0.34990391254425046,
      0.3043597388267517,
      0.2706871032714844,
      0.24064580023288726,
      0.20470211029052734,
      0.17995208382606506,
      0.1620100724697113,
      0.14861556887626648,
      0.1387203425168991,
      0.1308842897415161,
      0.12583282053470612,
      0.09987548738718033,
      0.08038459062576293,
      0.0730826112627983,
      0.07021587640047074,
      0.0683734431862831,
      0.06697662591934204,
      0.06562904596328735,
      0.06468701690435409,
      0.06425865590572358,
      0.06340269684791565,
      0.06283454537391663,
      0.06214123994112015,
      0.06145640283823013,
      0.0611379337310791,
      0.060684125721454624,
      0.06045842587947845,
      0.06014183759689331,
      0.05996666878461838,
      0.059832409024238586,
      0.059188751876354216,
      0.0590654319524765,
      0.059043787717819214,
      0.058894118070602415,
      0.05849481046199798,
      0.058240368366241455,
      0.0581673464179039,
      0.0582415246963501,
      0.05785225689411164,
      0.05778123915195465,
      0.05750787794589996,
      0.05703776180744171,
      0.05726355612277985,
      0.056982234716415406,
      0.05687126129865647,
      0.056424888521432875,
      0.05659684032201767,
      0.05651713207364082,
      0.0565056636929512,
      0.05627699851989746,
      0.05602760314941406,
      0.05616539403796196,
      0.055980859398841856,
      0.05547854393720627,
      0.05555927306413651,
      0.05492701500654221,
      0.05545309945940971,
      0.055228721201419834
    ],
    "validation_loss": [
      0.12687699496746063,
      0.1057080626487732,
      0.1005137488245964,
      0.10260755568742752,
      0.10040433704853058,
      0.10036557912826538,
      0.10041099786758423,
      0.08771174401044846,
      0.0815136581659317,
      0.07931403815746307,
      0.07853461802005768,
      0.07823281735181808,
      0.07810236513614655,
      0.07813514769077301,
      0.06079603359103203,
      0.041590820997953415,
      0.035746198147535324,
      0.033647868782281876,
      0.03294254466891289,
      0.03265680745244026,
      0.03253619372844696,
      0.03253361955285072,
      0.03254380449652672,
      0.0326542966067791,
      0.03277069330215454,
      0.032946690917015076,
      0.032949987798929214,
      0.03333498537540436,
      0.033435720950365067,
      0.03309085592627525,
      0.03328004851937294,
      0.03338930383324623,
      0.03362329676747322,
      0.033562105149030685,
      0.033778347074985504,
      0.03389331325888634,
      0.033951736986637115,
      0.03364882618188858,
      0.03378182649612427,
      0.0336737185716629,
      0.03411412984132767,
      0.03411639481782913,
      0.034067362546920776,
      0.033870212733745575,
      0.03371848911046982,
      0.03379150852560997,
      0.033832937479019165,
      0.03356964886188507,
      0.03361544758081436,
      0.03365752100944519,
      0.03364361450076103,
      0.033797699958086014,
      0.033617932349443436,
      0.03375261276960373,
      0.03370954468846321,
      0.0336998775601387,
      0.03366634622216225,
      0.033632099628448486,
      0.033623602241277695,
      0.033635612577199936,
      0.03367406129837036,
      0.033671434968709946
    ]
  }
}