{
  "LSTM-based": {
    "training_loss": [
      0.781136622428894,
      0.5913352537155151,
      0.49439289927482605,
      0.4250828659534454,
      0.37190913677215576,
      0.32950942516326903,
      0.29539735555648805,
      0.2672628343105316,
      0.24436097979545593,
      0.22574867069721222,
      0.21045163989067078,
      0.195613152384758,
      0.1763516354560852,
      0.16253215849399566,
      0.14378499150276183,
      0.12591753244400025,
      0.08726181387901306,
      0.07240124434232711,
      0.06805038332939148,
      0.06553304255008698,
      0.06486856043338776,
      0.0638533353805542,
      0.06282819718122483,
      0.0622942453622818,
      0.06154100894927979,
      0.06118267685174942,
      0.06073435306549072,
      0.06026725083589554,
      0.0601805379986763,
      0.05968768835067749,
      0.05961800575256348,
      0.058934707343578335,
      0.058689558506011964,
      0.05851376801729202,
      0.058455998301506044,
      0.05807932645082474,
      0.057857342064380646,
      0.05797021836042404,
      0.05772043138742447,
      0.05740417897701264,
      0.05726822718977928,
      0.05726820990443229,
      0.05695674404501915,
      0.05647022038698196,
      0.05678967460989952,
      0.05647029399871826,
      0.05651092290878296,
      0.056297701001167294,
      0.05599085375666618,
      0.05609074786305428,
      0.055635800063610075,
      0.055826174467802046,
      0.05571448817849159,
      0.05544803768396377,
      0.055537685304880145,
      0.05524400740861893,
      0.05531935185194015,
      0.055140432119369504,
      0.0550190906226635,
      0.05494929254055023,
      0.0550190857052803
    ],
    "validation_loss": [
      0.13257969915866852,
      0.13185954093933105,
      0.1318684220314026,
      0.1318899542093277,
      0.1320592314004898,
      0.1320684850215912,
      0.13199907541275024,
      0.13211113214492798,
      0.13213062286376953,
      0.13218243420124054,
      0.13210821151733398,
      0.12166497111320496,
      0.11705608665943146,
      0.10223010182380676,
      0.09623325616121292,
      0.05463496595621109,
      0.03936277702450752,
      0.034722551703453064,
      0.03351892530918121,
      0.033071260899305344,
      0.03291023150086403,
      0.033047620207071304,
      0.03323901817202568,
      0.03322404995560646,
      0.03333016112446785,
      0.033458128571510315,
      0.03381618112325668,
      0.0345621183514595,
      0.034780751913785934,
      0.03505925089120865,
      0.03468805178999901,
      0.0345141664147377,
      0.034505147486925125,
      0.03463561832904816,
      0.03443353250622749,
      0.03452589735388756,
      0.034411706030368805,
      0.03452138602733612,
      0.03443291783332825,
      0.03450849652290344,
      0.03435544669628143,
      0.03452787548303604,
      0.03442470356822014,
      0.03443490341305733,
      0.034454524517059326,
      0.034243203699588776,
      0.034135602414608,
      0.03410128876566887,
      0.034195009618997574,
      0.03432145714759827,
      0.0343087762594223,
      0.03425639495253563,
      0.0342123806476593,
      0.03418819606304169,
      0.03406716510653496,
      0.0340438149869442,
      0.034106120467185974,
      0.03412764519453049,
      0.03418954834342003,
      0.034192465245723724,
      0.034009482711553574
    ]
  }
}