{
  "CNN-Attention-BiLSTM-based": {
    "training_loss": [
      1.0450814842108653,
      0.46839233818610154,
      0.2512428324853358,
      0.18469024285874558,
      0.1473786310363778,
      0.12232170541323889,
      0.10362747682450599,
      0.08997794364332619,
      0.07983812970430862,
      0.07264332159217697,
      0.06603026812720726,
      0.05995458817201345,
      0.05460397580078899,
      0.05154290387715994,
      0.04938413194409935,
      0.04607375032965912,
      0.043672387742942756,
      0.04131777937035389,
      0.039285743717655475,
      0.03757158563276043,
      0.03532459621939958,
      0.03378895340245133,
      0.03244204610385702,
      0.03136341301348445,
      0.02987571284509026,
      0.028751577497063197,
      0.02783847426486122,
      0.027286941127124924,
      0.02605060102092311,
      0.025129176024765176,
      0.02379982313767677,
      0.02262301687067667,
      0.021753977483029856,
      0.020974620759086224,
      0.020055428907408843,
      0.01935794565308789,
      0.01848520779556223,
      0.018116380810537146,
      0.017553995117010557,
      0.016784138593304854,
      0.01611069586512219,
      0.01585050246306599,
      0.015716103753367346,
      0.01533503869272802,
      0.015372373485277854,
      0.014564293106775648,
      0.014240699306531338,
      0.013824885234971752,
      0.013472916758848947,
      0.01318039083978654,
      0.013337908312678337,
      0.013524937957124325,
      0.014018193931389818,
      0.013322761967243635,
      0.012763559392281711,
      0.012452620553529315,
      0.012325322451779927,
      0.012288078536266971,
      0.012085316615020481,
      0.011987811250971304,
      0.011864977608948545,
      0.011646249256359889,
      0.01148734850633572,
      0.01133043945437055,
      0.011474896681749768,
      0.011499905457611577,
      0.011291799056155799,
      0.011149386403405613
    ],
    "validation_loss": [
      0.012813095418967866,
      0.005084289941824097,
      0.004810520765162516,
      0.004594741658748765,
      0.004747202566851969,
      0.004959502054429493,
      0.007140934323914942,
      0.006235544829215325,
      0.00596335228930946,
      0.005719467980864334,
      0.004689122472231642,
      0.005168554623645688,
      0.004224940145378859,
      0.00416727336582468,
      0.004511946702766058,
      0.005463762713850696,
      0.0041775579956278815,
      0.004056228885076698,
      0.004580582569229176,
      0.004113711244836012,
      0.004082721913825775,
      0.004380182132934724,
      0.005210719409102547,
      0.005374370278005278,
      0.00609038423481924,
      0.0053043739275990135,
      0.004927227212572919,
      0.005043393371325333,
      0.006061502687165291,
      0.004792781372023757,
      0.005011866783800411,
      0.0044660792487369975,
      0.004437606873627948,
      0.006992165485244716,
      0.004574364239599218,
      0.005201009193551075,
      0.004854124065875498,
      0.005111533863478302,
      0.005720037100174384,
      0.0044435985916432864,
      0.005425571069519754,
      0.0048711401491748196,
      0.005045745875788091,
      0.004630582655004611,
      0.005462796538901356,
      0.004426581110838646,
      0.0048367115289592345,
      0.004578379478812956,
      0.0042975925385335635,
      0.0047711355792627586,
      0.004485059854150035,
      0.004384629697197879,
      0.004475961455737407,
      0.00549397233577418,
      0.004646369992637504,
      0.005012979639187239,
      0.005124651794978871,
      0.005152365277116661,
      0.004876051381129192,
      0.0045403559865067064,
      0.0054109040690765355,
      0.0049504647654567795,
      0.0051666294718119505,
      0.004587575900816846,
      0.0065001420658978674,
      0.0046722110503479375,
      0.005654275748713937,
      0.00561211746856612
    ]
  }
}