{
  "CNN-Attention-BiLSTM-based": {
    "training_loss": [
      1.0406062333814559,
      0.3397181870893877,
      0.11827691551010538,
      0.08042709096994508,
      0.06258174370645139,
      0.05654644427133978,
      0.05270398191658344,
      0.049697375637159105,
      0.04733554322225516,
      0.046263370365113396,
      0.043637871076607604,
      0.04124088809521135,
      0.03876410391688514,
      0.0367929037477492,
      0.03592888082979772,
      0.03375934527097544,
      0.03168789588677766,
      0.03006052234919342,
      0.028311827332094877,
      0.026895759142883027,
      0.025751681436704886,
      0.024808809989318774,
      0.023551937981624926,
      0.022347813159185572,
      0.02136708767914839,
      0.02037660509118024,
      0.01941428107861299,
      0.01855601269286779,
      0.017676197302751086,
      0.01680959039230584,
      0.016106960367604693,
      0.015351092533259371,
      0.014751501192520326,
      0.014354948138068384,
      0.014013605153640056,
      0.01377205535675416,
      0.013519333073083013,
      0.01319994832249293,
      0.013007095519866048,
      0.012844267592283402,
      0.012646223211512073,
      0.012521285258578384,
      0.012413300884440854,
      0.012249701882112995,
      0.012135515186470654,
      0.012075780139554182,
      0.0119752235956187,
      0.011931635024023423,
      0.011925728733783267,
      0.011839890985541975,
      0.011756543639321063,
      0.01166550534324091,
      0.011639609991417358,
      0.011566399865448057,
      0.011512115446727875,
      0.011471265463516388,
      0.011476613876904879,
      0.011377217249910844,
      0.011345522332973099,
      0.011282705761972935,
      0.011236368779087803,
      0.01120697281037315,
      0.011166913735289727,
      0.01114505280598183,
      0.011132282577977526,
      0.011096603237614976,
      0.011084819050325502,
      0.011037625385994329,
      0.011034162622075763,
      0.010960346247692597,
      0.010957372523478505,
      0.010919149932131526,
      0.010883211828820502,
      0.010893706680598131,
      0.01090507211181927,
      0.010894166925062555,
      0.010880085364569287,
      0.01089913466812058,
      0.010848897748311973,
      0.010793996910821923,
      0.010844239473948974,
      0.010803378533524935,
      0.010772018636698308,
      0.010783401856833722,
      0.010810502123761645,
      0.0107276657167796,
      0.010715538227269726
    ],
    "validation_loss": [
      0.019841842081882225,
      0.01008973337162804,
      0.016439927307546405,
      0.008580392701112802,
      0.013507596023940385,
      0.010453176512403807,
      0.008591700761345102,
      0.010900054678254063,
      0.010403616627419343,
      0.011737854234590258,
      0.006431364234549415,
      0.006918823169523458,
      0.008145136277884612,
      0.0069307558697381064,
      0.004809205411440555,
      0.005677685201076181,
      0.006237577010079751,
      0.004779763871098079,
      0.004792615333300569,
      0.00465246443918618,
      0.004232758444195171,
      0.004074285003657332,
      0.0052434502100580345,
      0.004297520628098749,
      0.004085993697039883,
      0.003690462799078781,
      0.004178346858272171,
      0.004379265303744395,
      0.004464201915240742,
      0.0048372724924587345,
      0.0038150728005715414,
      0.004028223736332771,
      0.0040692876937753215,
      0.003915418875967507,
      0.003757014414379081,
      0.00370740720526119,
      0.0036052276705070127,
      0.004233945681579879,
      0.005827674514827038,
      0.003952883808840183,
      0.003937262846491062,
      0.003992387190703386,
      0.0037417571267088032,
      0.003867452786170414,
      0.0038948139215447845,
      0.004176443358131521,
      0.0037417306732845748,
      0.0050720331935638005,
      0.0037336093123016604,
      0.004102756467652026,
      0.004032730072686624,
      0.005547813331967245,
      0.003660492497734358,
      0.004306866665216238,
      0.004086494632169704,
      0.004489915072709121,
      0.0042917858955404415,
      0.004252899410474561,
      0.004465243493043922,
      0.004227227395120591,
      0.00381200350069278,
      0.004331027117929517,
      0.0042405468845038334,
      0.00524607036291985,
      0.003982404355511003,
      0.004280048856854172,
      0.0038561680001277694,
      0.004551772257906172,
      0.0039023500501758714,
      0.004567267129410709,
      0.004085923569076465,
      0.003945177973816046,
      0.004615914539095733,
      0.003881360223566938,
      0.0038217387105768438,
      0.004817245680538127,
      0.0038661965630497497,
      0.004254763666122751,
      0.004143805551079557,
      0.0039692372527399475,
      0.004179958301604696,
      0.006556541272626997,
      0.00400999061619203,
      0.004503437618081846,
      0.0038674939951061733,
      0.00410608990710947,
      0.004223060804615507
    ]
  }
}