{
  "CNN-Based": {
    "training_loss": [
      0.5012094561870282,
      0.498635674898441,
      0.511827106659229,
      0.47962092894774216,
      0.4316617938188406,
      0.39547727428949797,
      0.4604348586155818,
      0.41293283150746274,
      0.41038566598525417,
      0.37748303092443025,
      0.3615159048483922,
      0.3411616866405194,
      0.34876846350156343,
      0.3732028053357051,
      0.33156288587130034,
      0.3049902640856229,
      0.3135537596849295,
      0.29800491149608904,
      0.2893082063931685,
      0.26247353507922244,
      0.25000447493333083,
      0.27910731159723723,
      0.26060673135977525,
      0.26195356937555164,
      0.21770918483917528,
      0.24229993269993708,
      0.22420511910548577,
      0.2165642289014963,
      0.22206800029827997,
      0.1876425433617372,
      0.2149110367664924,
      0.22004577288260826,
      0.19876823402368105,
      0.17592056439473078,
      0.19573441606301528,
      0.16608909918711737,
      0.1904402684706908,
      0.18273513821455148,
      0.17038502142979547,
      0.16939285397529602,
      0.16720901773526117,
      0.15177733623064482,
      0.15026359947828147,
      0.1728782092149441,
      0.14803073497918937,
      0.13087433805832496,
      0.13461241240684801,
      0.1421612134346595,
      0.13283871228878313,
      0.12925672072630662,
      0.14760542374390823,
      0.13191689550876617,
      0.142789737536357,
      0.1311881966315783,
      0.13350562292795914,
      0.11634487257553981,
      0.10682644408482772,
      0.12463967960614425,
      0.12618540342037493,
      0.12041265001663795,
      0.1206344159749838,
      0.11403516508065738,
      0.11491555434006911,
      0.107463817183788,
      0.10596709984999436,
      0.11271797922941354,
      0.13045666424127725,
      0.10454349334423359,
      0.10280085641604203,
      0.11472919697944935,
      0.12080199672625615,
      0.09532197049030891,
      0.10358097690802354,
      0.11643402049174675,
      0.09613478183746338,
      0.100274546788289,
      0.10867436459431282,
      0.1006552313382809,
      0.10169778305750626,
      0.10142479722316448
    ],
    "validation_loss": [
      0.17874202132225037,
      0.1730724275112152,
      0.16821645200252533,
      0.16393102705478668,
      0.15965746343135834,
      0.15552450716495514,
      0.15123742818832397,
      0.14690087735652924,
      0.14239822328090668,
      0.13767126202583313,
      0.13250789046287537,
      0.12676841020584106,
      0.1204388216137886,
      0.11395106464624405,
      0.10708338022232056,
      0.10013769567012787,
      0.09313979744911194,
      0.08613384515047073,
      0.07884510606527328,
      0.07195476442575455,
      0.06538324803113937,
      0.05942504480481148,
      0.05384194478392601,
      0.049166157841682434,
      0.045269012451171875,
      0.042085710912942886,
      0.039490923285484314,
      0.03781415894627571,
      0.03702889755368233,
      0.03694905340671539,
      0.037664931267499924,
      0.03918944299221039,
      0.04158198833465576,
      0.04440072178840637,
      0.048067182302474976,
      0.05235697701573372,
      0.05742805823683739,
      0.06325572729110718,
      0.06971718370914459,
      0.07660961896181107,
      0.08383183926343918,
      0.0915621742606163,
      0.10001920908689499,
      0.10855892300605774,
      0.11733347922563553,
      0.12698917090892792,
      0.1358266919851303,
      0.14511661231517792,
      0.15546199679374695,
      0.1649979203939438,
      0.17323453724384308,
      0.18218277394771576,
      0.1916283220052719,
      0.20070874691009521,
      0.20972265303134918,
      0.21857936680316925,
      0.22815196216106415,
      0.23866303265094757,
      0.24956053495407104,
      0.2615567743778229,
      0.274466872215271,
      0.28680482506752014,
      0.29629644751548767,
      0.30501410365104675,
      0.31222236156463623,
      0.31995177268981934,
      0.3259694576263428,
      0.3321213126182556,
      0.33649742603302,
      0.34442374110221863,
      0.3536503314971924,
      0.3617032766342163,
      0.3724111318588257,
      0.37901434302330017,
      0.38553252816200256,
      0.3908545672893524,
      0.39765465259552,
      0.40358614921569824,
      0.40386834740638733,
      0.40469416975975037
    ]
  }
}