{
  "CNN-Based": {
    "training_loss": [
      0.18231118069245264,
      0.1668198532783068,
      0.1682912432230436,
      0.1625120983673976,
      0.17183222220494196,
      0.1564406190927212,
      0.15347829117224768,
      0.1579726326924104,
      0.1530300241250258,
      0.14381620861016786,
      0.1463958861736151,
      0.14491563806167015,
      0.13927290302056533,
      0.15369817385306725,
      0.12991903034540322,
      0.13185673378981078,
      0.13247077396282783,
      0.12934523133131173,
      0.1307262503183805,
      0.1199052815253918,
      0.12728235240166003,
      0.12486331623334151,
      0.12017629009026748,
      0.1261267587542534,
      0.13159017723340255,
      0.1308998935497724,
      0.12941895998441255,
      0.11651935027195857,
      0.11873669291918094,
      0.1168081066929377,
      0.12467823120263907,
      0.1202320777452909,
      0.12053161859512329,
      0.11545484799605149,
      0.11206385378654186,
      0.11814996829399696,
      0.12146762013435364,
      0.10881286802200171,
      0.11639200896024704,
      0.11281560705258296,
      0.1124265193939209,
      0.11769805504725529,
      0.1109166810145745,
      0.12198569339055282,
      0.11484603125315446,
      0.11202696825449283,
      0.11566276275194608,
      0.11866090504022744,
      0.11089816345618321,
      0.11185384599062112,
      0.11760530334252578,
      0.11105988461237687,
      0.11099511041091038,
      0.11578689859463619,
      0.10971591105827919,
      0.11613231553481175,
      0.1066813927430373,
      0.108950718664206,
      0.10436940422424903,
      0.11080548224540857,
      0.11901587477097145
    ],
    "validation_loss": [
      0.08390161395072937,
      0.08051010221242905,
      0.07707028090953827,
      0.0737525075674057,
      0.0703568384051323,
      0.06698104739189148,
      0.06380097568035126,
      0.06090528145432472,
      0.0585218109190464,
      0.05696728080511093,
      0.05628710612654686,
      0.05686424672603607,
      0.05897198244929314,
      0.06321971118450165,
      0.06968186795711517,
      0.07939696311950684,
      0.09185786545276642,
      0.10708144307136536,
      0.12586364150047302,
      0.1471867710351944,
      0.1714378148317337,
      0.19759482145309448,
      0.2247869223356247,
      0.2506852149963379,
      0.2758175730705261,
      0.3010023236274719,
      0.3253948390483856,
      0.34939637780189514,
      0.37165647745132446,
      0.39186790585517883,
      0.4103935658931732,
      0.4269093871116638,
      0.4413122832775116,
      0.45245933532714844,
      0.4588366150856018,
      0.4649391770362854,
      0.4688929319381714,
      0.4709363579750061,
      0.4702664613723755,
      0.4685525596141815,
      0.4669892489910126,
      0.46274492144584656,
      0.4585716426372528,
      0.4547029137611389,
      0.4503221809864044,
      0.44805628061294556,
      0.4451715350151062,
      0.44443628191947937,
      0.4439760744571686,
      0.44574177265167236,
      0.4471951127052307,
      0.45068594813346863,
      0.45261141657829285,
      0.4525776505470276,
      0.44971388578414917,
      0.4463651478290558,
      0.4418695569038391,
      0.438278466463089,
      0.43450024724006653,
      0.4300372004508972,
      0.422658771276474
    ]
  }
}