{
  "CNN-Based": {
    "training_loss": [
      0.3316446597715026,
      0.33419369088793266,
      0.3080729350302983,
      0.3017834885027802,
      0.29565812314598305,
      0.2915984669935356,
      0.2830761717361154,
      0.2512956718796665,
      0.25733500632267553,
      0.24585832988174217,
      0.2313469865368408,
      0.24047398248922477,
      0.22779114009107201,
      0.23123848814408757,
      0.21464132148663975,
      0.2120996296984478,
      0.20131762036420767,
      0.2076064424896703,
      0.190179525359163,
      0.1803920332667897,
      0.1776097609290799,
      0.17347325138675357,
      0.17479006685678242,
      0.1679380434809379,
      0.16333367277696295,
      0.15965109861012802,
      0.15634040172817637,
      0.1514676291387058,
      0.14394873843609707,
      0.14363712607656867,
      0.14675247799424293,
      0.13752969954777688,
      0.13895702014849023,
      0.13862408769940868,
      0.13633211579137636,
      0.1392895204638972,
      0.13801332700599744,
      0.13586051791038328,
      0.12932279503461228,
      0.12438242137432098,
      0.11969753492225721,
      0.12468577386106103,
      0.12585246881234993,
      0.1287880390882492,
      0.12431381136468313,
      0.12216348324007201,
      0.12361955049547177,
      0.11411330349815701,
      0.1191465994252742,
      0.11567897501501065,
      0.11698876241746459,
      0.12169564681724437,
      0.11251525103467182,
      0.11566435437179307,
      0.11490924829996906,
      0.11071029942012528,
      0.11412068232170587,
      0.11152175575205424,
      0.1094998349842516,
      0.1152204593408455,
      0.11996125552839446,
      0.11422750122338823,
      0.11328120182440118,
      0.1159127887012889,
      0.10906705289211088,
      0.11427377685181146,
      0.11613026724278348,
      0.1165353239161297
    ],
    "validation_loss": [
      0.12151903659105301,
      0.11921325325965881,
      0.11638952046632767,
      0.11298730969429016,
      0.10903346538543701,
      0.1045946478843689,
      0.0996510311961174,
      0.09417794644832611,
      0.08852872252464294,
      0.0827779769897461,
      0.0770672932267189,
      0.07136956602334976,
      0.06593114882707596,
      0.06095953658223152,
      0.056670162826776505,
      0.05335386097431183,
      0.05134520307183266,
      0.05102716386318207,
      0.05238696187734604,
      0.05558578670024872,
      0.060915298759937286,
      0.06846832484006882,
      0.07824673503637314,
      0.08918621391057968,
      0.10129807889461517,
      0.11438319832086563,
      0.12772352993488312,
      0.14139291644096375,
      0.15595750510692596,
      0.1703573316335678,
      0.18376368284225464,
      0.1973082721233368,
      0.21099169552326202,
      0.223769873380661,
      0.23603177070617676,
      0.2463417500257492,
      0.2576068341732025,
      0.2687627971172333,
      0.2800282835960388,
      0.2906699776649475,
      0.29973965883255005,
      0.3074919879436493,
      0.3164898157119751,
      0.3257041871547699,
      0.3339919447898865,
      0.34248459339141846,
      0.3525896370410919,
      0.3620431125164032,
      0.37126806378364563,
      0.37932679057121277,
      0.3844985067844391,
      0.38787493109703064,
      0.3912816047668457,
      0.39588311314582825,
      0.40189531445503235,
      0.40818068385124207,
      0.41251495480537415,
      0.4156185984611511,
      0.41611337661743164,
      0.4176537096500397,
      0.4209735095500946,
      0.4249785840511322,
      0.4299118220806122,
      0.43463292717933655,
      0.4392576515674591,
      0.442767858505249,
      0.44687575101852417,
      0.44831031560897827
    ]
  }
}