{
  "CNN-Based": {
    "training_loss": [
      0.35091563767077877,
      0.3378912578610813,
      0.3337740915663102,
      0.329933248314203,
      0.3228215475877126,
      0.3011321968892041,
      0.3056689237847048,
      0.2977329399071488,
      0.2860182114675933,
      0.25924791483318105,
      0.2698100180018182,
      0.26247472272199746,
      0.24802511813593844,
      0.2543453691052456,
      0.24412665969016506,
      0.23143699852859273,
      0.2503610641932955,
      0.24276594554676728,
      0.23029869064396502,
      0.2317437380552292,
      0.2285546438366759,
      0.222297937262292,
      0.21551010187934427,
      0.21330718053322212,
      0.2105627112528857,
      0.21143754644721163,
      0.19401552016828574,
      0.19267785052458444,
      0.1928649232083676,
      0.18304069077267365,
      0.1876040095207738,
      0.18336332720868728,
      0.1861319436746485,
      0.18028027666550056,
      0.1670924816645828,
      0.16735519030514887,
      0.17468775253669888,
      0.1726986032490637,
      0.16758670175776763,
      0.1612418209220849,
      0.1615681706690321,
      0.14905733016191744,
      0.15760378451908336,
      0.1611536361423193,
      0.15710321185635587,
      0.1535376950221903,
      0.155316679501066,
      0.15301798780759177,
      0.1451556656290503,
      0.1475272894489999,
      0.1412002464719847,
      0.1476114631867876,
      0.141652554565785,
      0.14133359871658624
    ],
    "validation_loss": [
      0.29342710971832275,
      0.29000353813171387,
      0.28806570172309875,
      0.2875375747680664,
      0.28834640979766846,
      0.29016172885894775,
      0.293043315410614,
      0.2971196472644806,
      0.30243194103240967,
      0.30889859795570374,
      0.316547691822052,
      0.3256133496761322,
      0.3357994258403778,
      0.3472599387168884,
      0.3602164089679718,
      0.374315470457077,
      0.38960903882980347,
      0.4053681194782257,
      0.42189279198646545,
      0.4387766420841217,
      0.45537784695625305,
      0.47176533937454224,
      0.48762819170951843,
      0.502317488193512,
      0.5161017179489136,
      0.5277539491653442,
      0.5368871688842773,
      0.5425864458084106,
      0.5456957817077637,
      0.5463313460350037,
      0.5437174439430237,
      0.5393937230110168,
      0.5342493057250977,
      0.5289231538772583,
      0.5227450132369995,
      0.5160926580429077,
      0.509090006351471,
      0.501913845539093,
      0.4928531050682068,
      0.485027015209198,
      0.4760723114013672,
      0.4679921567440033,
      0.45947378873825073,
      0.4503170847892761,
      0.4408779442310333,
      0.42990362644195557,
      0.4198684096336365,
      0.4099709093570709,
      0.4002384841442108,
      0.3899444043636322,
      0.3793298006057739,
      0.3685548007488251,
      0.35899093747138977,
      0.3501489758491516
    ]
  }
}