{
  "CNN-Based": {
    "training_loss": [
      0.35615647488301344,
      0.3426207365966079,
      0.32278568172218775,
      0.32306501180818764,
      0.3195945626438254,
      0.30484074590229754,
      0.2959691232973986,
      0.29996803609451445,
      0.27536439128441387,
      0.27904568656836404,
      0.2815126103929954,
      0.25824689274967305,
      0.2533261696300884,
      0.25531274640914237,
      0.24544274054541446,
      0.24252142321945416,
      0.24386624977140142,
      0.22869250473409597,
      0.22988422790376267,
      0.22302866336142663,
      0.22284577698400704,
      0.21684693345929137,
      0.2091131235408311,
      0.20260405525712682,
      0.19258193715964214,
      0.1944832286917337,
      0.18935194744332,
      0.18720780401536735,
      0.17972707305804336,
      0.18190592217563403,
      0.1757101459373342,
      0.17612446682287916,
      0.16870878371271755,
      0.17081552360317495,
      0.1655015724130196,
      0.16145788841318376,
      0.16459937910042186,
      0.1542008911619092,
      0.1584142042268621,
      0.14854598384682494,
      0.15016140619126878,
      0.14738318560147048,
      0.15633759123854118,
      0.14304010983150783,
      0.13937310092520006,
      0.14930099971813732,
      0.1390376663444066,
      0.14401703645097147,
      0.13488531688062272,
      0.13621983492728507,
      0.1321486631537428,
      0.13208658919476046,
      0.13173970609608263,
      0.12886040856932648,
      0.1364970754573841,
      0.12922429300770902,
      0.12753328828528376,
      0.1230873976013448,
      0.12391608717417953,
      0.12890699550066845,
      0.1318364677452805,
      0.12542590941533005,
      0.11866492991990382,
      0.11617804016217147,
      0.11819397650732852
    ],
    "validation_loss": [
      0.17222169041633606,
      0.16790954768657684,
      0.16444355249404907,
      0.16131484508514404,
      0.15860100090503693,
      0.1561192125082016,
      0.15370319783687592,
      0.1513483077287674,
      0.1491718888282776,
      0.14717704057693481,
      0.14530594646930695,
      0.14362093806266785,
      0.14220857620239258,
      0.14124897122383118,
      0.14090357720851898,
      0.14114435017108917,
      0.14258214831352234,
      0.145168736577034,
      0.14884592592716217,
      0.1537855863571167,
      0.15949559211730957,
      0.1659114509820938,
      0.17260687053203583,
      0.17930461466312408,
      0.18586349487304688,
      0.19231176376342773,
      0.1983311027288437,
      0.2037259191274643,
      0.20845460891723633,
      0.2123781144618988,
      0.21547769010066986,
      0.21785427629947662,
      0.2196219265460968,
      0.22035980224609375,
      0.21979016065597534,
      0.2185785174369812,
      0.21711678802967072,
      0.21615497767925262,
      0.21495988965034485,
      0.21346963942050934,
      0.21180585026741028,
      0.21032503247261047,
      0.2089221030473709,
      0.2077077180147171,
      0.20635506510734558,
      0.2049311101436615,
      0.2037903070449829,
      0.2022959589958191,
      0.2010674774646759,
      0.19925542175769806,
      0.19727683067321777,
      0.19577547907829285,
      0.19328199326992035,
      0.19049496948719025,
      0.1873771697282791,
      0.18440061807632446,
      0.1822836697101593,
      0.18169160187244415,
      0.1811588555574417,
      0.1802404224872589,
      0.17928153276443481,
      0.1779869943857193,
      0.17664214968681335,
      0.17494256794452667,
      0.1733495593070984
    ]
  }
}