{
  "CNN-Based": {
    "training_loss": [
      0.28070260643959044,
      0.2742013108730316,
      0.27474040269851685,
      0.2553609013557434,
      0.26253201723098757,
      0.2505703639984131,
      0.2385844874382019,
      0.22649407863616944,
      0.23045873403549194,
      0.21725963711738586,
      0.21718583524227142,
      0.20273817777633668,
      0.21028042137622832,
      0.20204816102981568,
      0.19284676551818847,
      0.19229432940483093,
      0.1873628681898117,
      0.1754242604970932,
      0.17560410618782044,
      0.17356091797351836,
      0.16698169469833374,
      0.16351752758026122,
      0.16184845745563506,
      0.16357747793197633,
      0.1556159031391144,
      0.15754302799701692,
      0.15954147279262543,
      0.1544993394613266,
      0.15158038198947907,
      0.14278922557830812,
      0.14421181082725526,
      0.1429482239484787,
      0.14754333913326265,
      0.13979531705379486,
      0.13429442882537843,
      0.1328439861536026,
      0.13553523182868957,
      0.13129445493221284,
      0.13544094026088715,
      0.13277044236660004,
      0.12737510919570924,
      0.12904534101486206,
      0.12619727075099946,
      0.1243611490726471,
      0.1281817650794983,
      0.1275964069366455,
      0.1277148014307022,
      0.12184873223304749,
      0.12558389544487,
      0.12148642718791962,
      0.12426449537277222,
      0.1204651939868927,
      0.12231100022792817,
      0.12172224640846252,
      0.11639873564243317,
      0.1213352170586586,
      0.1164399266242981,
      0.11828187078237534,
      0.11814178049564361,
      0.11627942204475403,
      0.11744730174541473,
      0.12025387048721313,
      0.1170914226770401,
      0.1155653715133667,
      0.117024165391922,
      0.11708235442638397,
      0.1174457722902298,
      0.12111180543899536,
      0.11761256963014603,
      0.11650694608688354,
      0.11683871865272522
    ],
    "validation_loss": [
      0.19161441922187805,
      0.18604935705661774,
      0.180679589509964,
      0.1753886640071869,
      0.16985349357128143,
      0.1640622913837433,
      0.1580725908279419,
      0.15190249681472778,
      0.14562615752220154,
      0.13912898302078247,
      0.13243255019187927,
      0.1255805343389511,
      0.11866288632154465,
      0.11179746687412262,
      0.10520473122596741,
      0.09912437200546265,
      0.09380675852298737,
      0.08930979669094086,
      0.08585278689861298,
      0.08355230838060379,
      0.08252424001693726,
      0.08266831934452057,
      0.08379027992486954,
      0.08589616417884827,
      0.08908474445343018,
      0.09340709447860718,
      0.09846922755241394,
      0.1039264053106308,
      0.11007728427648544,
      0.11651857942342758,
      0.12320632487535477,
      0.12995873391628265,
      0.13706748187541962,
      0.14396849274635315,
      0.1508992463350296,
      0.15818926692008972,
      0.1647917479276657,
      0.17072032392024994,
      0.17562377452850342,
      0.1797109693288803,
      0.1834097057580948,
      0.18704113364219666,
      0.19144181907176971,
      0.19638554751873016,
      0.20092488825321198,
      0.20516753196716309,
      0.20851387083530426,
      0.21096117794513702,
      0.21383143961429596,
      0.2163848876953125,
      0.21871253848075867,
      0.22095249593257904,
      0.223221555352211,
      0.22562992572784424,
      0.22758838534355164,
      0.2298380583524704,
      0.2319585531949997,
      0.23441216349601746,
      0.23658707737922668,
      0.23890717327594757,
      0.24116936326026917,
      0.24286837875843048,
      0.24340710043907166,
      0.2432296723127365,
      0.24308814108371735,
      0.24268898367881775,
      0.2417788803577423,
      0.24277213215827942,
      0.2442575842142105,
      0.2456531971693039,
      0.24729058146476746
    ]
  }
}