{
  "CNN-Based": {
    "training_loss": [
      0.46076677560806273,
      0.45197978377342224,
      0.44511982560157776,
      0.42417508125305176,
      0.4108082807064056,
      0.40111674427986144,
      0.3919039273262024,
      0.38236713886260987,
      0.38109105110168456,
      0.3646614682674408,
      0.3499788749217987,
      0.3490869247913361,
      0.34852033138275146,
      0.33113923072814944,
      0.3323062598705292,
      0.3119818878173828,
      0.3129368507862091,
      0.2995820128917694,
      0.28292741179466246,
      0.29288180112838746,
      0.28410746812820437,
      0.277188173532486,
      0.27240612626075744,
      0.2644174551963806,
      0.2630631792545319,
      0.256393820643425,
      0.24774070084095,
      0.24549232482910155,
      0.24082149386405946,
      0.2354211241006851,
      0.2258808755874634,
      0.23602098047733308,
      0.21808933675289155,
      0.2247871720790863,
      0.21569672107696533,
      0.21142588078975677,
      0.21446417331695555,
      0.19849848091602326,
      0.2035173261165619,
      0.2049350208044052,
      0.19084474325180054,
      0.19181512296199799,
      0.19153225183486938,
      0.1864653605222702,
      0.18277260184288024,
      0.18027980685234068,
      0.18528492450714112,
      0.1813308674097061,
      0.1772592133283615,
      0.1676604801416397,
      0.17706240355968475,
      0.17523228406906127,
      0.1707061380147934,
      0.16444534957408904,
      0.16086087822914125
    ],
    "validation_loss": [
      0.23204493522644043,
      0.2298305183649063,
      0.22843588888645172,
      0.22764553129673004,
      0.2275448590517044,
      0.22794489562511444,
      0.2287355661392212,
      0.22997038066387177,
      0.23159624636173248,
      0.2335972636938095,
      0.23601514101028442,
      0.23905064165592194,
      0.24267342686653137,
      0.24693773686885834,
      0.25174808502197266,
      0.2572128176689148,
      0.2633262276649475,
      0.27015796303749084,
      0.2773584723472595,
      0.2844942808151245,
      0.29185253381729126,
      0.29915016889572144,
      0.30636274814605713,
      0.31333497166633606,
      0.3196685314178467,
      0.3254006505012512,
      0.3301670253276825,
      0.3335273861885071,
      0.3355467915534973,
      0.3368207514286041,
      0.3373534679412842,
      0.33706972002983093,
      0.336008220911026,
      0.334491103887558,
      0.3325498104095459,
      0.3300628960132599,
      0.32742825150489807,
      0.32439568638801575,
      0.32102686166763306,
      0.3170968294143677,
      0.31341567635536194,
      0.3100266456604004,
      0.30704236030578613,
      0.30395418405532837,
      0.3002304434776306,
      0.29672175645828247,
      0.29287242889404297,
      0.28897133469581604,
      0.2852356731891632,
      0.2818136513233185,
      0.27862510085105896,
      0.2755718529224396,
      0.27337315678596497,
      0.2710980474948883,
      0.26913654804229736
    ]
  }
}