{
  "GRU-based": {
    "MSE": 0.025567,
    "MAE": 0.106687,
    "RMSE": 0.159897,
    "MAPE": 0.387123
  }
}