{
  "GRU-based": {
    "MSE": 0.025414,
    "MAE": 0.106069,
    "RMSE": 0.159415,
    "MAPE": 0.386684
  }
}