{
  "GRU-based": {
    "MSE": 0.025625,
    "MAE": 0.106823,
    "RMSE": 0.160072,
    "MAPE": 0.385506
  }
}