{
  "GRU-based": {
    "MSE": 0.025739,
    "MAE": 0.10719,
    "RMSE": 0.160431,
    "MAPE": 0.381237
  }
}