{
  "GRU-based": {
    "MSE": 0.025863,
    "MAE": 0.107679,
    "RMSE": 0.160815,
    "MAPE": 0.379487
  }
}