{
  "GRU-based": {
    "MSE": 0.02593,
    "MAE": 0.107983,
    "RMSE": 0.161023,
    "MAPE": 0.3783
  }
}