{
  "GRU-based": {
    "MSE": 0.026099,
    "MAE": 0.10832,
    "RMSE": 0.16155,
    "MAPE": 0.37791
  }
}