{
  "CNN-Based": {
    "MSE": 0.404694,
    "MAE": 0.575906,
    "RMSE": 0.636156,
    "MAPE": 2.01669
  }
}