{
  "CNN-Based": {
    "MSE": 0.422659,
    "MAE": 0.566669,
    "RMSE": 0.643931,
    "MAPE": 1.9913
  }
}