{
  "CNN-Based": {
    "MSE": 0.44831,
    "MAE": 0.567822,
    "RMSE": 0.645451,
    "MAPE": 2.029163
  }
}