{
  "CNN-Based": {
    "MSE": 0.350149,
    "MAE": 0.457983,
    "RMSE": 0.517101,
    "MAPE": 1.52407
  }
}