{
  "CNN-Based": {
    "MSE": 0.17335,
    "MAE": 0.308237,
    "RMSE": 0.379853,
    "MAPE": 1.0351
  }
}