{
  "CNN-Based": {
    "MSE": 0.247291,
    "MAE": 0.394786,
    "RMSE": 0.467249,
    "MAPE": 1.41016
  }
}