{
  "CNN-Based": {
    "MSE": 0.269137,
    "MAE": 0.379634,
    "RMSE": 0.464597,
    "MAPE": 1.242713
  }
}