{
  "CNN-GRU-Attention-based": {
    "MSE": 0.009943,
    "MAE": 0.079019,
    "RMSE": 0.09971,
    "MAPE": 0.418387
  }
}