{
  "CNN-GRU-Attention-based": {
    "MSE": 0.007034,
    "MAE": 0.064936,
    "RMSE": 0.083865,
    "MAPE": 0.344465
  }
}