{
  "GRU-based": {
    "training_loss": [
      0.9012295374503503,
      0.8142559940998371,
      0.7712189692717332,
      0.7582285495904776,
      0.7324257217920743,
      0.7017247630999639,
      0.6790513808910663,
      0.6590283650618333,
      0.638636997112861,
      0.6151937108773452,
      0.5920455776728116,
      0.5696983337402344,
      0.5500023135772119,
      0.5305032179905818,
      0.5109185163791363,
      0.49083308990185076,
      0.471262663602829,
      0.4535890588393578,
      0.4352246110255902,
      0.4181705873746138,
      0.4012140860924354,
      0.38460168700951797,
      0.3686241117807535,
      0.3531635885055249,
      0.33768569047634417,
      0.3230155568856459,
      0.308984997180792,
      0.29506411919227016,
      0.28148566071803754,
      0.2692134059392489,
      0.257126299234537,
      0.24479258748201224,
      0.234093216749338,
      0.22284435194272262,
      0.2129714420208564,
      0.20374677960689253,
      0.1932554428394024,
      0.18423671905811018,
      0.1754725483747629,
      0.1678900925012735,
      0.16118994125953087,
      0.15442028641700745,
      0.14736347129711738,
      0.1410591212602762,
      0.13566333857866433,
      0.13055721842325652,
      0.1263413394872959,
      0.12248216225550725,
      0.11898159522276658,
      0.11626066038241753,
      0.11262155438844974,
      0.11019569004957493,
      0.10884459889852084,
      0.10697117103980137,
      0.10472083435608791,
      0.1021625021329293,
      0.10123559603324303,
      0.09794009935397369,
      0.09640577320869152,
      0.09494079936009187,
      0.0939525904563757,
      0.09203448662391076,
      0.09077311364504007,
      0.08916286321786734,
      0.08732209297326896,
      0.08702400899850406,
      0.08481477544857906,
      0.08466723332038292,
      0.08323614643170284
    ],
    "validation_loss": [
      0.055133335292339325,
      0.034394294023513794,
      0.06324013322591782,
      0.06313271075487137,
      0.04316552355885506,
      0.03430773317813873,
      0.034611910581588745,
      0.0358978807926178,
      0.035362787544727325,
      0.034153204411268234,
      0.03424787148833275,
      0.03632993996143341,
      0.03889470919966698,
      0.03968563675880432,
      0.03836191073060036,
      0.03632739931344986,
      0.034878864884376526,
      0.0342421755194664,
      0.03407847508788109,
      0.034172289073467255,
      0.03456808999180794,
      0.03529740869998932,
      0.036094024777412415,
      0.036498185247182846,
      0.036384083330631256,
      0.035963866859674454,
      0.03546801209449768,
      0.03513539955019951,
      0.035036925226449966,
      0.03513163700699806,
      0.035342298448085785,
      0.03561751917004585,
      0.035760946571826935,
      0.035741955041885376,
      0.03564693406224251,
      0.03547169640660286,
      0.035371825098991394,
      0.03537096083164215,
      0.03546023368835449,
      0.03557964041829109,
      0.03560789301991463,
      0.0355532132089138,
      0.03549720719456673,
      0.03557940945029259,
      0.03564928099513054,
      0.035667721182107925,
      0.035587843507528305,
      0.03549293428659439,
      0.03544365242123604,
      0.03544299304485321,
      0.035473912954330444,
      0.035538945347070694,
      0.03557676449418068,
      0.03558463603258133,
      0.035531118512153625,
      0.03552081435918808,
      0.03545141965150833,
      0.03541978821158409,
      0.03548596054315567,
      0.03555721417069435,
      0.03557061403989792,
      0.035565514117479324,
      0.035524025559425354,
      0.03551296517252922,
      0.035467639565467834,
      0.03542846813797951,
      0.03542540967464447,
      0.03542587161064148,
      0.03536950796842575
    ]
  }
}