{
  "GRU-based": {
    "training_loss": [
      0.942594574047969,
      0.8633611660737258,
      0.7929558983215919,
      0.753665593954233,
      0.7412519317406875,
      0.7148502973409799,
      0.6851627368193406,
      0.6617847314247718,
      0.6429592141738305,
      0.6237721351476816,
      0.6012238905980036,
      0.5792106986045837,
      0.5582687946466299,
      0.5386775090144231,
      0.5195477054669306,
      0.4997367308689998,
      0.4810704749364119,
      0.4632987127854274,
      0.4448495415540842,
      0.4282405903706184,
      0.4116272215659802,
      0.39494365682968724,
      0.37957295316916245,
      0.3637886161987598,
      0.349099175288127,
      0.33374863404494065,
      0.3196401229271522,
      0.30649824555103594,
      0.29302796950707066,
      0.28004558499042803,
      0.2681352083499615,
      0.25639129143494827,
      0.24479974920933062,
      0.23452369066385123,
      0.22391651226924017,
      0.21379061157886797,
      0.2035805881023407,
      0.19508950183024773,
      0.18625768789878258,
      0.17890431101505572,
      0.17171538334626418,
      0.1642929590665377,
      0.15763030831630415,
      0.1514041263323564,
      0.14540094481064722,
      0.1404334008693695,
      0.13557432706539446,
      0.1322766083937425,
      0.12776544460883507,
      0.12468139024881217,
      0.12209935944813949,
      0.1190092798609,
      0.11750015157919663,
      0.11424343173320477,
      0.11268264341812867,
      0.1096436851299726,
      0.10814769279498321,
      0.10540874531635872
    ],
    "validation_loss": [
      0.0946631133556366,
      0.04710434004664421,
      0.03918139263987541,
      0.07659009099006653,
      0.08009480684995651,
      0.054021257907152176,
      0.037325337529182434,
      0.03319002687931061,
      0.03333514556288719,
      0.03352824226021767,
      0.033919744193553925,
      0.03600967302918434,
      0.0399107001721859,
      0.043201275169849396,
      0.0434487983584404,
      0.041046783328056335,
      0.038103602826595306,
      0.035906773060560226,
      0.03484141081571579,
      0.0346955843269825,
      0.035270754247903824,
      0.03639313951134682,
      0.03767067566514015,
      0.038473423570394516,
      0.038349565118551254,
      0.03770948573946953,
      0.0370212122797966,
      0.036495812237262726,
      0.03622481971979141,
      0.03629757836461067,
      0.03659961000084877,
      0.03690692409873009,
      0.037165578454732895,
      0.03728469833731651,
      0.03721356764435768,
      0.037015434354543686,
      0.036819860339164734,
      0.03667861968278885,
      0.03669944405555725,
      0.03680988773703575,
      0.03680363669991493,
      0.03673229366540909,
      0.03670837730169296,
      0.03666828200221062,
      0.03666108101606369,
      0.0367061085999012,
      0.03672590106725693,
      0.03677451238036156,
      0.036855343729257584,
      0.03681119903922081,
      0.036719910800457,
      0.03668099641799927,
      0.03665776923298836,
      0.03668797388672829,
      0.03666755184531212,
      0.036560263484716415,
      0.03651328384876251,
      0.03659499064087868
    ]
  }
}