{
  "CNN-Attention-GRU-based": {
    "training_loss": [
      0.028436219400968434,
      0.02049172392690369,
      0.014676000539336945,
      0.011190554754480225,
      0.009957288884367619,
      0.008878527121394093,
      0.00749797905822907,
      0.006961936778006961,
      0.006340164450658762,
      0.005928830248523133,
      0.0055370980688414645,
      0.0052134159555817985,
      0.004897442579685498,
      0.004628289484436807,
      0.004363731941107472,
      0.004134064244454235,
      0.003916484783249167,
      0.0037227828465207086,
      0.0035334869205015493,
      0.003347493500089562
    ],
    "validation_loss": [
      0.0029767469709946048,
      0.000993541635883351,
      0.0017709627281874418,
      0.001844924512422747,
      0.001130758668296039,
      0.0022921338030654523,
      0.0015087911419363485,
      0.0018650702744101484,
      0.0017548261158582238,
      0.001892584906373587,
      0.001968930617699193,
      0.0021298111338789263,
      0.0023454130213293764,
      0.002602255851444271,
      0.0029343421079425346,
      0.003352500239594115,
      0.0038555743327985206,
      0.004471508553251624,
      0.005278252789543735,
      0.005686343751019902
    ]
  }
}