{
  "CNN-Attention-GRU-based": {
    "training_loss": [
      0.005573424445071691,
      0.0025492635831026963,
      0.0022352023548643353,
      0.0020944305472600628,
      0.001993727752230537,
      0.0018964102622908605,
      0.0018229053329518984,
      0.0017693909540982314,
      0.001723128521788708,
      0.001656522338186771,
      0.0016288936177504734,
      0.0016061737280811223,
      0.001534837324329665,
      0.001532401804300681,
      0.0016153893682738425,
      0.0014968105185199792,
      0.0014490984859023715,
      0.0014143104330492271,
      0.0013708072406252924,
      0.0013776770333798838
    ],
    "validation_loss": [
      0.003137054455863846,
      0.0013726943179027183,
      0.0013704234082903062,
      0.0013086405563187767,
      0.0012751813990982263,
      0.0012048342805746552,
      0.0012685304403409257,
      0.0011763183100448622,
      0.0011517856322176806,
      0.0014136470203007852,
      0.0014324125384429951,
      0.0011881612032860309,
      0.001334492442803783,
      0.0015137640928680246,
      0.0012689423193777357,
      0.0013791772543446166,
      0.0011514158385408507,
      0.0011188546781773334,
      0.001062358807694245,
      0.0010759057411989133
    ]
  }
}