{
  "CNN-Attention-GRU-based": {
    "training_loss": [
      0.1613875095333372,
      0.09664160907268524,
      0.05318377081836973,
      0.0302493406193597,
      0.020379111809389932,
      0.016383083164691926,
      0.014166404945509775,
      0.012637223462973322,
      0.011443744386945452,
      0.010472354399306433,
      0.00964466594159603,
      0.00892859755882195,
      0.008305942692926952,
      0.007772620740745749,
      0.007313475385308266,
      0.006922222327973161,
      0.006582103376942022,
      0.006291791929730347,
      0.006031763021435057,
      0.005817323444145066
    ],
    "validation_loss": [
      0.003728540785980563,
      0.0012484047931770907,
      0.0023967554753131057,
      0.0021132494699447712,
      0.0011002279963370756,
      0.001214503508774524,
      0.0012829527390975479,
      0.0013800351715362665,
      0.001502375362824041,
      0.0016274273871107305,
      0.0017674702437634163,
      0.001900881436382625,
      0.002049600309196939,
      0.0021920178931021522,
      0.0022045131376449098,
      0.002264987532022997,
      0.0023333314964745907,
      0.002348532385014473,
      0.002362727194179034,
      0.0024311126652338828
    ]
  }
}