{
  "CNN-Attention-GRU-based": {
    "training_loss": [
      0.0022118035837900723,
      0.002517027659810704,
      0.0017494189573063266,
      0.0017530833163278566,
      0.0014873739037153532,
      0.0013683217999746473,
      0.0012770439732632192,
      0.0011993538481082848,
      0.001165701565500215,
      0.0011086518467544651,
      0.0010643779239851794,
      0.0010854154021191081,
      0.001052873155517544,
      0.0009814255649773338,
      0.0009574129065270904,
      0.0009361214252363006,
      0.0009198207274186526,
      0.0009134182666274283,
      0.0009206094839375653,
      0.0008859386225398496
    ],
    "validation_loss": [
      0.0023415500311542757,
      0.0027343443186163044,
      0.0011250062865747821,
      0.001033721813302246,
      0.0006552024898554781,
      0.0005492398903953086,
      0.0005534706342456153,
      0.0005575668589352704,
      0.0005491959507302414,
      0.00054803646752517,
      0.0005253295099242128,
      0.0005556575136540605,
      0.0009509969181079659,
      0.0005703437671386938,
      0.000610043274627315,
      0.0006420086439457729,
      0.0005656789331663427,
      0.0005689367330331597,
      0.0006765945539843264,
      0.0005995873428827568
    ]
  }
}