{
  "CNN-BiLSTM-Attention-based": {
    "training_loss": [
      0.5322762373127515,
      0.48189839657851913,
      0.43711873800945683,
      0.39447124145201995,
      0.3536105987140398,
      0.31626614286929744,
      0.2809315172931816,
      0.24804082160760582,
      0.21812233630614944,
      0.19060651555594513,
      0.16602669782024898,
      0.14395474702245575,
      0.12495807247071326,
      0.10829748191285234,
      0.09450337954085587,
      0.08309619986935507,
      0.07402036930061091,
      0.06784561691404897,
      0.06352809175283095,
      0.059412270941563296,
      0.055069479368281264,
      0.05201083332111564,
      0.049081342774227196,
      0.046712310866841786,
      0.04462487421898399,
      0.042569664303009014,
      0.04088373960070469,
      0.03919852763917376,
      0.037840642726622555,
      0.03668461647277643,
      0.035475767048602364,
      0.03438192129700999,
      0.03304109470879478,
      0.032489568749560584,
      0.031300004996076415,
      0.03058877758650337,
      0.029557215906522445,
      0.029111727411988416,
      0.028189411724795773,
      0.027761772746526744,
      0.026995224162999085,
      0.026058307389103915,
      0.02579225097558921,
      0.025275122845851924,
      0.02453159656422802,
      0.024202352326819162,
      0.023470307161976515,
      0.023145968652475736,
      0.023000456502794718,
      0.022551029511896366,
      0.02205653087813643,
      0.021642978259908498,
      0.021241488721111656
    ],
    "validation_loss": [
      0.05855533853173256,
      0.04815676435828209,
      0.04483351483941078,
      0.04437422752380371,
      0.03896447643637657,
      0.03709612786769867,
      0.03524436056613922,
      0.03164801746606827,
      0.02946493960916996,
      0.027655737474560738,
      0.025473902001976967,
      0.0242048017680645,
      0.0235239677131176,
      0.021767256781458855,
      0.02085176855325699,
      0.020607322454452515,
      0.019558412954211235,
      0.01969732902944088,
      0.01964392699301243,
      0.019951244816184044,
      0.019841650500893593,
      0.019569819793105125,
      0.01907237619161606,
      0.019579080864787102,
      0.019568970426917076,
      0.01930164359509945,
      0.019429173320531845,
      0.019426701590418816,
      0.019507698714733124,
      0.019451934844255447,
      0.01921665295958519,
      0.019824910908937454,
      0.01973550207912922,
      0.020166810601949692,
      0.01968611404299736,
      0.01991475187242031,
      0.019788924604654312,
      0.020418336614966393,
      0.020114995539188385,
      0.020226409658789635,
      0.02081778645515442,
      0.019917283207178116,
      0.02021961100399494,
      0.020364684984087944,
      0.020004624500870705,
      0.021031910553574562,
      0.02059653028845787,
      0.020757772028446198,
      0.02084805630147457,
      0.02137581817805767,
      0.02180716209113598,
      0.02126776985824108,
      0.02145772986114025
    ]
  }
}