{
  "CNN-BiLSTM-Attention-based": {
    "training_loss": [
      0.5292342002108946,
      0.48311800219244877,
      0.4331855885053085,
      0.3883745392500344,
      0.3498112771470668,
      0.31031728093906985,
      0.27358110425835946,
      0.24089831416889773,
      0.21094561709185777,
      0.18262114312689184,
      0.1575055200669725,
      0.13552984266968096,
      0.11610031532028973,
      0.09918985806279264,
      0.08520035268896717,
      0.0740294602967925,
      0.06491554111747419,
      0.058844518105862505,
      0.05485483214764272,
      0.050826251948789015,
      0.04677564884393902,
      0.04361351718336849,
      0.04125460388801866,
      0.038871912380396306,
      0.03705538758787058,
      0.03532592964879537,
      0.03368888391276537,
      0.032387193229238866,
      0.031349253161983975,
      0.029918264092530233,
      0.02907193600500034,
      0.028344219013796013,
      0.02725831043543452,
      0.02645568082393226,
      0.025777650776050858,
      0.025053973546472645,
      0.02461421587583372,
      0.02402485247259423,
      0.023368168716966096,
      0.02293011729242438,
      0.022522085267355888,
      0.02196766436100006,
      0.02158434509094489,
      0.021046443195161173,
      0.020780412322383816,
      0.02030788523034524,
      0.020151673737218826,
      0.019763948111715963,
      0.019279115280862583,
      0.019189820861664868,
      0.018691783202654223,
      0.01856302984563981,
      0.01836129549448773,
      0.018025415618035754,
      0.01783895921909203,
      0.017553282428090854,
      0.017278784223027147,
      0.017017853777792493,
      0.016928574543888287,
      0.01670947431002633,
      0.016554795016171568,
      0.016432364960595712,
      0.016172292500229207,
      0.01582310355063212,
      0.015922636835504385,
      0.01563020931335829
    ],
    "validation_loss": [
      0.05777265131473541,
      0.07700587064027786,
      0.05944249406456947,
      0.046457745134830475,
      0.04981299489736557,
      0.048921260982751846,
      0.03866647183895111,
      0.033139668405056,
      0.033862244337797165,
      0.031016254797577858,
      0.02685529738664627,
      0.026464160531759262,
      0.02605671063065529,
      0.024172818288207054,
      0.02349545806646347,
      0.023804841563105583,
      0.023399513214826584,
      0.02324102260172367,
      0.023409375920891762,
      0.023780839517712593,
      0.023290444165468216,
      0.0234704427421093,
      0.023463236168026924,
      0.022896992042660713,
      0.023038361221551895,
      0.023055678233504295,
      0.023032013326883316,
      0.02294180542230606,
      0.022922037169337273,
      0.023376012220978737,
      0.02329130657017231,
      0.022953379899263382,
      0.02297021634876728,
      0.022881345823407173,
      0.022571375593543053,
      0.022201774641871452,
      0.022436771541833878,
      0.022232957184314728,
      0.02221834659576416,
      0.02243352308869362,
      0.02247503213584423,
      0.022419631481170654,
      0.022395653650164604,
      0.022376222535967827,
      0.022498933598399162,
      0.022392403334379196,
      0.022503947839140892,
      0.022431083023548126,
      0.022265227511525154,
      0.022428316995501518,
      0.022399090230464935,
      0.022550951689481735,
      0.02265390194952488,
      0.022661734372377396,
      0.022839315235614777,
      0.022868411615490913,
      0.02279661037027836,
      0.022703086957335472,
      0.022770432755351067,
      0.02267485484480858,
      0.022983890026807785,
      0.02289699763059616,
      0.022969473153352737,
      0.023032767698168755,
      0.023096978664398193,
      0.02312757447361946
    ]
  }
}