{
  "CNN-BiLSTM-Attention-based": {
    "training_loss": [
      0.5300668366884781,
      0.4868430909463915,
      0.4361942774158413,
      0.39062383669917866,
      0.3492396797164012,
      0.3127453579741009,
      0.2764227157932217,
      0.24279256518614495,
      0.21175626324395003,
      0.18398795668351448,
      0.15940545347787566,
      0.1368944268610518,
      0.11705768600863925,
      0.10057219610375873,
      0.08654110436722384,
      0.07506483174481635,
      0.06614906403977992,
      0.059702682861332165,
      0.05548735752196635,
      0.05151587813082388,
      0.04725228130059727,
      0.04427671590346401,
      0.04170093508595127,
      0.03943902209906255,
      0.03723470778283426,
      0.0355327569453393,
      0.03392962650474855,
      0.032628434568138444,
      0.03132499047255112,
      0.030199228422874112,
      0.029242447309069716,
      0.028366305502289434,
      0.02740485132750818,
      0.026649713074251756,
      0.026035694594858057,
      0.02525975106883857,
      0.02461901228180376,
      0.02388368597475149,
      0.02352076895156149,
      0.02292645369040764,
      0.02254180591237747,
      0.0219996135239884,
      0.02156898212003506,
      0.02103307811638056,
      0.02077212910783493,
      0.020419375339554527,
      0.019992730943328242,
      0.01962662393511352,
      0.01945208979107566,
      0.018968892299522786,
      0.01877982352497214
    ],
    "validation_loss": [
      0.05107973515987396,
      0.0734967514872551,
      0.07206404209136963,
      0.05713049694895744,
      0.04561426490545273,
      0.045189544558525085,
      0.047576721757650375,
      0.04412039369344711,
      0.03685464709997177,
      0.03238188847899437,
      0.03188265860080719,
      0.03154607117176056,
      0.029893409460783005,
      0.02855926938354969,
      0.02817738614976406,
      0.028411084786057472,
      0.028445839881896973,
      0.028020963072776794,
      0.02797849476337433,
      0.02819720283150673,
      0.027872145175933838,
      0.028053216636180878,
      0.02815938927233219,
      0.02832734026014805,
      0.028019675984978676,
      0.028085533529520035,
      0.02793719992041588,
      0.028077078983187675,
      0.028037626296281815,
      0.02813904918730259,
      0.028176169842481613,
      0.028533628210425377,
      0.028557898476719856,
      0.028532564640045166,
      0.028819525614380836,
      0.02878859080374241,
      0.02876860462129116,
      0.028610961511731148,
      0.02884054183959961,
      0.02885526232421398,
      0.029043499380350113,
      0.02905869297683239,
      0.02882912941277027,
      0.028365280479192734,
      0.028174767270684242,
      0.028402870520949364,
      0.02856340818107128,
      0.0286796223372221,
      0.029175613075494766,
      0.029099971055984497,
      0.030146893113851547
    ]
  }
}