{
  "CNN-BiLSTM-Attention-based": {
    "training_loss": [
      0.5314164575110091,
      0.4891045793573907,
      0.43851109958709555,
      0.3948468501263476,
      0.35325586174396756,
      0.31795801342801844,
      0.28206833727816316,
      0.248800431921127,
      0.21830245148628316,
      0.19090733211091224,
      0.1662099079248753,
      0.1435973804047767,
      0.123944842434944,
      0.10701702890243936,
      0.0926097202174207,
      0.08096455922152133,
      0.07151943188398442,
      0.06481589094755498,
      0.06008148786235363,
      0.055653270159630064,
      0.05134143469498512,
      0.04790127619783929,
      0.0451233723854765,
      0.042478293814557665,
      0.040194503202083266,
      0.03842395951456212,
      0.03658539535517388,
      0.03500665740129796,
      0.03359239437478654,
      0.0323151133478956,
      0.031238766188951248,
      0.03013342856726748,
      0.02923889218017142,
      0.028271069100245516,
      0.027523340443347363,
      0.026781683098128502,
      0.025966637676700634,
      0.025319998861944422,
      0.024908339771184517,
      0.02406629317618431,
      0.023623775120111223,
      0.02309069780117654,
      0.022723987619293496,
      0.02237153742858704,
      0.021716862298706743,
      0.021372665766071768,
      0.020959822088479997,
      0.02059431475527743,
      0.02032204473272283,
      0.01999123849450274,
      0.01966242070527787,
      0.01934142770602348,
      0.019109868091788697,
      0.018788716212866156,
      0.018478691958366555,
      0.018290301459900876,
      0.0180697019746963,
      0.017787122377689847,
      0.01764254967900033,
      0.01734229697984584,
      0.017082254192296496,
      0.017048127521225746,
      0.016789158679386403,
      0.0165988231751513,
      0.01642583554729502,
      0.01621652033893352,
      0.0161466990221054,
      0.01594122367653441,
      0.015842416327684485,
      0.015538520429362643,
      0.015389385494462986,
      0.015402613326590112,
      0.015160042507217286,
      0.014922856484004791,
      0.01490720974162538,
      0.014638348074352488,
      0.01472897525638976,
      0.014518038666945822,
      0.014538251362899516,
      0.014273921820394535,
      0.014126861115243841
    ],
    "validation_loss": [
      0.045883454382419586,
      0.0744020864367485,
      0.07546152174472809,
      0.05925145372748375,
      0.04554683342576027,
      0.04495998099446297,
      0.04738515242934227,
      0.04354514926671982,
      0.03672116994857788,
      0.03318394720554352,
      0.032485105097293854,
      0.03156892582774162,
      0.029903965070843697,
      0.028628548607230186,
      0.028208889067173004,
      0.02817470394074917,
      0.027789806947112083,
      0.027480801567435265,
      0.027447247877717018,
      0.02740437164902687,
      0.027286533266305923,
      0.027289999648928642,
      0.02732747606933117,
      0.027249833568930626,
      0.02719287760555744,
      0.027222972363233566,
      0.02714254893362522,
      0.02709122747182846,
      0.02711486630141735,
      0.02706664428114891,
      0.027042364701628685,
      0.026957502588629723,
      0.02696308307349682,
      0.026899052783846855,
      0.02681419812142849,
      0.026716094464063644,
      0.02663961984217167,
      0.02656298503279686,
      0.026684002950787544,
      0.026608971878886223,
      0.0266460869461298,
      0.026530321687459946,
      0.026500357314944267,
      0.026569413021206856,
      0.02644841931760311,
      0.026420051231980324,
      0.02640805020928383,
      0.026398472487926483,
      0.026398934423923492,
      0.026310615241527557,
      0.02629207819700241,
      0.026370221748948097,
      0.02637205645442009,
      0.026459813117980957,
      0.02638373151421547,
      0.02636888436973095,
      0.026433415710926056,
      0.026446085423231125,
      0.02652578428387642,
      0.026470227167010307,
      0.02651362493634224,
      0.02670815773308277,
      0.026639673858880997,
      0.02666870504617691,
      0.026615701615810394,
      0.026708394289016724,
      0.026755420491099358,
      0.026721183210611343,
      0.02666746824979782,
      0.026621216908097267,
      0.026744171977043152,
      0.026864973828196526,
      0.026766596361994743,
      0.026848822832107544,
      0.02695300057530403,
      0.026726625859737396,
      0.026727035641670227,
      0.026696205139160156,
      0.026888547465205193,
      0.026876578107476234,
      0.02701275609433651
    ]
  }
}