actual_first_value,predicted_second_value
0.0759748199377184,0.2703609764575958
0.1375465678314196,0.23894330859184265
0.1945169363620732,0.21866938471794128
0.0,0.1846473217010498
