{
  "LSTM-based": {
    "training_loss": [
      0.20906662410935514,
      0.05739187413869751,
      0.04403844832800651,
      0.03843734428208365,
      0.035144285719546885,
      0.033163285116649996,
      0.03186968367043467,
      0.030673014632885146,
      0.03013517111083749,
      0.029475577726184827,
      0.02896829494643691,
      0.02860759997070096,
      0.028236117514088964,
      0.02811099279054555,
      0.027904839787158218,
      0.027855767565891375,
      0.027709666582962207,
      0.02769622641970262,
      0.027488688392231543,
      0.027440414487481586,
      0.02732800101192695,
      0.027398474367883563,
      0.027316208685710407,
      0.02720264623949087,
      0.027267767706903038,
      0.02715112300606784,
      0.027144039303852733,
      0.027145282631299356,
      0.0271973468796572,
      0.027105634676143495,
      0.027078090563813932,
      0.027019111773509828,
      0.027030291739455415,
      0.027061367533680755,
      0.027023843748989352,
      0.027011020374567842,
      0.027118638179427446,
      0.026990668662869755,
      0.026972596550292723,
      0.027020441456997193,
      0.02696712572855698,
      0.027009267539150807,
      0.02695749844552702,
      0.02696486357004949,
      0.02694470055358974,
      0.0269111177892594,
      0.02695564255297549
    ],
    "validation_loss": [
      0.013134259821755903,
      0.012706563830818538,
      0.012495858204010482,
      0.012454986575521998,
      0.012386157187157786,
      0.012374240537076356,
      0.012319060377906877,
      0.012381257368837828,
      0.012345528285429402,
      0.01239163006193467,
      0.012408579338237748,
      0.012410267539504733,
      0.012455047196155037,
      0.012428687914710987,
      0.012455749830191994,
      0.012461174422731766,
      0.012459037102550476,
      0.01246204655096456,
      0.012507949529176617,
      0.012491727798161182,
      0.012515135249448615,
      0.012513944680535502,
      0.012495718215807127,
      0.012514020817784162,
      0.012521185671220292,
      0.012514049760424174,
      0.012529304794889022,
      0.012521807596061404,
      0.012503449928823051,
      0.012523290362547745,
      0.012530281224737426,
      0.01251727399592112,
      0.012527768874632103,
      0.012514533074507554,
      0.01250462618923479,
      0.012508159086525023,
      0.01249774023434603,
      0.012504236189765738,
      0.012515212210559554,
      0.012501413819959738,
      0.012504265223584183,
      0.012488006242922137,
      0.012516522711676943,
      0.012488342785777954,
      0.012495855439350114,
      0.012493469114122274,
      0.012496760079207329
    ]
  }
}