{
  "LSTM-based": {
    "training_loss": [
      0.20327239826139085,
      0.05165332747901988,
      0.04127978541654447,
      0.03704925852869283,
      0.0346177106858447,
      0.03298715370351144,
      0.032097890329394856,
      0.03119661252088486,
      0.030642535265336304,
      0.030115520006350437,
      0.029807418888746023,
      0.02940177919924885,
      0.029210873099723512,
      0.02899613860531768,
      0.028816094261871966,
      0.02863078332674785,
      0.02856803286335026,
      0.028373297730873055,
      0.028375553757551984,
      0.028305367678273484,
      0.028213252079585926,
      0.02827354596173252,
      0.028134222187212655,
      0.02817632979041166,
      0.02804886676087545,
      0.028017072610830855,
      0.027917593478022286,
      0.02799065494038041,
      0.027764774268217652,
      0.027932097465582093,
      0.027842317990574104,
      0.027962018058603516,
      0.027819035829827907,
      0.027845640393823045,
      0.02777797305729967,
      0.027740281849304313,
      0.027689944566508605,
      0.027759040279716436,
      0.02759360317189706,
      0.027811314345175305,
      0.027739933294293813,
      0.027687525003496638,
      0.027708474172675236,
      0.027584658588558984,
      0.02762617882624699
    ],
    "validation_loss": [
      0.012683036518967027,
      0.012562226051451651,
      0.012479515101474065,
      0.01240720666319757,
      0.012361251358333583,
      0.012405703313179783,
      0.012369897861320239,
      0.012382405080630645,
      0.012429944812678374,
      0.01244389569920885,
      0.012460814046484607,
      0.012467751305524286,
      0.012478357487052054,
      0.012519014940655732,
      0.012488248718941546,
      0.01256085550607918,
      0.012522837283884312,
      0.012543600593152996,
      0.012528833796406959,
      0.012558713952613461,
      0.01256676533396219,
      0.012565496403697904,
      0.012552284713756372,
      0.012544681832611143,
      0.012576820335344418,
      0.012551202008930536,
      0.012570547819189676,
      0.012567747117287212,
      0.01256903616542166,
      0.012548540966337795,
      0.012583534630549538,
      0.012557462352764356,
      0.012535652328100238,
      0.012550096157807987,
      0.012539293623522862,
      0.012568578775320853,
      0.012545839818259637,
      0.012560734831421942,
      0.012552175508043566,
      0.012526744357928946,
      0.012548662494164664,
      0.012532045406947186,
      0.012535410464278885,
      0.012545662326412601,
      0.012531965469511656
    ]
  }
}