{
  "LSTM-based": {
    "training_loss": [
      0.20566673227127324,
      0.04507611232200389,
      0.037668814997573914,
      0.03443232370577182,
      0.03285425137280114,
      0.03159082932825683,
      0.030867288573859036,
      0.03025299270578234,
      0.029715348592667924,
      0.029340116658474216,
      0.02908616787560398,
      0.028851897369752307,
      0.02870010058405754,
      0.02861567067076132,
      0.0284592463510596,
      0.028365964058550235,
      0.02831420672311564,
      0.028278910871635903,
      0.02821959561099761,
      0.028122234902053223,
      0.0281147724808208,
      0.028029061613005283,
      0.0280664935064068,
      0.02807932781866656,
      0.028016358609892086,
      0.027908036966259944,
      0.02793675960333003,
      0.027895193611408218,
      0.027921799922879596,
      0.027876223360455272,
      0.027803927320881015,
      0.027792742276152582,
      0.027739040935065604,
      0.027725385379706483,
      0.027645138745691373,
      0.02771344482409615,
      0.02764116812179464,
      0.027683160064794956,
      0.027687835465929178,
      0.027574623673257602,
      0.027577363748584327,
      0.027449767354720923,
      0.02754955934992374,
      0.02748557651982005,
      0.027465044562776188
    ],
    "validation_loss": [
      0.012392684478651394,
      0.012371554032905952,
      0.012390007212810167,
      0.012377546461937311,
      0.012361471866863174,
      0.012398219283123117,
      0.01243401931637859,
      0.012478927000575549,
      0.01248883726270674,
      0.012497931464829228,
      0.012522845730914936,
      0.012541753441824779,
      0.012532613494179466,
      0.012494044769164566,
      0.012513342814949842,
      0.012516987640280407,
      0.01252638146776211,
      0.012497586575890337,
      0.012516157975146821,
      0.012494688847108738,
      0.012496759620058787,
      0.012509232250179027,
      0.012493975219557751,
      0.012486618669977138,
      0.012483452557475417,
      0.012489382548817804,
      0.012483050441043777,
      0.012483814301399084,
      0.012465191451454912,
      0.012475309821848687,
      0.012457136221073724,
      0.012488368826989945,
      0.012477491396134133,
      0.012466933395895925,
      0.012471207756210457,
      0.01247127916846242,
      0.01245449015779512,
      0.012456668117506937,
      0.012455017709700795,
      0.012450266492689823,
      0.012451315839234348,
      0.01245831441577081,
      0.012447144119785382,
      0.012462141637045603,
      0.012439624451986559
    ]
  }
}