{
  "LSTM-based": {
    "training_loss": [
      0.20245880424167353,
      0.04523943490536326,
      0.038790900057961354,
      0.036212390670373434,
      0.03458899017847461,
      0.0334046221878086,
      0.032472719364977344,
      0.03181708002570632,
      0.03128230601757921,
      0.030962507049642804,
      0.030530661553301034,
      0.030283833330337302,
      0.03001798277039035,
      0.029790555966949503,
      0.02969598717622185,
      0.02941925526350319,
      0.02936743380544273,
      0.029318814203404087,
      0.029195585193507203,
      0.029074547340972725,
      0.029039792318529923,
      0.028932994019546777,
      0.028864924872584394,
      0.02883075816710129,
      0.028767185748902177,
      0.028639218027845366,
      0.028666395305830417,
      0.02863262897119213,
      0.028554342618626386,
      0.028505859488781198,
      0.028455709780838778,
      0.028386751163731315,
      0.028355453517320592,
      0.02831438166821692,
      0.02831021272911708,
      0.028303361455412443,
      0.028195859423973933,
      0.028216816873115124,
      0.02814035528647712,
      0.02813882992363122,
      0.028131023453851923,
      0.028083755647773396,
      0.028028000304361252,
      0.02802425043269235,
      0.028097132870017333
    ],
    "validation_loss": [
      0.012423308331343213,
      0.012436493906647542,
      0.012361006268125595,
      0.012362888387865966,
      0.012337311502095905,
      0.012349830340143886,
      0.012396623349492479,
      0.01239361043778067,
      0.012433783131636901,
      0.012426750781748529,
      0.012445710870174726,
      0.012440227735428801,
      0.012453190202705706,
      0.012458245268323167,
      0.012459512419946453,
      0.01247726875192595,
      0.012468574808391818,
      0.012494223070006341,
      0.012474091642009398,
      0.012513854079300802,
      0.01248879546394177,
      0.012518992350679771,
      0.012504004494934596,
      0.012499635036049603,
      0.012484545204560101,
      0.012527725349413639,
      0.012485369175489855,
      0.012474343901575133,
      0.012499424762658501,
      0.0124839506064739,
      0.012515125437370532,
      0.012493479926785006,
      0.012472649207648588,
      0.012484982474372705,
      0.012472027800194333,
      0.012467225000666758,
      0.012472420107188346,
      0.012469313815301333,
      0.012474955951765624,
      0.012469742323178962,
      0.01245600635417445,
      0.012443908951824267,
      0.012474450059300337,
      0.012464427425087334,
      0.012470313023299553
    ]
  }
}