{
  "LSTM-based": {
    "training_loss": [
      0.20323212573420676,
      0.048860322535495083,
      0.040974791822048995,
      0.037506672642687554,
      0.035636269382146445,
      0.034209437168788534,
      0.0332162094063319,
      0.03237775494781218,
      0.031956787989209555,
      0.03138573274447352,
      0.030878040957526613,
      0.030586498912740546,
      0.03024141332926351,
      0.029933692546239763,
      0.029822516791346197,
      0.02961595314020237,
      0.029470748708017764,
      0.02935472585417585,
      0.02918891890642154,
      0.02907062870083829,
      0.02906915637208222,
      0.029015672826563237,
      0.028889845430648556,
      0.028878099378932997,
      0.028716491818539046,
      0.028732791445058862,
      0.028692558357177024,
      0.028654020353106945,
      0.028580203103872895,
      0.02857111658212075,
      0.02847708206163437,
      0.028483383772171557,
      0.028285370101396395,
      0.02836063847363674,
      0.02828590026799521,
      0.02826957724413832,
      0.028180854425232573,
      0.0281964675045844,
      0.028158683204120655,
      0.028093915194351355,
      0.02810616556336282,
      0.028008069381065582,
      0.0279277399089269,
      0.027942060701888607,
      0.02792909131022162
    ],
    "validation_loss": [
      0.012781929144808687,
      0.012454406921009674,
      0.012471035103298946,
      0.012411377216557174,
      0.01236982629251146,
      0.012413475450434952,
      0.012404350782442845,
      0.012386160633557733,
      0.012378932572183593,
      0.01240541574083621,
      0.01238149589811649,
      0.012391788067847439,
      0.012411265412179164,
      0.012409597627113977,
      0.01243021072340304,
      0.012421034088916098,
      0.012434800705120567,
      0.012439767128727587,
      0.012431331740565037,
      0.012444711595303958,
      0.012434399358915155,
      0.012422069326538965,
      0.012432164825733926,
      0.01241730579913915,
      0.012428854996641859,
      0.012434654565766166,
      0.012416301944314286,
      0.012421780629589136,
      0.012411445570088622,
      0.012420554276744976,
      0.012432992141922176,
      0.012403597032582802,
      0.012411949099180159,
      0.012409932598236773,
      0.01241404709655746,
      0.012416577897965908,
      0.012412954498597807,
      0.01241152873181211,
      0.012404339648978932,
      0.012404320869209888,
      0.012408810765555882,
      0.012406555309421962,
      0.012399311107297912,
      0.012409886806850989,
      0.01241007062807131
    ]
  }
}