{
  "LSTM-based": {
    "MSE": 0.047521,
    "MAE": 0.179062,
    "RMSE": 0.217992,
    "MAPE": 0.325643
  }
}