{
  "LSTM-based": {
    "MSE": 0.047513,
    "MAE": 0.179513,
    "RMSE": 0.217964,
    "MAPE": 0.326434
  }
}