{
  "LSTM-based": {
    "MSE": 0.048409,
    "MAE": 0.18105,
    "RMSE": 0.219996,
    "MAPE": 0.328461
  }
}