{
  "LSTM-based": {
    "MSE": 0.047361,
    "MAE": 0.17888,
    "RMSE": 0.217582,
    "MAPE": 0.325574
  }
}