{
  "LSTM-based": {
    "MSE": 0.052859,
    "MAE": 0.190445,
    "RMSE": 0.229909,
    "MAPE": 0.342975
  }
}