{
  "LSTM-based": {
    "MSE": 0.052847,
    "MAE": 0.190553,
    "RMSE": 0.229884,
    "MAPE": 0.343158
  }
}