{
  "LSTM-based": {
    "MSE": 0.053668,
    "MAE": 0.192276,
    "RMSE": 0.231664,
    "MAPE": 0.345956
  }
}