{
  "CNN-Attention-LSTM-based": {
    "MSE": 0.017891,
    "MAE": 0.107836,
    "RMSE": 0.13369,
    "MAPE": 0.233757
  }
}