{
  "GRU-based": {
    "MSE": 0.00737,
    "MAE": 0.06715,
    "RMSE": 0.085848,
    "MAPE": 0.380548
  }
}