{
  "GRU-based": {
    "MSE": 0.010853,
    "MAE": 0.081559,
    "RMSE": 0.104113,
    "MAPE": 0.526498
  }
}