{
  "GRU-based": {
    "MSE": 0.01006,
    "MAE": 0.07925,
    "RMSE": 0.100036,
    "MAPE": 0.484868
  }
}