{
  "GRU-based": {
    "MSE": 0.019867,
    "MAE": 0.115452,
    "RMSE": 0.140827,
    "MAPE": 0.762805
  }
}