{
  "GRU-based": {
    "MSE": 0.018138,
    "MAE": 0.109266,
    "RMSE": 0.134676,
    "MAPE": 0.730106
  }
}