{
  "GRU-based": {
    "MSE": 0.008552,
    "MAE": 0.072742,
    "RMSE": 0.09247,
    "MAPE": 0.440813
  }
}