{
  "GRU-based": {
    "MSE": 0.035278,
    "MAE": 0.157068,
    "RMSE": 0.180644,
    "MAPE": 0.87568
  }
}