{
  "GRU-based": {
    "MSE": 0.034629,
    "MAE": 0.157143,
    "RMSE": 0.180901,
    "MAPE": 0.905168
  }
}