{
  "GRU-based": {
    "MSE": 0.009071,
    "MAE": 0.074883,
    "RMSE": 0.09524,
    "MAPE": 0.455549
  }
}