{
  "GRU-based": {
    "MSE": 0.016202,
    "MAE": 0.098135,
    "RMSE": 0.119483,
    "MAPE": 0.504915
  }
}