{
  "GRU-based": {
    "MSE": 0.014808,
    "MAE": 0.097293,
    "RMSE": 0.121666,
    "MAPE": 0.648769
  }
}