{
  "CNN-Attention-BiLSTM-based": {
    "training_loss": [
      0.00721232616464505,
      0.006028702693875964,
      0.004809745449254234,
      0.003567311386163322,
      0.0029284058701097445,
      0.0022770813544383223,
      0.0018910712726661256,
      0.001534974420309899,
      0.00136008302812801,
      0.0013502511483524482,
      0.0011377894168436839,
      0.0010546934295179123,
      0.001137433927928798,
      0.001021525135059007,
      0.0008938556462266266,
      0.0009603094745160814,
      0.0009988404186296214,
      0.0008517879908205535,
      0.0008670793322888553,
      0.0011535708810386442
    ],
    "validation_loss": [
      0.0017910811843143569,
      0.0016372713984714614,
      0.0018079651571396324,
      0.0012149408770104249,
      0.0013361483450151151,
      0.0009885755393447147,
      0.0009626106798855795,
      0.0009598074248060584,
      0.0008716203608653612,
      0.0009633370080134935,
      0.0010867342870268556,
      0.0009297395202641686,
      0.0009758818454833494,
      0.0010336705017834902,
      0.0010185961533958714,
      0.0008985376528774699,
      0.0011512421899371678,
      0.0012453241118540366,
      0.0008110089563868112,
      0.0014282080293115643
    ]
  }
}