{
  "CNN-Attention-BiLSTM-based": {
    "training_loss": [
      0.010724639598752412,
      0.008578165604824751,
      0.006134391067103601,
      0.004736817625521774,
      0.003623935420223525,
      0.003142868614637516,
      0.002744094763790638,
      0.0024138902261538406,
      0.002205746917342636,
      0.0020147905107849922,
      0.0018916728145534723,
      0.0018248952216875385,
      0.0016480350250404486,
      0.0015312010409231757,
      0.0014282651835868896,
      0.001335752399926874,
      0.0012947020291442601,
      0.0012545898904315603,
      0.0012106757978318442,
      0.00118230846644917
    ],
    "validation_loss": [
      0.0025972964932451715,
      0.0027278980070894413,
      0.0016076199033043601,
      0.001795460281151158,
      0.0015005730092525482,
      0.0015234267143728016,
      0.001322817467674092,
      0.0010882955096609942,
      0.0010315611098821347,
      0.001160897822542624,
      0.0014410595624492718,
      0.0014733121684797994,
      0.001317469298943773,
      0.0018387206836597068,
      0.0018938255945702533,
      0.0014462152795566546,
      0.001391003045116688,
      0.0017395501083635784,
      0.0021959936337454336,
      0.002374555029860743
    ]
  }
}