{
  "CNN-Attention-BiLSTM-based": {
    "training_loss": [
      0.018770329441343034,
      0.007640344543116433,
      0.0032159431438360895,
      0.0017937818675168922,
      0.0013987249827810697,
      0.0013042427399860962,
      0.0012517323451382773,
      0.001215658030871834,
      0.0011859638350350517,
      0.0011634145929877247,
      0.0011428632108228547,
      0.001125987559290869,
      0.0011104800139686891,
      0.0010964643343218735,
      0.0010834888355540377,
      0.0010718523657747678,
      0.0010605371424130031,
      0.001050135606367673,
      0.001039835504655327,
      0.0010314613314611571
    ],
    "validation_loss": [
      0.004101132670192854,
      0.003782419131157246,
      0.0011470054164000438,
      0.0007896721825426352,
      0.0007447052733800935,
      0.0007297128954149307,
      0.0007234200808807468,
      0.0007244919605077581,
      0.000725881335266093,
      0.0007295965065136023,
      0.0007313302988913043,
      0.0007335588613406141,
      0.0007360343497695652,
      0.0007366168887374248,
      0.0007378398804060111,
      0.0007382939496995709,
      0.0007393938152396932,
      0.0007401562513823205,
      0.0007410594361259582,
      0.0007413831532846951
    ]
  }
}