{
  "CNN-Attention-BiLSTM-based": {
    "training_loss": [
      0.004941787034701958,
      0.004370685800802793,
      0.003958488807832595,
      0.0029501847440390277,
      0.002738727457660565,
      0.0023357083471558936,
      0.0021920107278249248,
      0.0020115167679760956,
      0.001960791768037158,
      0.001863483406549735,
      0.001730835520856672,
      0.0016602369011949293,
      0.0016777607538610054,
      0.0016038386124393922,
      0.0016009905945054061,
      0.001664864140556013,
      0.0015203640628740085,
      0.0014809138148272638,
      0.0014507790370810803,
      0.0014064610071426672
    ],
    "validation_loss": [
      0.003110721492938858,
      0.002052817788484285,
      0.001591015285510811,
      0.0008750215789182581,
      0.0011847689747810364,
      0.0009460117024697846,
      0.0009886493115759583,
      0.0008565976599351965,
      0.0009109761780328888,
      0.0010294762151918822,
      0.0010724627821565532,
      0.0007495140563026606,
      0.0008032390271588195,
      0.001269359516797306,
      0.0007496751282069323,
      0.0009982028453470134,
      0.0012588777559266674,
      0.0009344297481312169,
      0.0007148063172110551,
      0.000977855912751431
    ]
  }
}