{
  "GRU-based": {
    "MSE": 0.006141,
    "MAE": 0.059839,
    "RMSE": 0.078365,
    "MAPE": 0.289019
  }
}