{
  "GRU-based": {
    "MSE": 0.012247,
    "MAE": 0.087688,
    "RMSE": 0.110664,
    "MAPE": 0.525194
  }
}