{
  "GRU-based": {
    "MSE": 0.0122,
    "MAE": 0.087547,
    "RMSE": 0.110453,
    "MAPE": 0.523889
  }
}