{
  "GRU-based": {
    "MSE": 0.012232,
    "MAE": 0.087666,
    "RMSE": 0.110598,
    "MAPE": 0.523987
  }
}