{
  "GRU-based": {
    "MSE": 0.012245,
    "MAE": 0.087725,
    "RMSE": 0.110658,
    "MAPE": 0.524525
  }
}