{
  "GRU-based": {
    "MSE": 0.012234,
    "MAE": 0.087681,
    "RMSE": 0.110608,
    "MAPE": 0.523835
  }
}