{
  "GRU-based": {
    "MSE": 0.012231,
    "MAE": 0.087669,
    "RMSE": 0.110592,
    "MAPE": 0.523704
  }
}