{
  "CNN-BiLSTM-Attention-based": {
    "training_loss": [
      0.5624937776489125,
      0.5257283681776466,
      0.46383260486433314,
      0.4166435814277636,
      0.38587319082499383,
      0.34670122720638635,
      0.3113790668469273,
      0.2800495115722098,
      0.25390206282562494,
      0.2282367580755247,
      0.20645071015748412,
      0.1878036504630843,
      0.17219373853779835,
      0.15918702712665453,
      0.14970288921524008,
      0.14176116125716565,
      0.13502910715050814,
      0.12870825427334484,
      0.12326756618164142,
      0.11884083726057192,
      0.11371645596176905,
      0.11042837982912927,
      0.10650108585893485,
      0.10427137511013276,
      0.10024942647185475,
      0.09738618667636599,
      0.09465706473028203,
      0.0928104561380393,
      0.08939399206783713,
      0.08765948872740675,
      0.08546358427415741,
      0.08281783396151007,
      0.08119542307450796,
      0.07959186496011887,
      0.07779507993198023,
      0.07594441949594312,
      0.07363187230941726,
      0.07250286752961654,
      0.07020712846351418,
      0.06846971687851051,
      0.06677741437942725,
      0.06696706410588288,
      0.06458132736099306,
      0.06310107514833324
    ],
    "validation_loss": [
      0.09185225847694609,
      0.13818942341539595,
      0.09356264894207318,
      0.05383291302455796,
      0.05315180278072754,
      0.05400068064530691,
      0.03910320997238159,
      0.02379146000991265,
      0.019552129010359447,
      0.018760398702902928,
      0.017044852177302044,
      0.01644333576162656,
      0.016381118963989947,
      0.01602114240328471,
      0.01610563188377354,
      0.01627150767793258,
      0.016441023908555508,
      0.01686884317961004,
      0.01719082850548956,
      0.01753258498178588,
      0.01793425902724266,
      0.018379570502373908,
      0.018809531297948625,
      0.018834404026468594,
      0.018802359700202942,
      0.019615277647972107,
      0.021216337258617084,
      0.02060642217596372,
      0.022779352962970734,
      0.02316553725136651,
      0.02330655852953593,
      0.023646439322166972,
      0.02587037243776851,
      0.025832519970006414,
      0.028916970723205142,
      0.02897688208354844,
      0.028698401318656072,
      0.03160592768755224,
      0.032725280357731715,
      0.03265448287129402,
      0.033387016505002975,
      0.03449630613128344,
      0.03787034418847826,
      0.039593162635962166
    ]
  }
}