{
  "CNN-BiLSTM-Attention-based": {
    "training_loss": [
      0.5596750853778599,
      0.5352261299853558,
      0.47210637381026793,
      0.419221670894356,
      0.38586877463580843,
      0.3534374003643756,
      0.316690471205678,
      0.2846381822666088,
      0.2583555407249011,
      0.23456263761003535,
      0.21277781341459368,
      0.19212728092720457,
      0.1767641148575536,
      0.16409758171001515,
      0.1537612564080245,
      0.14543866256733876,
      0.13715243266595828,
      0.1313875257656291,
      0.12482330484406931,
      0.11988138115697808,
      0.1153083247217265,
      0.11085407175384202,
      0.10671573043703199,
      0.10331768433114032,
      0.09977928095764213,
      0.0964640212746767,
      0.09408252206924078,
      0.09108697586543077,
      0.0876336651040124,
      0.0854253696499171,
      0.08384336109136369,
      0.08163602572012614,
      0.0787591449655853,
      0.0772785651725489,
      0.07535698499296095,
      0.07356821255875634,
      0.07116293375725513,
      0.0700639064547482,
      0.06811019564633602,
      0.06622452270630357,
      0.0650650638748299,
      0.063270268584048,
      0.06215134221357065,
      0.06066508184779774,
      0.05930461088468979,
      0.05833492448905131,
      0.057133035695219374,
      0.05586507754934417,
      0.0540258277181562,
      0.05347370442289572,
      0.05266203361374515,
      0.05110201651191378,
      0.05082462204398809
    ],
    "validation_loss": [
      0.07176417133046521,
      0.14525184449222353,
      0.1285987620552381,
      0.07830337062478065,
      0.05903016154964765,
      0.06786176293260521,
      0.05971164794431792,
      0.038868611575000815,
      0.028871635544217296,
      0.028975273275540933,
      0.02950145795734392,
      0.02538380590784881,
      0.022161657301088173,
      0.02171833311311073,
      0.021238479659789138,
      0.019736790822611913,
      0.01893296025486456,
      0.02027342261539565,
      0.02058027529468139,
      0.018975136646380026,
      0.01908910207243429,
      0.018949134689238336,
      0.018391809840169217,
      0.01856456505548623,
      0.01908496136052741,
      0.019370866525504325,
      0.019464978534314368,
      0.020008076292773087,
      0.01994259086334043,
      0.02088002974374427,
      0.022109018328289192,
      0.02251247399383121,
      0.02354594051010079,
      0.023466815344161458,
      0.02708881027582619,
      0.026557286373443074,
      0.02446288460244735,
      0.025866741314530373,
      0.02899174185262786,
      0.02725011958844132,
      0.025981966613067523,
      0.03487355696658293,
      0.03348292844990889,
      0.033679561068614326,
      0.04056383493459887,
      0.031060044032831986,
      0.04104115482833651,
      0.037423895154562264,
      0.0435335072171357,
      0.03893645857978198,
      0.03864933322701189,
      0.04326916537764999,
      0.04801729963057571
    ]
  }
}