{
  "CNN-BiLSTM-Attention-based": {
    "training_loss": [
      0.5662906466868886,
      0.5403633784829525,
      0.4724436679430175,
      0.42304541175825555,
      0.38518627766977276,
      0.35652755509343065,
      0.31952256110676547,
      0.2884878970029061,
      0.26006078845576236,
      0.23803951724579459,
      0.21531528166511602,
      0.19597931321252857,
      0.17866326706451283,
      0.16604997557506226,
      0.1561910789263876,
      0.1462273206104312,
      0.13853291581597243,
      0.13184653431699986,
      0.12560300793041262,
      0.1197540119028928,
      0.11443322141442383,
      0.11060075006986919,
      0.10578030930799351,
      0.10264006934145041,
      0.09919644939272028,
      0.09615503790085776,
      0.09278824773796818,
      0.08958565090831958,
      0.08756353491753863,
      0.08480094781047419,
      0.0825628833551156,
      0.08069044069239968,
      0.07880372595891617,
      0.07609437285808095,
      0.07414905630182801,
      0.0725610760481734,
      0.07109303594681254,
      0.0687330422694223,
      0.06717630304526864,
      0.0656521869071743,
      0.06359086620964502,
      0.062105637592704675,
      0.06069202398260434,
      0.05877590778104046,
      0.057497576454229524,
      0.055545965372993236,
      0.054597800813223185,
      0.05278447445547372,
      0.05113339933909868,
      0.050154822411244374,
      0.04918726802917949
    ],
    "validation_loss": [
      0.07349416448010339,
      0.14801057676474252,
      0.1425741505291727,
      0.09518786975079113,
      0.06361293916900952,
      0.06734422408044338,
      0.065206420297424,
      0.047777145376635924,
      0.033398653691013656,
      0.031801324906862445,
      0.03346010695935951,
      0.031730505689564675,
      0.028222161966065567,
      0.026706557720899582,
      0.027751621324568987,
      0.027300724914918344,
      0.026799060145599976,
      0.02755553202910556,
      0.027591658393955894,
      0.02673967948390378,
      0.025384096170051232,
      0.026375025769488677,
      0.02615229066254364,
      0.028049164399918582,
      0.027954286016109917,
      0.027071705967601802,
      0.027210847319414217,
      0.02795866669880019,
      0.030398909830384784,
      0.028445201977673504,
      0.02752957260236144,
      0.029813795298751857,
      0.028681070026424196,
      0.027130906314899523,
      0.02754562223951022,
      0.028223430530892477,
      0.031281501054763794,
      0.028434180240664218,
      0.02929545535395543,
      0.030606747811867133,
      0.029566992798613176,
      0.03103352803736925,
      0.03193380021386676,
      0.02828817969808976,
      0.03048362282829152,
      0.028881603644953832,
      0.02558074363817771,
      0.02556575338045756,
      0.027101306658652093,
      0.028797845252686076,
      0.04452079265481896
    ]
  }
}