{
  "CNN-BiLSTM-Attention-based": {
    "training_loss": [
      0.6117585897445679,
      0.5402207282227529,
      0.4496572475198289,
      0.41806344541025836,
      0.3704438541136997,
      0.33355935484590665,
      0.3019792059777488,
      0.2703813675423743,
      0.24243756478101436,
      0.21853685504953627,
      0.19689402886679475,
      0.17875581350125058,
      0.16286853123718584,
      0.15115429167176636,
      0.1415743070169234,
      0.13307811917973236,
      0.12658873756586667,
      0.12026194965755435,
      0.11472480471285296,
      0.1095505166851299,
      0.1056436430400526,
      0.10129464743003039,
      0.09772377282800809,
      0.09500185284816043,
      0.09221006027409728,
      0.08884150650299771,
      0.08651247347744417,
      0.08400985776958331,
      0.08171011287141854,
      0.07959029067989806,
      0.07764061571846545,
      0.07559137613001005,
      0.07296130166087351,
      0.07191793620586395,
      0.07038832162047776,
      0.06856358429075966,
      0.06665361929737346,
      0.06557535401112596,
      0.0640061652471482,
      0.06268820602079513,
      0.061329042093015054,
      0.06024424018154682,
      0.058664839347483407,
      0.05734868001350215,
      0.05599010305505403,
      0.054903297776907264,
      0.054100698043762795,
      0.05290658997607903,
      0.0517108586787338,
      0.05105219456091733
    ],
    "validation_loss": [
      0.1688492844502131,
      0.15895873722102907,
      0.10830749074618022,
      0.1017494255469905,
      0.08836285521586736,
      0.06741922990315491,
      0.05806182324886322,
      0.04990994971659449,
      0.040143935216797724,
      0.035188196796096034,
      0.03322954636274113,
      0.030435100197792053,
      0.0267413642981814,
      0.02596593927592039,
      0.026920428240878716,
      0.026418964895937178,
      0.0273796779414018,
      0.027928643652962312,
      0.025663833030396037,
      0.024723519881566364,
      0.024953720159828663,
      0.024850659175879426,
      0.025042814668267965,
      0.025535153069843847,
      0.02642304113962584,
      0.026165910479095247,
      0.027372833910501666,
      0.02610292166678442,
      0.025710750319477584,
      0.026508871621141832,
      0.02761979608072175,
      0.027645802539255884,
      0.027472991806765396,
      0.027601414877507422,
      0.027271184449394543,
      0.0300432780964507,
      0.02907069255080488,
      0.02842798001236386,
      0.030791177310877375,
      0.03170229256567028,
      0.029862553709083133,
      0.03207626400722398,
      0.03741147069053517,
      0.03165879845619202,
      0.03262087506138616,
      0.03760531451553106,
      0.03766768591271506,
      0.04104915364748902,
      0.03477592424799999,
      0.046254146844148636
    ]
  }
}