{
  "CNN-BiLSTM-Attention-based": {
    "training_loss": [
      0.6338840546742291,
      0.5643657194056981,
      0.48342104025290045,
      0.4230126830893503,
      0.3631164490337103,
      0.3227923012955088,
      0.28828890474749286,
      0.25522241458086903,
      0.22656243850647564,
      0.2020511851764061,
      0.1730313242321283,
      0.14415858748932958,
      0.12875915801441165,
      0.11836919146524348,
      0.11037478270665022,
      0.10409823185961012,
      0.09842469008036063,
      0.09327171910816515,
      0.08930954809339953,
      0.08571382024338547,
      0.08289807856502668,
      0.07976676345291273,
      0.07764424918822839,
      0.07538590727137848,
      0.07300238783510637,
      0.07109250175491186,
      0.06900475468014328,
      0.06740838200063773,
      0.06525672332081996,
      0.06406811425383661,
      0.06277100206680701,
      0.06102628077209835,
      0.05953738460658302,
      0.05816783189353809,
      0.05738791875856023,
      0.055608864296490035,
      0.05508279852883916,
      0.053489308961680235,
      0.05261922061023578,
      0.05203391191825061,
      0.05047064893682238,
      0.049688442859431387,
      0.0481991707019403,
      0.04809646360890966,
      0.047003821168147344,
      0.046406970687315495,
      0.04526847621924441,
      0.04422182804891761,
      0.04383027196769983
    ],
    "validation_loss": [
      0.24029812111820972,
      0.22052504951265497,
      0.18128223696225126,
      0.15284371963689025,
      0.12338374507888941,
      0.11064983117328563,
      0.10461128109567602,
      0.0928779275904239,
      0.08574416813716082,
      0.07655149504122599,
      0.05158968280318757,
      0.028440561152102663,
      0.026961237382353613,
      0.029336865119058902,
      0.027528150840072145,
      0.027949895519553354,
      0.02665670210180778,
      0.024662904926693777,
      0.02452222102413505,
      0.026912378698167667,
      0.026795287728047287,
      0.02653122042686167,
      0.027084206093207632,
      0.02768401225740221,
      0.02842606392256181,
      0.027901073655402158,
      0.02784259937388796,
      0.029519697198722984,
      0.0296513997543026,
      0.0311651127937604,
      0.031238642685167805,
      0.03016810780915786,
      0.032481238849356144,
      0.03501499555742656,
      0.03469791740152828,
      0.03418668509054352,
      0.0381661063571736,
      0.03873565779264334,
      0.038583933592209935,
      0.037756424508726516,
      0.035828074538739214,
      0.03856400728330646,
      0.04092534925316421,
      0.044004070290534845,
      0.040475302061039796,
      0.04353887572045058,
      0.04378547274809278,
      0.04614783880550047,
      0.051946880217169374
    ]
  }
}