{
  "CNN-BiLSTM-Attention-based": {
    "training_loss": [
      0.6157775243263783,
      0.5449153275456108,
      0.46727942788558796,
      0.42911766611645163,
      0.3857277129437814,
      0.34785267436883477,
      0.31669629820665285,
      0.2848623865695387,
      0.2564945288344744,
      0.22783444721791432,
      0.19690625264240239,
      0.1741772465170904,
      0.15884352125253778,
      0.1468191342724507,
      0.13622006921380653,
      0.1289387742327296,
      0.12117501414074915,
      0.11506403398176807,
      0.11054236483974086,
      0.10562010125220875,
      0.10132588140745466,
      0.09714512895568941,
      0.09433773252125764,
      0.0906884011815799,
      0.0881079856319478,
      0.08533994600756008,
      0.08252790185882851,
      0.08076413207466948,
      0.07796823249162296,
      0.07624972817017417,
      0.07394169157785578,
      0.07193791408210255,
      0.07046460980292765,
      0.06856141561912142,
      0.06692048168803694,
      0.06530902131918041,
      0.06349143156841029,
      0.06220956371814118,
      0.06079151581433131,
      0.05900350347319256,
      0.0582248670684154,
      0.05649951022684364,
      0.05566596076576954,
      0.0540540793469643,
      0.05355774050466584,
      0.05202770230521583,
      0.05097975950464343,
      0.049646750289959955
    ],
    "validation_loss": [
      0.1884378739435908,
      0.18748974327889967,
      0.1546011443289233,
      0.14291467328726407,
      0.13085856419843686,
      0.10840355557665018,
      0.09931817692770085,
      0.09365283766053092,
      0.08393709550441152,
      0.059689860869671256,
      0.03589076697039352,
      0.029382772724026104,
      0.031271993615467786,
      0.03027838279007816,
      0.027541325689936186,
      0.02762353978395252,
      0.028012600091194183,
      0.026733865882729142,
      0.027551517572621226,
      0.027326230727083668,
      0.027681134805135742,
      0.02757135115590104,
      0.029072216502062872,
      0.029059152735370984,
      0.02941028596046315,
      0.028920223680652783,
      0.028415755631113555,
      0.030186830167199523,
      0.03228478537688793,
      0.032662980822505246,
      0.03347787506301218,
      0.03477968837619877,
      0.03604026144029389,
      0.03500042266120583,
      0.033494293729079444,
      0.032847897464435706,
      0.0342651363658968,
      0.03804710604460307,
      0.03737987961593858,
      0.03310166949301328,
      0.03762728527424411,
      0.038484065183503946,
      0.03858608008086891,
      0.03850169143390278,
      0.04328149926363373,
      0.049111235434268145,
      0.05051634551852312,
      0.05155869225092547
    ]
  }
}