{
  "CNN-BiLSTM-Attention-based": {
    "training_loss": [
      0.5853375310593463,
      0.5230017989239795,
      0.4584800529141798,
      0.4151937686805184,
      0.37713540657192257,
      0.34218103264240507,
      0.30746787406028586,
      0.2762138900604654,
      0.24889177813174876,
      0.2242591656903003,
      0.20153664084191017,
      0.18288602579569985,
      0.1670292947731965,
      0.1539813461878621,
      0.14364619352293354,
      0.13580428011028478,
      0.12808891813805762,
      0.12118893824781932,
      0.11592706345708657,
      0.11057406415541966,
      0.10595286183112057,
      0.10215181318369318,
      0.0983826495865558,
      0.09488149452294019,
      0.09158826281204291,
      0.08872497980053543,
      0.0862241562799359,
      0.08346953058073707,
      0.08148561988739257,
      0.07918537867830154,
      0.07676278857897359,
      0.0750099982247285,
      0.07360281774126892,
      0.07112848880231804,
      0.06987009831565491,
      0.06766052586389772,
      0.06645007494916307,
      0.06466514437545276,
      0.06345718316998042,
      0.06165868197138428,
      0.06071847236008509,
      0.059212172469982866,
      0.058436196244566155,
      0.056524509075262866,
      0.05555259489209939,
      0.05420832209130551,
      0.05355599152703657,
      0.05201783982363153,
      0.051613519536265244,
      0.04965194837844118,
      0.049081548678536785,
      0.048115049059509384,
      0.04729571732434821,
      0.04643870985254328,
      0.045789898736468444,
      0.04441086128882483,
      0.044150944534979815,
      0.04320547560639415,
      0.04250703300250337,
      0.04158867494011602,
      0.041094519514986806,
      0.040461344155648074,
      0.03950508097384838,
      0.03955889662318196,
      0.03885153202828786,
      0.03794932360133381,
      0.03849812031637692,
      0.03747180748915841,
      0.03753532112595883,
      0.03628992130781742,
      0.036063723847375696,
      0.03583414593698285,
      0.03641240510112005,
      0.03630422792853193,
      0.035950022412741436,
      0.03474695726912072
    ],
    "validation_loss": [
      0.129316588837496,
      0.14079627478626414,
      0.12661247611255713,
      0.09846693056989723,
      0.08513356262529401,
      0.07892081655666862,
      0.06601522170322043,
      0.053157163311687995,
      0.046898835469824325,
      0.043279015432885835,
      0.03861091508936714,
      0.03542681370245319,
      0.03508058010639859,
      0.033828464428513824,
      0.03270858746599144,
      0.03337234387200483,
      0.03414464373351403,
      0.033230489487169494,
      0.03211356828015455,
      0.03195795790672722,
      0.03247898041834714,
      0.033036564516139705,
      0.0325067469876417,
      0.03166761760875373,
      0.032081222056712905,
      0.03285420158694328,
      0.032598992980177134,
      0.03274272925312251,
      0.03274572517355563,
      0.03184307618460185,
      0.032071415780925414,
      0.033113634305625736,
      0.03295409156035789,
      0.031005447756656458,
      0.03166940126200797,
      0.03249377715991626,
      0.03149546552318293,
      0.0308150442605707,
      0.032305073616108,
      0.03172770354398329,
      0.03144746132745919,
      0.029858189746475135,
      0.031087121244152666,
      0.03544045911288597,
      0.03332574770484172,
      0.029390810687147394,
      0.033856969628430586,
      0.02996866475843208,
      0.03387512240401456,
      0.03960130258765019,
      0.032988011837005615,
      0.03630751392371218,
      0.04694774320585207,
      0.044721898924506884,
      0.04902920806386941,
      0.05082348698723904,
      0.07001238978717109,
      0.0622368120575245,
      0.07580735374399473,
      0.05776427519625761,
      0.0568991136330534,
      0.08283018685457572,
      0.05921893391076108,
      0.11009910414126557,
      0.07812378917571525,
      0.08971723171711808,
      0.046111405545084826,
      0.061179128882121035,
      0.08021550452415373,
      0.05911554024935189,
      0.035384424988337805,
      0.03997161643395961,
      0.07097275388545134,
      0.08402479395375285,
      0.0632119779278275,
      0.06501316481178075
    ]
  }
}