{
  "GRU-based": {
    "training_loss": [
      0.011062131946832598,
      0.007928591073872235,
      0.005414333007409184,
      0.0035073433547293037,
      0.002225162384268471
    ],
    "validation_loss": [
      0.00015833422797404125,
      0.00015341765640801948,
      0.00014569139613074736,
      0.0001381971499502239,
      0.00013158473999462498
    ]
  }
}