{
  "GRU-based": {
    "training_loss": [
      0.02849391826148172,
      0.0156870380714733,
      0.007215641919007264,
      0.0025870864265594247,
      0.0008939105247961981
    ],
    "validation_loss": [
      0.0014737968687230432,
      0.0014737968687230432,
      0.0014427464822648276,
      0.00033137335730585416,
      0.0001830464019112184
    ]
  }
}