{
  "GRU-based": {
    "training_loss": [
      0.011526739534135421,
      0.00818106497871581,
      0.005525143613031812,
      0.0034900781280581606,
      0.001831157363345682
    ],
    "validation_loss": [
      0.0006962091441499892,
      0.0006950096006738845,
      0.0006911887889300134,
      0.0004907462996012751,
      0.00017345056609109096
    ]
  }
}