{
  "GRU-based": {
    "training_loss": [
      0.014075807317168312,
      0.003641759993228237,
      0.002236840577252143,
      0.001638429803130901,
      0.001329438698239031
    ],
    "validation_loss": [
      0.0008613785379977613,
      0.00045312530041899363,
      0.0003882182084102934,
      0.0003557276118928468,
      0.0003272514336153391
    ]
  }
}