{
  "GRU-based": {
    "training_loss": [
      0.010635068265604064,
      0.001512739513699622,
      0.0011087647937007242,
      0.0010147685460594506,
      0.0009601676557790505
    ],
    "validation_loss": [
      0.002073704222276438,
      0.0002838636192331887,
      0.00029570961950261263,
      0.00029487670284067364,
      0.00029626710162672474
    ]
  }
}