{
  "GRU-based": {
    "training_loss": [
      0.01165807194320868,
      0.008304580596955956,
      0.005728814460284321,
      0.003497266547476992,
      0.002047670212514857
    ],
    "validation_loss": [
      0.000615586612558534,
      0.000599737490481096,
      0.0005895288344076339,
      0.00016608387595108638,
      0.00015061979796341125
    ]
  }
}