{
  "GRU-based": {
    "training_loss": [
      0.01715236293486126,
      0.007401237770465086,
      0.005536951243771541,
      0.004440106861756496,
      0.0034949465209806792
    ],
    "validation_loss": [
      0.0011271018772683245,
      0.0009358705331881841,
      0.0008712829295413714,
      0.0008306781239543401,
      0.0006166944174584767
    ]
  }
}