{
  "GRU-based": {
    "training_loss": [
      0.01688932471003821,
      0.007173895252556988,
      0.005096401714345314,
      0.003868321971006665,
      0.002986062066198668
    ],
    "validation_loss": [
      0.0013255735211972648,
      0.0009586457295197967,
      0.0009303961530433479,
      0.0006618505172061582,
      0.0005972613415396805
    ]
  }
}