{
  "GRU-based": {
    "training_loss": [
      0.011996599979567946,
      0.008425594526424742,
      0.005635172860664234,
      0.003622257820608323,
      0.0023738341242597813
    ],
    "validation_loss": [
      0.0014659554104913366,
      0.0014659554104913366,
      0.0014659554104913366,
      0.0014659554104913366,
      0.0014659554104913366
    ]
  }
}