{
  "GRU-based": {
    "training_loss": [
      0.01118127351481209,
      0.007831846730974916,
      0.005287524924349429,
      0.0033623286775583965,
      0.0020645432128416435
    ],
    "validation_loss": [
      0.00016804026733887822,
      0.000168194915903242,
      0.00015970089783271153,
      0.00015757349728230845,
      0.0001558309633350163
    ]
  }
}