{
  "GRU-based": {
    "training_loss": [
      0.011424102642710206,
      0.00797867481396087,
      0.005381510775657526,
      0.003422947585740001,
      0.0021015896921422047
    ],
    "validation_loss": [
      0.00044420664770561353,
      0.0004304411379914535,
      0.00042581492871568915,
      0.0004253148771168893,
      0.00028654362418149647
    ]
  }
}