{
  "GRU-based": {
    "training_loss": [
      0.00658988700786107,
      0.001662754866911072,
      0.0008576115934361874,
      0.000729431926180989,
      0.0006656326143674447
    ],
    "validation_loss": [
      0.0009937558559254861,
      0.0005031343890537679,
      0.000329048425273996,
      0.00027046858621630033,
      0.0002452009045978037
    ]
  }
}