{
  "CNN-Attention-GRU-based": {
    "training_loss": [
      0.9157905773177666,
      0.8372772508952284,
      0.7709496499960904,
      0.7118110428202338,
      0.653317703793086,
      0.6006591536220491,
      0.5510774168325829,
      0.5053363477936681,
      0.46457165479660034,
      0.4307410229055375,
      0.4029780734388322,
      0.36878243181371934,
      0.343092013517192,
      0.31922247063928316,
      0.30137440901963825,
      0.28618289151957615,
      0.2731829640778853,
      0.26073667607776857,
      0.2500352766075283,
      0.239812861838489,
      0.23009938349069092,
      0.22283460130345636,
      0.2142590319863255,
      0.20620403018022448,
      0.19862357476832335,
      0.19088129544814017,
      0.1853090919206797,
      0.17964850203978583,
      0.1746237838515346,
      0.1701728557984446,
      0.16374826686061109,
      0.1588196510478005,
      0.1528867398982221,
      0.14771726403211682,
      0.14706985675609174,
      0.14289321391384835,
      0.14527463696781218,
      0.14585992825154814,
      0.14251277275344867,
      0.14125830344276724,
      0.1353186282469201,
      0.13494835689741094,
      0.1262505814587514,
      0.1207825936801693,
      0.11829189894421731,
      0.11477808955419866,
      0.11236218594670913,
      0.11038513408269289,
      0.10715849076064757,
      0.10595879661295698,
      0.10406038639922216,
      0.1032382330128566,
      0.10271042998436201,
      0.09922611130488351,
      0.09579383103186602,
      0.09266608772036942,
      0.08973111899405563,
      0.08817271135477205,
      0.08771210627080245,
      0.08628506483654902,
      0.08491461457674986,
      0.0855280872762512,
      0.08311519447540372,
      0.08156211909698081,
      0.08019030406839489,
      0.07896528203870348,
      0.0786718670568318,
      0.07761538449501126,
      0.07680222839889131,
      0.07485799151689895,
      0.07380281176437369,
      0.0728620605765229,
      0.07117114783568704,
      0.07057978490782525,
      0.0692230888444525,
      0.07030622958364882,
      0.07474973620219552,
      0.07327767658418942,
      0.0740358472410879,
      0.07089409073863005,
      0.06935303191138055,
      0.07618975546693554
    ],
    "validation_loss": [
      0.17433595246282116,
      0.11777758860382541,
      0.08222883215238308,
      0.06965578835586021,
      0.03491424720348983,
      0.029884947386795077,
      0.020334631166067617,
      0.020026481113043323,
      0.017856295894959878,
      0.02423986272308333,
      0.02013039373118302,
      0.017007456617108705,
      0.01750888356874729,
      0.01619241606315662,
      0.0156141293395696,
      0.01453242719430348,
      0.014845771072753545,
      0.014861534523039028,
      0.015137968430745191,
      0.014832291129077304,
      0.014521098336012199,
      0.015862519473865116,
      0.016269540478443277,
      0.014899224569571429,
      0.014238401457410434,
      0.014810116383536109,
      0.016148610451611978,
      0.01783721696200042,
      0.016653636264903793,
      0.01620325137186667,
      0.01624592615227247,
      0.013047991281953351,
      0.013604742885920508,
      0.018353463208367084,
      0.016368194566718463,
      0.016763507985863194,
      0.022432531287957882,
      0.018127790061307363,
      0.018315798635112828,
      0.021310476444918534,
      0.025468223773199936,
      0.015881161526616276,
      0.017422547088614824,
      0.016840188757612787,
      0.01597174993748295,
      0.021722013798767124,
      0.016633137855036506,
      0.01601304097807613,
      0.01878265502123997,
      0.016035472068550258,
      0.015406843602400402,
      0.022665529543983525,
      0.01680390486686394,
      0.015912271477282046,
      0.014979276966688961,
      0.014793801975661311,
      0.014948824863752415,
      0.017724340845798624,
      0.015244983457799616,
      0.01716187994541793,
      0.01897352588330877,
      0.01792694814503193,
      0.0170998877363986,
      0.016788419804953297,
      0.015532763154599174,
      0.021098516560320198,
      0.016934475713762744,
      0.018522263677983448,
      0.015522461846984666,
      0.01656224937659913,
      0.015752557543074263,
      0.01496130641678284,
      0.016672257757906254,
      0.014704454728755458,
      0.018162745539227438,
      0.03180750987396158,
      0.020726021289311607,
      0.01953308649104217,
      0.015862656885693813,
      0.015478951477542005,
      0.020839932689379,
      0.019610007210024472
    ]
  }
}