{
  "CNN-Attention-GRU-based": {
    "training_loss": [
      0.9146942428239077,
      0.8337562878239113,
      0.7588039298371048,
      0.6995507383841544,
      0.6400623925829428,
      0.5824935384687668,
      0.5305690745787637,
      0.4824150139691508,
      0.44128696831864883,
      0.4030442142981559,
      0.36935220437066363,
      0.3387006404696864,
      0.31268249941944665,
      0.290674897626197,
      0.2731588872658753,
      0.25848895935245036,
      0.24541562816263482,
      0.23406436271114744,
      0.22356937567874222,
      0.2137140657456276,
      0.20603838635150948,
      0.19754279144495004,
      0.1897123837553506,
      0.1840208408948047,
      0.17733249754022976,
      0.17162328257280238,
      0.16571768236614015,
      0.16187485155349784,
      0.15779068400909332,
      0.15862804011902595,
      0.1550288684021643,
      0.14973788494469797,
      0.1435528108817896,
      0.139039826743743,
      0.13393098404663245,
      0.129421088161353,
      0.12489439946660534,
      0.12093595446290442,
      0.11887572873319309,
      0.11481337195139855,
      0.11262566952041277,
      0.11162251099995676,
      0.11004237441352495,
      0.10637117063813556,
      0.10426697310279398,
      0.10847535997526044,
      0.10464891881575634,
      0.1015472161264568,
      0.09852621956989427,
      0.09505539823155915,
      0.09219357672962764,
      0.09032212922214224,
      0.08933641024217473,
      0.08850073858219035,
      0.08553524985651656,
      0.08354463500444452,
      0.08269652587629107,
      0.08376139758161195,
      0.0839953091266246,
      0.08751780382489663,
      0.0871516343940913,
      0.08909814678467681,
      0.08764411124906737,
      0.08797918350329449,
      0.08390459794692927,
      0.0817441412064031,
      0.08000555183338871,
      0.07648210188818638
    ],
    "validation_loss": [
      0.13209153326420947,
      0.11767513978070226,
      0.06676502893197125,
      0.060843597969104504,
      0.03744226843118668,
      0.025944313111490216,
      0.020090485197202912,
      0.01756213150661567,
      0.018678835901463853,
      0.017513891746257913,
      0.018148235886775214,
      0.016174523487430193,
      0.015658354515145564,
      0.015444707163962824,
      0.015151231517565662,
      0.015849462588285578,
      0.016303474449648938,
      0.015127583689473827,
      0.016252204448241613,
      0.017041518879604752,
      0.01623838048042922,
      0.01595207190719144,
      0.018009217834935105,
      0.01614241878791102,
      0.01954941310245415,
      0.017618054613984864,
      0.01834722122755544,
      0.017442383707083505,
      0.023257199854686342,
      0.028037434405293958,
      0.018371754447961675,
      0.016189937768825168,
      0.016267442484867983,
      0.0156907191178922,
      0.018360402923205805,
      0.015426585187428983,
      0.015849485620856286,
      0.019021170252356036,
      0.015797630414880554,
      0.021555551591104474,
      0.015688994950775442,
      0.016681320194540352,
      0.0161738072040266,
      0.015754023136506822,
      0.02911931538376315,
      0.017163435812911083,
      0.017304572238233583,
      0.01813956190157553,
      0.0167232862962731,
      0.015734847378114175,
      0.017706663720309733,
      0.01762055836874863,
      0.016055892195937962,
      0.018181738944659975,
      0.01789223255011542,
      0.01645103056497615,
      0.016761130968044543,
      0.018266253963369748,
      0.020247096163702422,
      0.01802938488665326,
      0.020953871039994833,
      0.01928791697939922,
      0.023450519427143296,
      0.016526166908442975,
      0.018118401109401522,
      0.017360825798120993,
      0.016387061350818338,
      0.02067825180189363
    ]
  }
}