{
  "CNN-Attention-GRU-based": {
    "training_loss": [
      0.9288437456357417,
      0.8357890563366525,
      0.761860830118586,
      0.6982337376893702,
      0.6406118151839932,
      0.5840263014442999,
      0.5330890375778622,
      0.48539694715000725,
      0.4424992420127941,
      0.4034162903885701,
      0.368141942358926,
      0.33708416010726056,
      0.31028348930580363,
      0.2879989557291028,
      0.2716160259585653,
      0.2586186492050541,
      0.24876863074261352,
      0.2364654889398059,
      0.2254033586078128,
      0.21475884798701136,
      0.20580856538211453,
      0.19954423149289044,
      0.19104801123538917,
      0.18313911567527666,
      0.1755789226531156,
      0.16856415655005536,
      0.1620760768187108,
      0.15597505361306604,
      0.15061994377310603,
      0.14561211001418492,
      0.14188123976027325,
      0.13876142325702945,
      0.139503140021858,
      0.14157787042845887,
      0.1450257984666312,
      0.13924069811091266,
      0.1362707360778359,
      0.13189689621355133,
      0.1299005614616222,
      0.12315963229335573,
      0.11797833821027696,
      0.11345047634127235,
      0.10940396105241114,
      0.10588967532849188,
      0.10268488776849088,
      0.10011825390302123,
      0.0990233994904176,
      0.09759152897567434,
      0.09798774936686769,
      0.09535980373104483,
      0.09267882323554319,
      0.08993863509370714,
      0.08754917868191903,
      0.08629911777723187,
      0.0849058939534622,
      0.08373328290582736,
      0.08189996334512684,
      0.08152891368810185,
      0.0812292932121138,
      0.08009185906712682,
      0.07872472771893754,
      0.0795976623660357,
      0.07813466594681996,
      0.07759348948710507,
      0.07647296730784031,
      0.0749984670243189,
      0.07436950058003232,
      0.07281420369546997,
      0.07251506622887154,
      0.07087463521409902,
      0.06973974231753234,
      0.06788866356841614,
      0.06609833552348758,
      0.06450220303968292
    ],
    "validation_loss": [
      0.1746160007756332,
      0.1540795926390023,
      0.09433261582563664,
      0.07516627414473172,
      0.05406087421137711,
      0.027738662654983585,
      0.026875728240300868,
      0.021903286013623763,
      0.021177599232258468,
      0.019489238950712928,
      0.01809501292119766,
      0.017445813723165414,
      0.017816060967743397,
      0.020468177762011004,
      0.01692541709876266,
      0.02290080386246073,
      0.017244611430014004,
      0.019858537948337095,
      0.016366492976145498,
      0.016253439195711036,
      0.0208043261848647,
      0.016231782291212988,
      0.02077578853430419,
      0.01614237360913178,
      0.019796397999442855,
      0.01719140216451267,
      0.017319270165572907,
      0.01739851931302712,
      0.017429669047224112,
      0.018468975500556928,
      0.020659820729031646,
      0.022067276015877723,
      0.017903274374789203,
      0.031843188790411786,
      0.024072451131611036,
      0.020747477105208512,
      0.01885786559432745,
      0.029145395807151135,
      0.019025874401217904,
      0.022330230384551245,
      0.017360604670027206,
      0.01997703338234589,
      0.018778687208120166,
      0.02015411586597048,
      0.021069945626217744,
      0.023580354002529176,
      0.019649742479468213,
      0.017457428516755844,
      0.01860789848684237,
      0.01972427400278634,
      0.01752519781604923,
      0.020506085249884374,
      0.018601075424973308,
      0.01998504157467135,
      0.0179047256643916,
      0.02101220715277154,
      0.017801729223594583,
      0.022592245941532068,
      0.018359876648876172,
      0.018353139146648604,
      0.022359861067399896,
      0.017947738855306445,
      0.018913106678117967,
      0.017542424566786865,
      0.01723504443492355,
      0.019470551642107554,
      0.020460243773614536,
      0.02273118143965458,
      0.017400479348825996,
      0.019071896342111046,
      0.01958325207233429,
      0.01941164164836037,
      0.018220718872958216,
      0.01774066342362042
    ]
  }
}