{
  "CNN-GRU-based": {
    "MSE": 0.022766,
    "MAE": 0.106074,
    "RMSE": 0.150883,
    "MAPE": 0.380438
  }
}