{
  "CNN-GRU-based": {
    "MSE": 0.022744,
    "MAE": 0.10435,
    "RMSE": 0.150445,
    "MAPE": 0.383661
  }
}