{
  "CNN-GRU-based": {
    "MSE": 0.026688,
    "MAE": 0.109838,
    "RMSE": 0.163016,
    "MAPE": 0.369896
  }
}