{
  "CNN-GRU-based": {
    "MSE": 0.025354,
    "MAE": 0.10894,
    "RMSE": 0.158876,
    "MAPE": 0.397775
  }
}