{
  "CNN-GRU-based": {
    "MSE": 0.027045,
    "MAE": 0.108202,
    "RMSE": 0.164259,
    "MAPE": 0.365112
  }
}