{
  "CNN-GRU-based": {
    "MSE": 0.028281,
    "MAE": 0.110249,
    "RMSE": 0.168023,
    "MAPE": 0.360506
  }
}