{
  "CNN-GRU-based": {
    "MSE": 0.029605,
    "MAE": 0.112977,
    "RMSE": 0.172016,
    "MAPE": 0.358868
  }
}