{
  "CNN-BiGRU-Attention-based": {
    "MSE": 0.039092,
    "MAE": 0.158327,
    "RMSE": 0.197477,
    "MAPE": 0.286279
  }
}