{
  "CNN-BiLSTM-Attention-based": {
    "training_loss": [
      0.4973315816176565,
      0.3361400746462638,
      0.22522456959674234,
      0.15448012503615596,
      0.11974708971224333,
      0.10019800772792414,
      0.0868853049581511,
      0.07713147869758438,
      0.06947640379269918,
      0.06299025718318789,
      0.05801886518796285,
      0.053934093486321597,
      0.04977470669045783,
      0.04634498734223215,
      0.04359334533413251,
      0.041253397770618136,
      0.03914640668714255,
      0.03676219370804335,
      0.03570110651484707,
      0.034297466121221844,
      0.03243530937715581,
      0.03118317885357037,
      0.029878313865577967,
      0.028390301169272054,
      0.027703332025230978,
      0.02729059001594259,
      0.02640670958841056,
      0.025804521855816505,
      0.025015762356812493,
      0.023959969441618836,
      0.023410092777850337,
      0.023696498703538325,
      0.02252807087150582,
      0.021709468790836503
    ],
    "validation_loss": [
      0.01512569302393423,
      0.009144497833416596,
      0.006465113816222736,
      0.006242207805072511,
      0.006444476873750661,
      0.0064910303449609895,
      0.006552764683492951,
      0.006928041033524942,
      0.007552793536048669,
      0.008585106418630877,
      0.008834067113384917,
      0.009583012800064537,
      0.009221263027951851,
      0.009365720361783788,
      0.00992834978326634,
      0.00963793886447703,
      0.00958972376725682,
      0.01022256102569245,
      0.012163388321397605,
      0.011833290803943065,
      0.011098458151613082,
      0.010880390136548273,
      0.010372496177474936,
      0.010839668877579115,
      0.011296096511862495,
      0.012209536937566904,
      0.013476052959742663,
      0.012926064229772225,
      0.012140496028261585,
      0.011697690881840833,
      0.012880547779735985,
      0.016435537689163553,
      0.012093141570791497,
      0.013171434649950142
    ]
  }
}