{
  "CNN-BiLSTM-Attention-based": {
    "training_loss": [
      0.4875756834682665,
      0.32463997476979306,
      0.21260848008749778,
      0.1432546011188574,
      0.110752347922116,
      0.09218167772418574,
      0.07990721132148776,
      0.07092879798851515,
      0.06389165426555433,
      0.05817220948244396,
      0.053335631403483845,
      0.04909156702066723,
      0.04553585057718712,
      0.042496165593988014,
      0.03976608844179856,
      0.037383216750203514,
      0.03528666663588139,
      0.03364889161628589,
      0.03209811117042575,
      0.03090116186230852,
      0.029440055892132878,
      0.02848111738761266,
      0.02770210853532741,
      0.02648011418549638,
      0.02576099359021898,
      0.025013810030201027,
      0.02411665968727647,
      0.02352929091767261,
      0.023000704183390265,
      0.022501391263907416,
      0.02196754343938409,
      0.02136059291007226,
      0.02100229103837097,
      0.020529213684954143,
      0.020155124608100507,
      0.019881632414303328,
      0.01936059420961037
    ],
    "validation_loss": [
      0.015432930940337349,
      0.00886885579675436,
      0.006706568837296544,
      0.006317892420644823,
      0.0062293323165361295,
      0.006132673921488356,
      0.006130901856445953,
      0.006143908656872156,
      0.006367910084755797,
      0.006729534493857308,
      0.007308449596166611,
      0.007627118548803162,
      0.008342770549158255,
      0.009556991989283186,
      0.009541083721999537,
      0.01061574463127998,
      0.010643880755493515,
      0.011403800105970157,
      0.012495164011131253,
      0.011579868323251344,
      0.015474769548235233,
      0.011322635007009172,
      0.013111985971530278,
      0.012290618575194426,
      0.01465986411234266,
      0.013227114682657677,
      0.01402732741349099,
      0.01430837495350524,
      0.01200634968189294,
      0.020307498774899724,
      0.011476164683699608,
      0.016526011508284952,
      0.012457455773102609,
      0.01217340993972724,
      0.016055840015280664,
      0.01796300724606242,
      0.015590190900522365
    ]
  }
}