{
  "CNN-BiLSTM-Attention-based": {
    "training_loss": [
      0.5021517836178888,
      0.3129683815145618,
      0.18892778789819176,
      0.12147760166213427,
      0.09273168536212174,
      0.07758888795226158,
      0.06772705140712494,
      0.06054962408108289,
      0.054925734682549916,
      0.05028383073391257,
      0.046468284187136874,
      0.043451691191901856,
      0.04060256714369248,
      0.038329399059198736,
      0.036008594565819604,
      0.034159429459664985,
      0.032633299341619904,
      0.031095274211389124,
      0.029802871643973612,
      0.028639597821526093,
      0.02761381122106204,
      0.026729104430451532,
      0.025717510191741694,
      0.024897723693377727,
      0.024129329124977443,
      0.023671623067546037,
      0.022964209220040985,
      0.022438002195899375,
      0.021756189619374967,
      0.021492210557787328,
      0.02128546795365421,
      0.020576472058107288,
      0.02026284751142976,
      0.019874833741726532,
      0.019604935758044784
    ],
    "validation_loss": [
      0.037923168874623485,
      0.011795834726408909,
      0.007115817244834544,
      0.006665049854404571,
      0.006644265919008799,
      0.00673553777629869,
      0.006883093981039629,
      0.0070081313892283986,
      0.007809960373203482,
      0.007480043329690632,
      0.008079491387399142,
      0.009279022297184717,
      0.009054519059626679,
      0.010112043865547891,
      0.008875071232844341,
      0.010247890451890335,
      0.010174324670643137,
      0.010986038993455861,
      0.009623836013570166,
      0.01307552318627897,
      0.009151578975612657,
      0.012006968125831663,
      0.011403182874384679,
      0.011507246551806467,
      0.013290030554982653,
      0.014443617382724034,
      0.011137962373986579,
      0.013101942683651781,
      0.012902459688484668,
      0.015467351305772339,
      0.01615226837038471,
      0.014396719510356586,
      0.012987338196028743,
      0.015357287460121147,
      0.011557289730888187
    ]
  }
}