{
  "CNN-BiLSTM-Attention-based": {
    "training_loss": [
      0.4906496597300095,
      0.31736488386281553,
      0.20516485512675636,
      0.13616166286078824,
      0.10435382545203861,
      0.08625962974107537,
      0.0740111674360525,
      0.06547280988919504,
      0.05869796235762497,
      0.05341072036166183,
      0.04888890278386525,
      0.04516449950386644,
      0.042278259822375326,
      0.03971071999605175,
      0.03736792070715834,
      0.03548925748399356,
      0.03391777105982987,
      0.03234919963604222,
      0.030741176772568053,
      0.029375096007212605,
      0.027994425289712598,
      0.027108870692197595,
      0.026049414999874697,
      0.025153742137451793,
      0.024534878538682508,
      0.023526152081931623,
      0.023080945591096927,
      0.022373906515132772,
      0.022004436583688683,
      0.02133439779805383,
      0.020932130711987903,
      0.020604650020232727,
      0.020263643637430478,
      0.0197405042339555,
      0.01931922859880543
    ],
    "validation_loss": [
      0.019375664433627798,
      0.010378962235623285,
      0.007387949977266161,
      0.006965862176985594,
      0.006939217358370099,
      0.00707354617158049,
      0.007371777492134195,
      0.0075700871613726285,
      0.008290976704212657,
      0.008446704390409746,
      0.009263888694215239,
      0.008916902359117542,
      0.009307477907522729,
      0.009928405183579838,
      0.00991816165808,
      0.010138472163102083,
      0.010638219513521906,
      0.009987579727251278,
      0.01081789451929038,
      0.01225374372381913,
      0.011047860065050293,
      0.01066571958689836,
      0.011470069445408227,
      0.012353459353509701,
      0.010884155699035577,
      0.011054673000124462,
      0.008693931594883141,
      0.014882925525307655,
      0.01628754150383828,
      0.010746997039307628,
      0.00992489319556115,
      0.012361895998841839,
      0.009742242659915957,
      0.008565413494381988,
      0.01241801569663119
    ]
  }
}