{
  "CNN-BiLSTM-Attention-based": {
    "training_loss": [
      0.49143056072157104,
      0.3108314473637385,
      0.19741249583799167,
      0.12873933223799436,
      0.09779242505446378,
      0.08094573725365502,
      0.07002730471005855,
      0.061990805920426426,
      0.05581482437913525,
      0.05098527966095045,
      0.0471914580145895,
      0.043505670828785724,
      0.04099672065561239,
      0.038569622986811554,
      0.0365050947432887,
      0.034813386914807655,
      0.033175463104258535,
      0.03162667408860768,
      0.03048185263199301,
      0.02933165278013799,
      0.028120704699658258,
      0.02725691944950489,
      0.02641743949877398,
      0.025490143161886285,
      0.024727605961479424,
      0.02401880727935068,
      0.023289706395806298,
      0.022747954342222675,
      0.022156127591731262,
      0.021780740749828106,
      0.021338979113214668,
      0.020839167934110947,
      0.020540142145168392,
      0.020048178273696277,
      0.019583234245657083
    ],
    "validation_loss": [
      0.017700123473217613,
      0.00913756820781712,
      0.007295145455486419,
      0.007151705070741867,
      0.007126421185635161,
      0.007186323814420846,
      0.007254569484084322,
      0.007315320273240407,
      0.0074385746104414004,
      0.008003098854239573,
      0.008187208012596035,
      0.008403232492702572,
      0.008477019925454729,
      0.008581299909897018,
      0.008436826306084793,
      0.009847716235539369,
      0.0088019644335043,
      0.010324548622756674,
      0.009952995148405695,
      0.010760189569963698,
      0.010039422507479525,
      0.010960282244833938,
      0.01184069100898086,
      0.010912918044548286,
      0.010009971287166863,
      0.012576400302350521,
      0.010823630289942548,
      0.012712279504589866,
      0.010917411136784051,
      0.012427957898430656,
      0.012362484068593435,
      0.011826245156688649,
      0.015241291132151035,
      0.011135107161183107,
      0.012056845969014001
    ]
  }
}