{
  "CNN-BiLSTM-Attention-based": {
    "training_loss": [
      0.48677360843604717,
      0.31819511341377044,
      0.20399844226702837,
      0.13366485282149113,
      0.10078453262087325,
      0.08278664442854868,
      0.07101200374079422,
      0.0630102468208528,
      0.05689526727082024,
      0.05234636975006318,
      0.04835511880441451,
      0.04530695878284078,
      0.04281489760942862,
      0.040494728466154824,
      0.03833123957607108,
      0.036457501981459875,
      0.034863779452485096,
      0.03312650480320756,
      0.031565996647720605,
      0.030046263867070978,
      0.02879661033061189,
      0.0275747836895392,
      0.0265794935255823,
      0.02559909528829682,
      0.024898243779447715,
      0.02413873106870853,
      0.023406729049665828,
      0.022862059444608823,
      0.022474131218984093,
      0.02176730103895698,
      0.021362139777818197,
      0.020825251543395956,
      0.020554559410248006,
      0.01998084190655762,
      0.019877247040120647,
      0.019329421484554316,
      0.019064492427966963,
      0.018721553746243597,
      0.018617858139561936,
      0.01816105412345537,
      0.0181450662793408,
      0.017683777643341413,
      0.017548413186425894
    ],
    "validation_loss": [
      0.02489214957806102,
      0.011986009658951509,
      0.007941425621117416,
      0.007183484427565545,
      0.007097249525484808,
      0.007036487377461111,
      0.0069523433762553495,
      0.00691649749090797,
      0.006905803804923045,
      0.006873728351242709,
      0.006880874935080085,
      0.006829223469749355,
      0.00680996568121931,
      0.006837843084021618,
      0.0068655302715406085,
      0.0069384371371645675,
      0.0070507328630539405,
      0.007385420662007834,
      0.00836847402939671,
      0.008848938113895425,
      0.010296266708980527,
      0.01000382821484093,
      0.01077083446281521,
      0.009621392618537995,
      0.011707467393001967,
      0.010770557592051071,
      0.012015219552344398,
      0.010793329794940196,
      0.01370861861005164,
      0.008946675733712158,
      0.011834999791493541,
      0.008682137048035337,
      0.012990619595113554,
      0.009334434470848033,
      0.015133323066197989,
      0.00857898311918242,
      0.014154188008162013,
      0.009052008499897886,
      0.012998985423984234,
      0.011277027411811184,
      0.012634332497653208,
      0.012425765143544005,
      0.013311055318958927
    ]
  }
}