{
  "CNN-BiLSTM-Attention-based": {
    "training_loss": [
      0.48748939809664876,
      0.3189177395592273,
      0.2046611145348616,
      0.13416484669900278,
      0.10036010463053072,
      0.08181676635859718,
      0.0698932581384417,
      0.06163553442333786,
      0.05553865862984053,
      0.05069541658314181,
      0.046918650328273505,
      0.04384541558757634,
      0.04130523420975242,
      0.03915738587228345,
      0.03705990073126807,
      0.03555423661436833,
      0.03397237005787836,
      0.03239144888562216,
      0.03094986123098454,
      0.02963510777433993,
      0.028484149613011052,
      0.027367451057677537,
      0.026337602503702675,
      0.02523421349240021,
      0.02460862423332644,
      0.02397564368348726,
      0.02335336985407581,
      0.022585186031712612,
      0.02220877897466572,
      0.021746078584815413,
      0.021174914190466975,
      0.02083342338741665,
      0.020368464658377876,
      0.01998173372006752,
      0.019693846696279417,
      0.01939104780764647,
      0.019121691453414903,
      0.01879951685771976,
      0.018535864552561666,
      0.01824187020390806,
      0.018032562722202758
    ],
    "validation_loss": [
      0.026099920902453676,
      0.012961889656496719,
      0.007445111942910393,
      0.007084415517222714,
      0.006992141696506403,
      0.007021705259267293,
      0.006960754472972222,
      0.00691641048646309,
      0.0068900322830173335,
      0.006914676599939104,
      0.00683983109078147,
      0.00685524216420214,
      0.006863105792919515,
      0.0069095670494815,
      0.0068800801568677725,
      0.006917401479268578,
      0.007113607862675694,
      0.007301065342789384,
      0.007925811190892694,
      0.00851701289205484,
      0.008932812270564092,
      0.009190246712049129,
      0.009332767359807457,
      0.010520927017738282,
      0.010658642801810319,
      0.010334323619453,
      0.009610372438082392,
      0.00972059904269769,
      0.011083601737840914,
      0.00973049047547327,
      0.009902982592162952,
      0.010192329575583128,
      0.011691884032752313,
      0.0117136382852012,
      0.011357438684978955,
      0.011752411382089198,
      0.011750228716139222,
      0.012185885636529453,
      0.012698090228606278,
      0.014507248800930003,
      0.01186257613901521
    ]
  }
}