{
  "LSTM-based": {
    "training_loss": [
      0.5352490463840307,
      0.3233072196883994,
      0.2169415872182524,
      0.1498270179400464,
      0.10552362248867372,
      0.06341779337339261,
      0.03169237265858469,
      0.023782385803979157,
      0.02213080482015127,
      0.021498366852412746,
      0.021004803384406658,
      0.020488310833206156,
      0.020168329962383845,
      0.019897289369805452,
      0.019559486474417433,
      0.019299096911202504,
      0.019009970961618022,
      0.018871358285347622,
      0.018728825581979146,
      0.018551043922450976,
      0.018449366155555983,
      0.01821267211864769,
      0.018112456095935422,
      0.017906045596182096,
      0.017820073912541073,
      0.017769705339134495,
      0.017652037604574414,
      0.017553316185620265,
      0.017499745457987242,
      0.017456673918771343,
      0.01749834935436269,
      0.017324571108704882,
      0.017233035491803026,
      0.017258094773010865,
      0.017111257787495223,
      0.01695356016609236,
      0.017021628552536923,
      0.01701950288145854,
      0.016969677548116773,
      0.016835484496526075,
      0.01695443652098692,
      0.01687342974549859,
      0.01673200841254323,
      0.016763538868807035,
      0.016709727592734848,
      0.016674262868389803,
      0.01668662972402472,
      0.016645288794352536
    ],
    "validation_loss": [
      0.12381104379892349,
      0.12381104379892349,
      0.12381104379892349,
      0.12381104379892349,
      0.11423598974943161,
      0.06145435571670532,
      0.03978100046515465,
      0.038951728492975235,
      0.039424244314432144,
      0.039863407611846924,
      0.040252719074487686,
      0.04039866849780083,
      0.0405912846326828,
      0.04086129367351532,
      0.041001759469509125,
      0.04122757539153099,
      0.04131903499364853,
      0.041399963200092316,
      0.04148942604660988,
      0.04158009588718414,
      0.041617926210165024,
      0.04157758876681328,
      0.04169020801782608,
      0.04167849197983742,
      0.041733141988515854,
      0.04181034490466118,
      0.04181806370615959,
      0.04187466949224472,
      0.04187043383717537,
      0.04195427522063255,
      0.042041052132844925,
      0.042067237198352814,
      0.04213299974799156,
      0.042120449244976044,
      0.04211636632680893,
      0.042170342057943344,
      0.04220672696828842,
      0.04217645153403282,
      0.04220174625515938,
      0.04220890626311302,
      0.042341992259025574,
      0.042267296463251114,
      0.04223707690834999,
      0.042322661727666855,
      0.04231639206409454,
      0.0422869548201561,
      0.04231463745236397,
      0.04227882996201515
    ]
  }
}