{
  "LSTM-based": {
    "training_loss": [
      0.5346515027143187,
      0.32714034339128917,
      0.20947207763033399,
      0.1421511761717877,
      0.09590849684456647,
      0.06510278639399399,
      0.04593571824795109,
      0.03557842193266093,
      0.03134154803040674,
      0.029089496991897033,
      0.027527547583489093,
      0.026044270812959996,
      0.024877716108398923,
      0.024076886664507753,
      0.023199656820398266,
      0.02262699673488989,
      0.022142062752933827,
      0.021545925256559403,
      0.021089375903040677,
      0.02076974075477002,
      0.020567848173491027,
      0.02020620276867333,
      0.019897871098275913,
      0.019736938494241844,
      0.019439013327582407,
      0.01934819169721361,
      0.01922823185637846,
      0.01903212001010523,
      0.0188006850243625,
      0.01870461805897244,
      0.018607969222179915,
      0.018378248375098584,
      0.01837549901614755,
      0.018239507735785792,
      0.01812935074380899,
      0.018075680328627764,
      0.01793700873346652,
      0.01780000319546562,
      0.01778299336211156,
      0.017734076196359375,
      0.017620327045856896,
      0.01760464780411478,
      0.017379806771621865
    ],
    "validation_loss": [
      0.0785079374909401,
      0.06782624125480652,
      0.031785864382982254,
      0.03441249206662178,
      0.03592269867658615,
      0.03659013658761978,
      0.03725726157426834,
      0.03784056007862091,
      0.03832673281431198,
      0.03863525390625,
      0.03888627141714096,
      0.03924805298447609,
      0.03936060890555382,
      0.03962666541337967,
      0.03977438062429428,
      0.03979197517037392,
      0.040063850581645966,
      0.04011620581150055,
      0.040242135524749756,
      0.04025004059076309,
      0.04045295715332031,
      0.04058697074651718,
      0.040700435638427734,
      0.040921710431575775,
      0.04097248613834381,
      0.041028935462236404,
      0.041128162294626236,
      0.04125862196087837,
      0.041279733180999756,
      0.04143596068024635,
      0.04157503321766853,
      0.041542645543813705,
      0.0416240356862545,
      0.041600409895181656,
      0.041793130338191986,
      0.041834212839603424,
      0.04181178659200668,
      0.04189722239971161,
      0.041892990469932556,
      0.04195891320705414,
      0.0419730618596077,
      0.04207174852490425,
      0.042064011096954346
    ]
  }
}