{
  "LSTM-based": {
    "training_loss": [
      0.5221624015751531,
      0.31340851116988616,
      0.19851233140896943,
      0.13157292253385156,
      0.08649273406145937,
      0.05699488066010556,
      0.03875965397741835,
      0.02950709875104791,
      0.0263931750304113,
      0.02501050881662611,
      0.024087852782617183,
      0.023336632998060373,
      0.02269254864777549,
      0.02210209341877598,
      0.02157390786934707,
      0.02129333649398917,
      0.020929689566462725,
      0.02065132975073184,
      0.02024175441366131,
      0.02003948977690632,
      0.019896259815511057,
      0.01965766014941668,
      0.01941867298999075,
      0.01917616966164718,
      0.01907812115752091,
      0.018921181117579088,
      0.018827826131956053,
      0.01874390124516972,
      0.01860424607865891,
      0.01839866457601725,
      0.018317136534694897,
      0.01823932203953549,
      0.018162821245900657,
      0.018039949743424433,
      0.018078619045978885,
      0.01790805464073763,
      0.017877000241966572,
      0.017740189271458123,
      0.017721371220077498,
      0.017589087045546306,
      0.017518807328858618,
      0.017519115612415943,
      0.017394213195321924
    ],
    "validation_loss": [
      0.06162407621741295,
      0.04715284705162048,
      0.036773666739463806,
      0.037931110709905624,
      0.038933735340833664,
      0.0395880863070488,
      0.04020156338810921,
      0.040537599474191666,
      0.04086516052484512,
      0.04113325849175453,
      0.04129737243056297,
      0.041516970843076706,
      0.04169920086860657,
      0.041804153472185135,
      0.041947945952415466,
      0.04206990450620651,
      0.042091965675354004,
      0.04227032884955406,
      0.042290765792131424,
      0.04235702380537987,
      0.042510807514190674,
      0.04257806017994881,
      0.042590707540512085,
      0.04258190467953682,
      0.04272737354040146,
      0.0427732989192009,
      0.04278023540973663,
      0.04284680262207985,
      0.04294510930776596,
      0.04299163073301315,
      0.04305783286690712,
      0.0430251844227314,
      0.04303126037120819,
      0.04305360093712807,
      0.04311196133494377,
      0.043168894946575165,
      0.04325278475880623,
      0.04329312965273857,
      0.04330330342054367,
      0.04333185777068138,
      0.043321456760168076,
      0.04329429939389229,
      0.04332612082362175
    ]
  }
}