{
  "LSTM-based": {
    "training_loss": [
      0.5149582695453725,
      0.3092657691620766,
      0.20257647411620364,
      0.1352985235287788,
      0.09040803357641748,
      0.060669944720699434,
      0.042042610191918434,
      0.03232970938403556,
      0.02919669324096213,
      0.02755093049812824,
      0.026114595459496723,
      0.02521701880750504,
      0.024354434663310963,
      0.02372480721232739,
      0.023120253675795618,
      0.022639427611485442,
      0.022202373327727013,
      0.021658040995293476,
      0.021376386284828186,
      0.021045569877358193,
      0.020831994680648155,
      0.020606193382372247,
      0.02031435440195368,
      0.02005366049706936,
      0.01983859559639971,
      0.019678004545734283,
      0.019415807676442125,
      0.0192969300803986,
      0.019208602424948772,
      0.019050569388460607,
      0.018881425879737165,
      0.018793856685465956,
      0.018593891630781456,
      0.018541367225190425,
      0.01847335917359971,
      0.01834649570444797,
      0.01821431615885268,
      0.01809826651786236,
      0.01805260625291378,
      0.017950670666834142,
      0.01795434817830299
    ],
    "validation_loss": [
      0.02999279461801052,
      0.03455111384391785,
      0.03648807480931282,
      0.037472426891326904,
      0.03834383934736252,
      0.0390937402844429,
      0.039497535675764084,
      0.03987179696559906,
      0.0402555987238884,
      0.04072289168834686,
      0.04087070748209953,
      0.04116147756576538,
      0.04128819331526756,
      0.04155967757105827,
      0.04169673100113869,
      0.04185861721634865,
      0.04213879629969597,
      0.042139533907175064,
      0.04230760410428047,
      0.042432934045791626,
      0.04257533326745033,
      0.04273900389671326,
      0.04284745082259178,
      0.04282158613204956,
      0.04284372925758362,
      0.042978499084711075,
      0.043054454028606415,
      0.04310103505849838,
      0.04311108589172363,
      0.04320129379630089,
      0.04318346455693245,
      0.04316006228327751,
      0.04328714311122894,
      0.04334826022386551,
      0.04344496503472328,
      0.043389394879341125,
      0.04345950484275818,
      0.04337739944458008,
      0.04339885339140892,
      0.043481625616550446,
      0.043490417301654816
    ]
  }
}