{
  "LSTM-based": {
    "training_loss": [
      0.5222623995226673,
      0.31396707612225133,
      0.20651796791288587,
      0.13888881056227237,
      0.08941254510074599,
      0.059139037520712257,
      0.040485273059616744,
      0.030905333053097766,
      0.027684606643568758,
      0.026207774813868042,
      0.025213281631979167,
      0.024199549076903578,
      0.023476776181377917,
      0.022976054260746028,
      0.022399818445118066,
      0.022033722800576788,
      0.021584960512625866,
      0.02126493164871493,
      0.02096093197663625,
      0.020678517050468005,
      0.020490302791834898,
      0.020229742026481874,
      0.02000558277607983,
      0.01977823731990961,
      0.01970066485178267,
      0.01944768416066455,
      0.01928269563831835,
      0.019164110860254012,
      0.019059858022209924,
      0.018899003537292153,
      0.01880663415241955,
      0.018709593555993505,
      0.018583216378067292,
      0.018484099234780695,
      0.018405541602490295,
      0.01826166444354587,
      0.018299390490238484,
      0.018234940325347785,
      0.01807271326199556,
      0.01811583053607207,
      0.017982704787809625,
      0.017887093604375154,
      0.017889071351442583,
      0.017877634933106918,
      0.017756653615297414,
      0.01767799430168592
    ],
    "validation_loss": [
      0.04931594431400299,
      0.05487559735774994,
      0.056076109409332275,
      0.04777082800865173,
      0.040829356759786606,
      0.04024585336446762,
      0.04030495136976242,
      0.04057721793651581,
      0.04092755168676376,
      0.041100550442934036,
      0.04153858870267868,
      0.04162367433309555,
      0.04197586327791214,
      0.04209606721997261,
      0.04214053601026535,
      0.042471036314964294,
      0.04258859157562256,
      0.04259086772799492,
      0.042732592672109604,
      0.04294317215681076,
      0.0429629422724247,
      0.043122101575136185,
      0.04318099841475487,
      0.04324951022863388,
      0.04331032559275627,
      0.04335096478462219,
      0.04334716871380806,
      0.04337463527917862,
      0.043443601578474045,
      0.043537870049476624,
      0.043523263186216354,
      0.04361570253968239,
      0.04359761252999306,
      0.043642446398735046,
      0.043687209486961365,
      0.043687544763088226,
      0.04383774474263191,
      0.04387333616614342,
      0.04386170953512192,
      0.04388149827718735,
      0.04393654689192772,
      0.043915025889873505,
      0.04394865408539772,
      0.043981991708278656,
      0.04401756450533867,
      0.04400957003235817
    ]
  }
}