{
  "LSTM-based": {
    "training_loss": [
      0.5277422011666032,
      0.31268408395701724,
      0.20547979123602608,
      0.13813798059209734,
      0.09295403842250677,
      0.06288447718699602,
      0.044508562323361506,
      0.03320414771209971,
      0.027450724988536263,
      0.02593547861239685,
      0.024891345861643682,
      0.024112242150076468,
      0.02339684605086822,
      0.022826370331478732,
      0.022434570127098857,
      0.021970668735678104,
      0.021549299031560002,
      0.021218079849757862,
      0.02097116974322325,
      0.020569217659117327,
      0.020370643537955223,
      0.020268843713108563,
      0.01999739097039587,
      0.019777571638574416,
      0.019582682908732493,
      0.01943135054486248,
      0.019339810417317527,
      0.019183526063425858,
      0.01910912549291046,
      0.018936848899453494,
      0.01879788097393871,
      0.018719539070270092,
      0.018600093296733025,
      0.018500306631554348,
      0.018360548249002177,
      0.018279850466952303,
      0.018282157900571312,
      0.01814819735678736,
      0.018105189272006692,
      0.01802103635515266,
      0.017918078140895254,
      0.01798680818004158,
      0.017838021444532493,
      0.01774785750797378,
      0.017751754121655045,
      0.017795644332794673,
      0.017643930462424847,
      0.017649452845553984,
      0.017637253591047335,
      0.017494999815593975
    ],
    "validation_loss": [
      0.04708637669682503,
      0.05208611860871315,
      0.05323246866464615,
      0.05410477891564369,
      0.054690372198820114,
      0.055015139281749725,
      0.055418360978364944,
      0.044435326009988785,
      0.041901737451553345,
      0.04166509211063385,
      0.04183327779173851,
      0.04206115007400513,
      0.04215806722640991,
      0.04243890196084976,
      0.04270457848906517,
      0.04288987070322037,
      0.042983055114746094,
      0.04307509958744049,
      0.04312794283032417,
      0.04323161765933037,
      0.04328174516558647,
      0.04346942529082298,
      0.04344041645526886,
      0.04350089654326439,
      0.043545108288526535,
      0.043716251850128174,
      0.04381067305803299,
      0.04381386935710907,
      0.043945249170064926,
      0.04391093552112579,
      0.04399562627077103,
      0.04396563768386841,
      0.04402989149093628,
      0.04415244236588478,
      0.04416820406913757,
      0.04415857046842575,
      0.04418523609638214,
      0.0441773422062397,
      0.04424332082271576,
      0.044256266206502914,
      0.044287148863077164,
      0.044314753264188766,
      0.04433513805270195,
      0.04433731362223625,
      0.044295068830251694,
      0.04442473500967026,
      0.0444490946829319,
      0.044459618628025055,
      0.04449531435966492,
      0.04448589310050011
    ]
  }
}