{
  "LSTM-based": {
    "training_loss": [
      0.5227089791462339,
      0.30968908194837896,
      0.20222484294710488,
      0.13498157314185438,
      0.09009837179348387,
      0.05924519100065889,
      0.03899130276564894,
      0.029768345684840762,
      0.026851900821102077,
      0.025609243018873806,
      0.02464900230025423,
      0.023862922114544903,
      0.023255765181163263,
      0.02262474846994055,
      0.022116325924108768,
      0.02177648612394415,
      0.021350871900032306,
      0.021030070966687697,
      0.020753655004604108,
      0.02041976603454557,
      0.02022362134323038,
      0.02006059962099996,
      0.019842453429411197,
      0.01948389911959911,
      0.019500265476004832,
      0.01928104286820724,
      0.01916159438932764,
      0.019042175263166428,
      0.018834158392815756,
      0.01874193574847846,
      0.01859726024598911,
      0.01854839843922648,
      0.018403020976432437,
      0.018274837655240093,
      0.018130396460664683,
      0.018117580883975686,
      0.01803013669519589,
      0.017966422990992152,
      0.017875174638526194,
      0.017811871487005002,
      0.017831727605441522,
      0.01772959658811832,
      0.017660674992306478,
      0.017668798180489706,
      0.01755469575010497,
      0.01751103393476585,
      0.017507959927978187,
      0.017379599719725806
    ],
    "validation_loss": [
      0.05578428506851196,
      0.04995249584317207,
      0.052080750465393066,
      0.05318676307797432,
      0.05372924730181694,
      0.04445195570588112,
      0.04241148382425308,
      0.042152635753154755,
      0.042365096509456635,
      0.04250888153910637,
      0.04285889491438866,
      0.04296090453863144,
      0.043184563517570496,
      0.043347932398319244,
      0.04357250779867172,
      0.04367915540933609,
      0.043723758310079575,
      0.04394999518990517,
      0.044144194573163986,
      0.044195644557476044,
      0.044179629534482956,
      0.0442764051258564,
      0.044431958347558975,
      0.044525597244501114,
      0.044592730700969696,
      0.044688817113637924,
      0.04466436430811882,
      0.04470444470643997,
      0.044653039425611496,
      0.04467451572418213,
      0.04475691542029381,
      0.04485933855175972,
      0.044859081506729126,
      0.044884633272886276,
      0.0448593907058239,
      0.04486885294318199,
      0.04489202797412872,
      0.04498806595802307,
      0.04497445374727249,
      0.04495426267385483,
      0.04501981660723686,
      0.04503630846738815,
      0.04510464519262314,
      0.04513528570532799,
      0.04522992670536041,
      0.045178044587373734,
      0.0452677421271801,
      0.045182108879089355
    ]
  }
}