{
  "CNN-LSTM-Attention-based": {
    "MSE": 0.009103,
    "MAE": 0.073345,
    "RMSE": 0.095411,
    "MAPE": 0.306207
  }
}