{
  "CNN-Attention-GRU-based": {
    "MSE": 0.020397,
    "MAE": 0.098614,
    "RMSE": 0.142818,
    "MAPE": 1977838456465.3057
  }
}