{
  "CNN-Attention-GRU-based": {
    "MSE": 0.041366,
    "MAE": 0.159258,
    "RMSE": 0.200299,
    "MAPE": 792929598275.1266
  }
}