{
  "CNN-Attention-GRU-based": {
    "MSE": 0.045601,
    "MAE": 0.170932,
    "RMSE": 0.209369,
    "MAPE": 659208624672.5844
  }
}