{
  "CNN-Attention-GRU-based": {
    "MSE": 0.047247,
    "MAE": 0.175941,
    "RMSE": 0.215585,
    "MAPE": 480614501568.4422
  }
}