{
  "CNN-Attention-GRU-based": {
    "MSE": 0.042359,
    "MAE": 0.166448,
    "RMSE": 0.205814,
    "MAPE": 668415551892.3566
  }
}