{
  "CNN-Attention-GRU-based": {
    "MSE": 0.038853,
    "MAE": 0.154331,
    "RMSE": 0.197106,
    "MAPE": 935392568286.9105
  }
}