{
  "CNN-Attention-GRU-based": {
    "MSE": 0.054022,
    "MAE": 0.195249,
    "RMSE": 0.232239,
    "MAPE": 230487942887.8038
  }
}