{
  "CNN-Attention-GRU-based": {
    "MSE": 0.050746,
    "MAE": 0.18501,
    "RMSE": 0.223389,
    "MAPE": 443618343072.73956
  }
}