{
  "CNN-Attention-GRU-based": {
    "MSE": 0.048946,
    "MAE": 0.179278,
    "RMSE": 0.216655,
    "MAPE": 660636644595.2272
  }
}