{
  "CNN-Attention-GRU-based": {
    "MSE": 0.024726,
    "MAE": 0.112392,
    "RMSE": 0.157244,
    "MAPE": 2367741540520.407
  }
}