{
  "CNN-Attention-GRU-based": {
    "MSE": 0.057212,
    "MAE": 0.20108,
    "RMSE": 0.238,
    "MAPE": 382692433492.1047
  }
}