{
  "CNN-Attention-GRU-based": {
    "MSE": 0.047605,
    "MAE": 0.174948,
    "RMSE": 0.213056,
    "MAPE": 1092669191155.9496
  }
}