{
  "CNN-Attention-GRU-based": {
    "MSE": 0.063743,
    "MAE": 0.217474,
    "RMSE": 0.252289,
    "MAPE": 85412423983.37433
  }
}