{
  "CNN-Attention-LSTM-based": {
    "training_loss": [
      1.6722359884156488,
      1.4228445233770721,
      1.2388031160955197,
      1.065268510765683,
      0.9097666909537926,
      0.7669189300091621,
      0.640861029030955,
      0.5313176828272203,
      0.4401603654594157,
      0.367006680132196,
      0.31081219827015094,
      0.27101957107085256,
      0.24525607885167672,
      0.22354259303284352,
      0.20336218137023357,
      0.18678972130209517,
      0.1749169408346955,
      0.16253294844734628,
      0.15205448154347165,
      0.14245882021927092,
      0.1346010809899614,
      0.1274663194189022,
      0.12092950094529914,
      0.1164326025076391,
      0.11153307711789352,
      0.10888613510399954,
      0.10780485827720701,
      0.1066883879497802,
      0.10654170726100466,
      0.10087543769794352,
      0.09629328494769067,
      0.09280288474679406,
      0.08975270542615837,
      0.08713902406729629,
      0.08473951078203723,
      0.0822307814466912,
      0.08111402374341001,
      0.08079067295397854,
      0.07923078451911471,
      0.07804466577755952,
      0.07711503530971732,
      0.07576028847983139,
      0.0745267935071437,
      0.07384366980370353,
      0.07161904471865162,
      0.07165766855424663,
      0.07355672618612699,
      0.07179261652501397,
      0.07207137895393537,
      0.07061232211371195,
      0.06871609455522369,
      0.06657424048362719,
      0.06498011677271355,
      0.06337842100322452,
      0.06223417741204628,
      0.06216205543094028,
      0.06189707354690789,
      0.06167168703871202,
      0.0656701437613337,
      0.0701488102673453,
      0.07140856889756493,
      0.06876396640464921,
      0.06524860526348068,
      0.06234834805955936,
      0.060045249192978684,
      0.05842906750970646,
      0.05747545797983668,
      0.05622832986258718,
      0.05528116647708375,
      0.057238955024926305,
      0.05770304744940728,
      0.05892615257456228,
      0.059906695025189936,
      0.06011630559926627,
      0.05893330807091868,
      0.057289056170564207,
      0.05585949566331289,
      0.05408466539013757,
      0.052789239541572684,
      0.051806489592192494,
      0.050992527519027255,
      0.05046254148945264,
      0.04988246411085129,
      0.04950718780186762,
      0.04914714381820603
    ],
    "validation_loss": [
      0.18089582488454622,
      0.12840252775570443,
      0.10152898024896095,
      0.06820102177303412,
      0.05060607711302823,
      0.03610785133365927,
      0.025583063618376336,
      0.0245369838614916,
      0.019559704210480738,
      0.026505792770406295,
      0.022737671113733586,
      0.02018493339419365,
      0.027372941567466176,
      0.018570112860922156,
      0.02599154465414327,
      0.019061804479309198,
      0.01852156690739352,
      0.019352373358761443,
      0.01706559474355188,
      0.01908719581391277,
      0.01806058067956875,
      0.017417039195525234,
      0.019522773827715167,
      0.017917353691982812,
      0.0182586086785485,
      0.0210540815031734,
      0.01911801647651812,
      0.028268134003055508,
      0.017817753367125988,
      0.019244146764535328,
      0.01663684807075509,
      0.019728568022878007,
      0.016917036884817584,
      0.019349813390651654,
      0.01766463927924633,
      0.017052788377322,
      0.02048897181862387,
      0.017223656941847555,
      0.01848152043490574,
      0.01661471797731416,
      0.018819330960255246,
      0.017818833572854256,
      0.018316963205820526,
      0.016753124175914402,
      0.01718027674560917,
      0.021109164429122005,
      0.017183599775207455,
      0.01701773466092759,
      0.01747205091062291,
      0.01732015268684461,
      0.01840373343820202,
      0.018130134572756702,
      0.01821249142802995,
      0.017776207375372277,
      0.018910430680061208,
      0.017809646711524192,
      0.017241522926708747,
      0.022684543348591903,
      0.021309819586318116,
      0.01930970155858788,
      0.017639946783411093,
      0.01765100059966589,
      0.017290765811400165,
      0.017285904384635647,
      0.017420714618317013,
      0.017213043480597694,
      0.017768618117632536,
      0.01848762955131202,
      0.017291440410089905,
      0.019293588534768286,
      0.0181144205403739,
      0.017705949485815803,
      0.022320843224638495,
      0.019842861046821907,
      0.017890958610022892,
      0.01917438997790731,
      0.018417113158723405,
      0.017587595908292408,
      0.01885058614585934,
      0.018101603499260443,
      0.017906743756912907,
      0.020490194825005942,
      0.01717308634442502,
      0.018233984644556868,
      0.01769395013307703
    ]
  }
}