{
  "CNN-Attention-BiLSTM-based": {
    "training_loss": [
      0.38793328668497784,
      0.3750726784331889,
      0.34930858770503276,
      0.3316072915928273,
      0.31280026330223565,
      0.29699220159385775,
      0.28144671871692317,
      0.2654122272624245,
      0.25069520499887343,
      0.23694656487507157,
      0.22332407251189026,
      0.2097883775264402,
      0.19714924730832065,
      0.18515342209912553,
      0.17422481616841087,
      0.16333137829846975,
      0.15398294280601454,
      0.14373585204534892,
      0.1350097590232197,
      0.12642344323140156,
      0.11855682815554776,
      0.1113887699910357,
      0.10472182250475581,
      0.0989316320872005,
      0.09327592125421838,
      0.08837297096659866,
      0.08361039810542818,
      0.07999367785604694,
      0.07665683347967607,
      0.07395685652766047,
      0.07144342758987524,
      0.06903424396922317,
      0.0666891044076485,
      0.06439335936609702,
      0.06229754103512704,
      0.06053615616092199,
      0.05882286044615734,
      0.05720363632787632,
      0.05579207469768162,
      0.05433872733500939,
      0.05304202800498733,
      0.05167881140037428,
      0.05067978950240944,
      0.04981961280484743,
      0.049026518730045876,
      0.04803191337592994,
      0.047128406270772596,
      0.0465028730185726,
      0.04561014039606988,
      0.044547371849229064,
      0.04355632617503782,
      0.042712571028667164,
      0.041667792380233354,
      0.04110391475731814,
      0.040378781106275845,
      0.039395509830004054,
      0.03867781124537504,
      0.037878867710315726,
      0.03722600431381902,
      0.0366063883787469,
      0.03598676169220405,
      0.03520406410098076,
      0.0347421002350276,
      0.03416730727576002,
      0.03357707690211791,
      0.03320610183703748,
      0.03275099953141394,
      0.032440627488908885,
      0.0320245880586437,
      0.0319701342171506,
      0.031236996614857564,
      0.03088895950607861,
      0.030163520121876196,
      0.029737232748088958,
      0.029201829782392406,
      0.028691017693733868
    ],
    "validation_loss": [
      0.07651026546955109,
      0.07009278237819672,
      0.06733907014131546,
      0.06991972029209137,
      0.05850422754883766,
      0.05280141159892082,
      0.0538426898419857,
      0.05115312337875366,
      0.04529671370983124,
      0.04224207624793053,
      0.04195592552423477,
      0.04158482328057289,
      0.044111013412475586,
      0.04006098583340645,
      0.04675430431962013,
      0.037754759192466736,
      0.03886033967137337,
      0.03394192084670067,
      0.03601571545004845,
      0.036642443388700485,
      0.03736264258623123,
      0.04001917690038681,
      0.030247917398810387,
      0.03650635480880737,
      0.027973633259534836,
      0.03415700048208237,
      0.025226231664419174,
      0.04066739231348038,
      0.02822616510093212,
      0.02813434600830078,
      0.02475866861641407,
      0.02658490650355816,
      0.028948593884706497,
      0.02544001303613186,
      0.027969015762209892,
      0.025891494005918503,
      0.02762942761182785,
      0.026945896446704865,
      0.031651828438043594,
      0.02825053222477436,
      0.029905088245868683,
      0.030335424467921257,
      0.03431412950158119,
      0.028439922258257866,
      0.03561234101653099,
      0.02733764797449112,
      0.03733329847455025,
      0.02643585205078125,
      0.03446675091981888,
      0.04505215957760811,
      0.03387150913476944,
      0.04130110889673233,
      0.03625450283288956,
      0.04014615714550018,
      0.038559142500162125,
      0.03828150033950806,
      0.03840490058064461,
      0.03530524671077728,
      0.040116362273693085,
      0.03728153556585312,
      0.03730599209666252,
      0.03610673174262047,
      0.03847064450383186,
      0.03666257858276367,
      0.04008442535996437,
      0.0362948514521122,
      0.04501940682530403,
      0.036239076405763626,
      0.04581407457590103,
      0.03663120046257973,
      0.05027763918042183,
      0.05002598091959953,
      0.041473764926195145,
      0.05379800498485565,
      0.04417931288480759,
      0.05223308876156807
    ]
  }
}