{
  "CNN-Attention-BiLSTM-based": {
    "training_loss": [
      0.3891771759017039,
      0.37327931038403916,
      0.3463657599384502,
      0.32801897192405444,
      0.30992628709744596,
      0.2910454207557743,
      0.27351220280437144,
      0.2573222661927595,
      0.2413254140292184,
      0.22561812754404748,
      0.21034975122597258,
      0.19659361041198342,
      0.18308658039165757,
      0.1702051187975932,
      0.15815484422748372,
      0.14675562210002188,
      0.13588304009477972,
      0.12598309312331474,
      0.11628946472527617,
      0.10772820928339231,
      0.09966770243846763,
      0.0922049982315403,
      0.08528171934313693,
      0.07917641671532291,
      0.07356568173331729,
      0.06873328188213251,
      0.06423925583140325,
      0.06078479817863238,
      0.057689166233196094,
      0.05477235643035275,
      0.052606660935838344,
      0.05038723387455536,
      0.04852713934950909,
      0.04654412950247021,
      0.04530433439097162,
      0.04328111041400392,
      0.04200070465015153,
      0.041590626083188136,
      0.0404999801036665,
      0.03937502331652884,
      0.04002098966453035,
      0.03937774524092674,
      0.03778462692842645,
      0.037041880506075035,
      0.03554933770733364,
      0.034444355484792744,
      0.033941539477998925,
      0.03312972674177865,
      0.031990498304367065,
      0.03108177008896561,
      0.030338306200958915,
      0.02952283608206248,
      0.029371841637007262,
      0.028469838801834544,
      0.027796290309752447,
      0.027189443329885855,
      0.02665316221951428,
      0.025986792140845524,
      0.02547565506676496,
      0.02500437670466253,
      0.02463825024916964,
      0.024040676053550283,
      0.023532649723149963,
      0.02305198296652002,
      0.022630928178965035,
      0.022149890029834488,
      0.021850290818739744,
      0.021331915379328242,
      0.021107431153877306,
      0.020723700618087235,
      0.020416136894185664,
      0.01996638679529651,
      0.019550915554923526,
      0.019368726602297718,
      0.01891002324173006,
      0.018613172852891987,
      0.018435906460982258,
      0.018115824877710667,
      0.017952640746104514,
      0.01785102833883237,
      0.017705166522981756,
      0.01745277346443322,
      0.0175363246540902,
      0.017121831333990825,
      0.016753708028187184,
      0.016623309039968556
    ],
    "validation_loss": [
      0.06649065762758255,
      0.07036817073822021,
      0.0670444443821907,
      0.061681412160396576,
      0.05912597104907036,
      0.05469878390431404,
      0.04768996313214302,
      0.04335050657391548,
      0.042864009737968445,
      0.04132126271724701,
      0.037147339433431625,
      0.03487824648618698,
      0.03486805781722069,
      0.034193143248558044,
      0.03476680442690849,
      0.03604733943939209,
      0.03738480433821678,
      0.04086216539144516,
      0.04330449178814888,
      0.049049828201532364,
      0.05001117289066315,
      0.04869874194264412,
      0.05155550688505173,
      0.04559831693768501,
      0.03819650411605835,
      0.03755265101790428,
      0.038206797093153,
      0.027096901088953018,
      0.04089862108230591,
      0.04868350178003311,
      0.05056187883019447,
      0.053560785949230194,
      0.05432727560400963,
      0.043874721974134445,
      0.030218428000807762,
      0.03265506774187088,
      0.02626725099980831,
      0.03332148492336273,
      0.029181383550167084,
      0.0293135829269886,
      0.02450186014175415,
      0.028242263942956924,
      0.02915557287633419,
      0.033943261951208115,
      0.033896323293447495,
      0.032356128096580505,
      0.03175181895494461,
      0.03552395850419998,
      0.0373409278690815,
      0.03673382103443146,
      0.04028332978487015,
      0.041442882269620895,
      0.050440266728401184,
      0.048612676560878754,
      0.04760634899139404,
      0.053514979779720306,
      0.06053079664707184,
      0.059750061482191086,
      0.05297244340181351,
      0.054435037076473236,
      0.05573238059878349,
      0.05321592837572098,
      0.055702388286590576,
      0.06020483002066612,
      0.053979262709617615,
      0.05552026256918907,
      0.05482549965381622,
      0.055864349007606506,
      0.06020517647266388,
      0.05116161331534386,
      0.06212973594665527,
      0.05778747797012329,
      0.05425349250435829,
      0.06621098518371582,
      0.05900464206933975,
      0.059986330568790436,
      0.05956193432211876,
      0.0582273043692112,
      0.06006503105163574,
      0.06543637067079544,
      0.058850884437561035,
      0.06879224628210068,
      0.0650319755077362,
      0.06423452496528625,
      0.05827663093805313,
      0.06636207550764084
    ]
  }
}