{
  "CNN-Attention-BiLSTM-based": {
    "training_loss": [
      0.40783600685960153,
      0.3773277230181937,
      0.35554059228654633,
      0.3313324501958944,
      0.3108785268613848,
      0.29184562119386964,
      0.27290909320621165,
      0.2545347309718698,
      0.2370846440731469,
      0.22067366944531264,
      0.20507024380110078,
      0.19007884193274935,
      0.17582481670177588,
      0.1625884094480741,
      0.14983396762508458,
      0.13804441362114275,
      0.1270661328808736,
      0.1167062394699808,
      0.10495966205657539,
      0.09308554017442768,
      0.08177517379744578,
      0.07277867273759034,
      0.0660039026732162,
      0.06054851608508724,
      0.055809559584674186,
      0.051240197177660665,
      0.04707599778549146,
      0.043384920995114214,
      0.04021003608733921,
      0.03806334980211015,
      0.0360773489889452,
      0.034384322873616625,
      0.03263058551287247,
      0.03129538836873184,
      0.030256920131081243,
      0.029889205502251447,
      0.029358073563899023,
      0.02768832681921579,
      0.026302942879876848,
      0.025594224269359797,
      0.024568021076463036,
      0.024310156734565557,
      0.02361369031970784,
      0.022691523498397762,
      0.022084656755550432,
      0.02135944622174158,
      0.02077191632430432,
      0.02028524837756561,
      0.020015259510127163,
      0.019808357928769064,
      0.019201293335122577,
      0.01893338782049842,
      0.018546203909031417,
      0.018073693675509955,
      0.017757994959415015,
      0.017266573668536494,
      0.016850978104492365,
      0.016525643498841988,
      0.016085203784375876,
      0.01567153471632529,
      0.015437224027463945,
      0.015211167066531667,
      0.015258585418558727,
      0.01513365787154032,
      0.015538212069768017,
      0.015038937677518797,
      0.014673276204552691,
      0.014282543622588708,
      0.014065029778344146,
      0.013815634599807908,
      0.013719729652975575,
      0.013534838349511058,
      0.013496112125783654,
      0.013467778972649978,
      0.013515298933548442,
      0.013471021301160424,
      0.013262558965233423,
      0.013145043877726895,
      0.013413284384345605,
      0.013080658422688306,
      0.013140407532958661,
      0.012843702540938126,
      0.012538708856929157,
      0.012360177602682073
    ],
    "validation_loss": [
      0.09987477958202362,
      0.08904183655977249,
      0.08928735554218292,
      0.08746961504220963,
      0.08197394758462906,
      0.07859376817941666,
      0.07839622348546982,
      0.07736238092184067,
      0.07446490973234177,
      0.07235423475503922,
      0.0719071626663208,
      0.07095830142498016,
      0.06966811418533325,
      0.06995157152414322,
      0.0696408599615097,
      0.0695195123553276,
      0.06775981187820435,
      0.06874606758356094,
      0.06052664667367935,
      0.05497467890381813,
      0.04342467710375786,
      0.047193657606840134,
      0.04214887693524361,
      0.046092674136161804,
      0.04738917201757431,
      0.037455108016729355,
      0.03972340747714043,
      0.04112112894654274,
      0.04294751212000847,
      0.05118095874786377,
      0.054245490580797195,
      0.0506647527217865,
      0.04867759346961975,
      0.054237909615039825,
      0.05465615168213844,
      0.038803085684776306,
      0.04137902334332466,
      0.046698834747076035,
      0.03522947430610657,
      0.04456958919763565,
      0.048232730478048325,
      0.045265913009643555,
      0.04564249888062477,
      0.047748591750860214,
      0.052819736301898956,
      0.05313914641737938,
      0.05118301138281822,
      0.05120685324072838,
      0.04452832415699959,
      0.04644251614809036,
      0.04635831341147423,
      0.04896701127290726,
      0.049364123493433,
      0.04472379758954048,
      0.04736101254820824,
      0.046883534640073776,
      0.050606682896614075,
      0.049597788602113724,
      0.049478914588689804,
      0.0500841960310936,
      0.048635661602020264,
      0.04683437570929527,
      0.0471082404255867,
      0.051883816719055176,
      0.04584385082125664,
      0.04605294391512871,
      0.04607119411230087,
      0.04812060669064522,
      0.04795834794640541,
      0.045037172734737396,
      0.04580874741077423,
      0.04914596676826477,
      0.048042748123407364,
      0.049222592264413834,
      0.04486774280667305,
      0.04229751601815224,
      0.04407589137554169,
      0.03887614235281944,
      0.037284381687641144,
      0.03677510470151901,
      0.04272694140672684,
      0.042416129261255264,
      0.04716455563902855,
      0.04738641157746315
    ]
  }
}