{
  "CNN-Attention-BiLSTM-based": {
    "training_loss": [
      0.4054723841078738,
      0.3769933230065285,
      0.35402039175337935,
      0.33172171800694567,
      0.3115492440284567,
      0.2930145207871782,
      0.2742359560854892,
      0.25597195422395747,
      0.23877649516501326,
      0.2225985141510659,
      0.20714325606822967,
      0.1922179915169452,
      0.17808072947441264,
      0.16475781931522046,
      0.15228471236026034,
      0.14037481609811175,
      0.12938791646602307,
      0.11897898969498087,
      0.10920355481670257,
      0.0986431488331328,
      0.08788907569139562,
      0.07815538346767426,
      0.07046817186030936,
      0.06473522963041956,
      0.05954939288661835,
      0.05500779847832436,
      0.050830130976565344,
      0.04724320331786541,
      0.04402934802656478,
      0.0417831061526816,
      0.039632201163058586,
      0.03785800640570357,
      0.03620270080071814,
      0.03455946252067038,
      0.033084877501142786,
      0.03176553394407668,
      0.030564858788188466,
      0.029883778927491066,
      0.028567239388506464,
      0.028127883311281812,
      0.027455451799199938,
      0.026319942250847817,
      0.02585968330819556,
      0.025457058704279837,
      0.024576974636379707,
      0.02427155483276286,
      0.02327252637515677,
      0.02267163005915094,
      0.022257347072058536,
      0.02213162087062572,
      0.021383290714088905,
      0.021174305439629452,
      0.020506843456879576,
      0.020113544919072312,
      0.019569493893613208,
      0.019226059507816397,
      0.018785395108638924,
      0.018379774340923798,
      0.017928376714599892,
      0.017424659644986722,
      0.017065915520837967,
      0.01668639813569632,
      0.016353473709301746,
      0.015986764859011834,
      0.015688260716009646,
      0.01570295330057753,
      0.01591511166634712,
      0.01657116765037496,
      0.016165423587440175,
      0.016400163073806054,
      0.015857391534967624,
      0.0158649035313345,
      0.015752416377530453,
      0.015000220867706106,
      0.014858906018607159,
      0.01443143237302912,
      0.014065021490480037,
      0.01408417300182454
    ],
    "validation_loss": [
      0.09644821286201477,
      0.0906403586268425,
      0.08832934498786926,
      0.082209512591362,
      0.07498180121183395,
      0.07140251249074936,
      0.07002697885036469,
      0.06710726767778397,
      0.06307510286569595,
      0.0604790598154068,
      0.05954475700855255,
      0.05854253098368645,
      0.056881148368120193,
      0.05550800636410713,
      0.05505426600575447,
      0.05432319641113281,
      0.05388878285884857,
      0.05388344079256058,
      0.05035104975104332,
      0.04268455132842064,
      0.0348515510559082,
      0.02857077866792679,
      0.02673504315316677,
      0.027100419625639915,
      0.026761341840028763,
      0.026740888133645058,
      0.025949900969862938,
      0.026388641446828842,
      0.025812359526753426,
      0.02587132528424263,
      0.025123335421085358,
      0.024958206340670586,
      0.024871252477169037,
      0.025487020611763,
      0.025032933801412582,
      0.025418585166335106,
      0.02653329446911812,
      0.02564435824751854,
      0.025031093508005142,
      0.026706580072641373,
      0.02686033770442009,
      0.025755731388926506,
      0.02648381143808365,
      0.02619543857872486,
      0.025044076144695282,
      0.026500292122364044,
      0.026242457330226898,
      0.026249991729855537,
      0.02738053724169731,
      0.027606502175331116,
      0.026714181527495384,
      0.027516206726431847,
      0.025840871036052704,
      0.028488732874393463,
      0.031087595969438553,
      0.029843250289559364,
      0.02977181039750576,
      0.031231410801410675,
      0.031052621081471443,
      0.031225508078932762,
      0.03197791054844856,
      0.032960712909698486,
      0.031129488721489906,
      0.033003926277160645,
      0.03338940441608429,
      0.032140981405973434,
      0.0306546688079834,
      0.029667505994439125,
      0.028134170919656754,
      0.02924077957868576,
      0.030120689421892166,
      0.02772996760904789,
      0.02938925288617611,
      0.030239447951316833,
      0.03233462944626808,
      0.033718883991241455,
      0.03291238471865654,
      0.03559902310371399
    ]
  }
}