{
  "CNN-Attention-BiLSTM-based": {
    "training_loss": [
      0.4049722819756239,
      0.3771623441806206,
      0.35220102621958804,
      0.33021005606039977,
      0.3057011113717006,
      0.2863157834762182,
      0.2682826266838954,
      0.24914446167456797,
      0.23212254658723488,
      0.21629001123782915,
      0.20042585486020797,
      0.18560207730684525,
      0.17151806293389735,
      0.15843983376637483,
      0.14556837502198341,
      0.13385586402355096,
      0.12283903474991138,
      0.11241974433263142,
      0.10302350116081727,
      0.09449932380364491,
      0.08642235092627697,
      0.07890504197432445,
      0.07185828819488868,
      0.06576766971594249,
      0.06029347750620964,
      0.055459308414123,
      0.05127239217742895,
      0.047632310539484024,
      0.04448019503018795,
      0.042235445135679,
      0.04040852275032263,
      0.03877273517159315,
      0.03716295718764647,
      0.03542773616619599,
      0.03396919512977967,
      0.03238290290419872,
      0.031010233104611054,
      0.02975841487447421,
      0.02867917028757242,
      0.027771185414913375,
      0.027073081200703595,
      0.02646511568663976,
      0.02584742157696149,
      0.02492859844978039,
      0.0241273691256841,
      0.02333132726832842,
      0.022623536821741324,
      0.0221595480464972,
      0.021587593528704766,
      0.021072512205976706,
      0.0206116242095446,
      0.02026447333777562,
      0.0196676373672791,
      0.01926189360137169,
      0.01882545210612126,
      0.018450946093369752,
      0.018075366767171103,
      0.017586662887762755,
      0.01732181041286542,
      0.016997126695246268,
      0.01677167711731715,
      0.016341523816570256,
      0.01615616753219794,
      0.016171332544241197,
      0.01590338597695033,
      0.015554977198823905
    ],
    "validation_loss": [
      0.0999411791563034,
      0.09345043450593948,
      0.09102894365787506,
      0.08310455083847046,
      0.06592700630426407,
      0.056162234395742416,
      0.05317598208785057,
      0.048555903136730194,
      0.04302545264363289,
      0.040659766644239426,
      0.04033598676323891,
      0.038434483110904694,
      0.035735953599214554,
      0.034964337944984436,
      0.034512802958488464,
      0.03402789682149887,
      0.03385355323553085,
      0.03369814530014992,
      0.035873059183359146,
      0.03354004770517349,
      0.03229908645153046,
      0.03529777005314827,
      0.036090053617954254,
      0.035913627594709396,
      0.03683985397219658,
      0.038601331412792206,
      0.039253149181604385,
      0.03832758218050003,
      0.03704797849059105,
      0.04329423978924751,
      0.03919196128845215,
      0.0406603068113327,
      0.04251284897327423,
      0.03436288237571716,
      0.040563736110925674,
      0.04120189696550369,
      0.03821199759840965,
      0.04389673098921776,
      0.04557153582572937,
      0.043406106531620026,
      0.04729040712118149,
      0.043373048305511475,
      0.04696326702833176,
      0.04844385385513306,
      0.04362105205655098,
      0.04517754167318344,
      0.04490594193339348,
      0.051542505621910095,
      0.04855053499341011,
      0.05133925378322601,
      0.04755869880318642,
      0.0580599308013916,
      0.050193823873996735,
      0.05345778167247772,
      0.04826429858803749,
      0.05402432382106781,
      0.05481932684779167,
      0.05315258353948593,
      0.053831279277801514,
      0.04990449547767639,
      0.055751651525497437,
      0.0515059195458889,
      0.0490218810737133,
      0.05338326469063759,
      0.051620882004499435,
      0.049603357911109924
    ]
  }
}