{
  "CNN-Attention-BiLSTM-based": {
    "training_loss": [
      0.4004417073317352,
      0.3747914210921193,
      0.34975987097224454,
      0.3276534200737916,
      0.3067366024199473,
      0.2874542016839776,
      0.26826011200831174,
      0.24964982910729272,
      0.2318613980077367,
      0.21515825966397067,
      0.1993084538392243,
      0.18420168194648023,
      0.16963370803088076,
      0.1561426915580111,
      0.1432873954588763,
      0.13126903887470392,
      0.11903651835708659,
      0.10706686068630014,
      0.09626868795683456,
      0.08712498261693209,
      0.07965357662398416,
      0.07230203256586591,
      0.06556279894939819,
      0.05913735847808261,
      0.053719516747627136,
      0.0489706349890887,
      0.04480872734933452,
      0.041172868512219116,
      0.038323079935342966,
      0.03618030240479457,
      0.03469549714239882,
      0.03339584907237041,
      0.03231632580796792,
      0.03097251589238132,
      0.02968977014394277,
      0.02833245387660587,
      0.027259971578745372,
      0.026225996567455997,
      0.025282690733223513,
      0.02445277549294443,
      0.02368249804932672,
      0.023050925226746198,
      0.022323001503880443,
      0.021793321822270305,
      0.021222927907377866,
      0.02081523611821842,
      0.020470239206061343,
      0.02033673860772229,
      0.02073598581929831,
      0.01978706115209238,
      0.01977582141565151,
      0.019350718147253275,
      0.019054037274976655,
      0.018690702253592883,
      0.018403043370901772,
      0.01798358223053263,
      0.017583683444898527,
      0.01759833695422938,
      0.017757644421169175,
      0.017626556603821564,
      0.01684066419022022,
      0.016912901294397695,
      0.01649405495083767,
      0.016159363630599475,
      0.015677983169104154,
      0.015347117913862921,
      0.015177277840130319,
      0.014907458777111743,
      0.014717518511855807,
      0.014439977041961297
    ],
    "validation_loss": [
      0.08679245412349701,
      0.08205443620681763,
      0.08075640350580215,
      0.07552490383386612,
      0.06890205293893814,
      0.06546473503112793,
      0.06512203812599182,
      0.06436941027641296,
      0.06157355010509491,
      0.058158669620752335,
      0.05615886300802231,
      0.05551745370030403,
      0.054426517337560654,
      0.05311146378517151,
      0.051914166659116745,
      0.048940274864435196,
      0.04364726319909096,
      0.03717419132590294,
      0.034709781408309937,
      0.03335006162524223,
      0.03213994950056076,
      0.03644910082221031,
      0.03572877496480942,
      0.03132764250040054,
      0.030442655086517334,
      0.03097624145448208,
      0.03195042163133621,
      0.03376307711005211,
      0.034361496567726135,
      0.03238678351044655,
      0.03429064527153969,
      0.035052161663770676,
      0.032042212784290314,
      0.03163759410381317,
      0.03283531591296196,
      0.03307516127824783,
      0.03333093225955963,
      0.034514643251895905,
      0.0337497778236866,
      0.03785566985607147,
      0.03470996022224426,
      0.03896470367908478,
      0.035067200660705566,
      0.038101810961961746,
      0.0372718870639801,
      0.039735447615385056,
      0.03933664783835411,
      0.04095705598592758,
      0.03923562914133072,
      0.03387671709060669,
      0.03462962061166763,
      0.03607345372438431,
      0.037459805607795715,
      0.03678561747074127,
      0.039780519902706146,
      0.039847392588853836,
      0.045229606330394745,
      0.043792009353637695,
      0.03928099200129509,
      0.04132256284356117,
      0.036304596811532974,
      0.03713564947247505,
      0.037317659705877304,
      0.03604315221309662,
      0.04281441867351532,
      0.03590122237801552,
      0.043851349502801895,
      0.04313371330499649,
      0.048053331673145294,
      0.047029878944158554
    ]
  }
}