{
  "CNN-Attention-BiLSTM-based": {
    "training_loss": [
      0.40914401206476936,
      0.3755683826989141,
      0.35446148699727553,
      0.3313306837246336,
      0.3101712907182759,
      0.29108398125089446,
      0.2720612472501294,
      0.25358439930554094,
      0.23606913716628633,
      0.21950046307054058,
      0.20379775351491466,
      0.18872694671154022,
      0.17438281250411067,
      0.16098187863826752,
      0.148220032453537,
      0.1363065129724042,
      0.12525043867785354,
      0.11476054684869175,
      0.10504969235124259,
      0.09512430352383647,
      0.0850050680596253,
      0.07469918964238002,
      0.06642246272029548,
      0.06000270643110933,
      0.054957003942851364,
      0.05014619655136404,
      0.04617368673969959,
      0.04315306477505585,
      0.04043650190378058,
      0.03812735065304,
      0.03628151362826084,
      0.034680417385594596,
      0.032974639329417,
      0.03100231784427988,
      0.029756100527171432,
      0.02853046640239913,
      0.027662308501272367,
      0.026609618859044438,
      0.025663877612557905,
      0.024743535202638858,
      0.023942854191208708,
      0.02334610899460727,
      0.022938568337724126,
      0.02251415095966438,
      0.022574340667704057,
      0.021710949917805606,
      0.02118004132704488,
      0.020706707483221745,
      0.020200141095395745,
      0.019771057213174886,
      0.019357180287098062,
      0.01908858852653668,
      0.01885488288926667,
      0.0183877639215568,
      0.01829593538724143,
      0.017973075588715488,
      0.017489608826822246,
      0.017122869925766157,
      0.016692808058498234,
      0.016442035678131826,
      0.016144107095897198,
      0.015835165527874027,
      0.01584022093949647,
      0.0157557244187799,
      0.015565524969635338,
      0.015201909339119649,
      0.015226987222659177,
      0.015149766129666361,
      0.015178936308827894,
      0.014776649435275587
    ],
    "validation_loss": [
      0.1102386862039566,
      0.09587635099887848,
      0.09128893166780472,
      0.0873761847615242,
      0.08124284446239471,
      0.07687258720397949,
      0.07474175095558167,
      0.07246595621109009,
      0.06944119185209274,
      0.06728294491767883,
      0.06633443385362625,
      0.0657670721411705,
      0.06478026509284973,
      0.06395319849252701,
      0.0633620172739029,
      0.06324397027492523,
      0.06292371451854706,
      0.06272022426128387,
      0.05964811518788338,
      0.055216483771800995,
      0.046460215002298355,
      0.03628716617822647,
      0.03267543762922287,
      0.03264938294887543,
      0.03208794444799423,
      0.03307069092988968,
      0.0353861078619957,
      0.03601725026965141,
      0.034891556948423386,
      0.037586912512779236,
      0.034612029790878296,
      0.03424086421728134,
      0.038308486342430115,
      0.03666863590478897,
      0.03936048224568367,
      0.04248815402388573,
      0.039815474301576614,
      0.03944262117147446,
      0.03938160091638565,
      0.0417870432138443,
      0.04366185516119003,
      0.04190165922045708,
      0.04158264771103859,
      0.041742268949747086,
      0.04020797461271286,
      0.04006121680140495,
      0.04227627068758011,
      0.04149799793958664,
      0.04381483048200607,
      0.04085375368595123,
      0.04223145917057991,
      0.045439690351486206,
      0.04203818738460541,
      0.04463140666484833,
      0.04261523112654686,
      0.04533664882183075,
      0.046078361570835114,
      0.047010183334350586,
      0.04710868373513222,
      0.05122673884034157,
      0.05170387402176857,
      0.057311344891786575,
      0.05788887292146683,
      0.06004766747355461,
      0.05148107185959816,
      0.05874830111861229,
      0.05828256160020828,
      0.054516904056072235,
      0.05733412504196167,
      0.05423970893025398
    ]
  }
}