{
  "CNN-Attention-BiGRU-based": {
    "training_loss": [
      4.059301565433371,
      3.472639662643959,
      2.9777614198882003,
      2.5273533344268797,
      2.1284176234541268,
      1.7770671523850539,
      1.478683540738862,
      1.2365576908506195,
      1.0447166015361917,
      0.9069265534137857,
      0.8250070317038174,
      0.7597605179096091,
      0.7036625664809655,
      0.6639112258779591,
      0.6189200212215555,
      0.580878681149976,
      0.5613817066981874,
      0.5298615796812649,
      0.5025977656759065,
      0.4907477249359262,
      0.4586962531352865,
      0.43420588086391315,
      0.4136443471086436,
      0.3937186857749676,
      0.37681143509930576,
      0.36007887823828333,
      0.3450246089491351,
      0.3315431085126153,
      0.31789529590771115,
      0.30535845160484315,
      0.2938865314269888,
      0.28235089593920215,
      0.2725767618623273,
      0.26250821783624845,
      0.2531482007996789,
      0.2440681722657434,
      0.2355630210761366,
      0.22779340528208633,
      0.2205080654086738,
      0.21413751008181736,
      0.20659949378720646,
      0.20051040300007525,
      0.19529072847859613,
      0.18822801616685145,
      0.18397346919980542,
      0.17904336359994164,
      0.17509449956745937,
      0.16973231660908666,
      0.16861860197165918,
      0.1646511290607781,
      0.15949419747138846,
      0.16488307950825526,
      0.15644953384481627,
      0.14989101177659528,
      0.14736598709533955,
      0.14235177225080028,
      0.13954106353480242,
      0.13781884374289677,
      0.13471243705215125,
      0.13227803892102735,
      0.13054268668437827,
      0.12784600653525058,
      0.12460192709133543,
      0.12058371613765585,
      0.11640195903079263,
      0.11340004663015234,
      0.11120267900927314,
      0.10894304775986179,
      0.10722613252442459,
      0.10501616211800739,
      0.10286723971366882,
      0.10128388363739539,
      0.09967342969672434,
      0.09852618498021158,
      0.09621512021484047,
      0.09518911257900041,
      0.09374963985434893,
      0.092471490029631,
      0.09104252241808793,
      0.09033734325704904,
      0.089646134037396
    ],
    "validation_loss": [
      0.207351616024971,
      0.13629017873057003,
      0.07824101170589184,
      0.0755440272647759,
      0.03219494141381363,
      0.03314129653675803,
      0.026987864860686762,
      0.02238639067087708,
      0.02299849479619799,
      0.029292042630499806,
      0.025349850194721385,
      0.024574342434262406,
      0.032399060153241815,
      0.031573323738472214,
      0.02618768477234347,
      0.02653941428609963,
      0.030861514973743207,
      0.028333782147744607,
      0.03990239701394377,
      0.02262247955619261,
      0.023807743641323056,
      0.020516729052981426,
      0.021232524616964933,
      0.020716290419985506,
      0.01948562531635679,
      0.01941341543249015,
      0.019290730781082448,
      0.018418408365085206,
      0.0188126387652652,
      0.018128356009978672,
      0.01764784918391499,
      0.01815857645124197,
      0.020024962389263615,
      0.018115321797286643,
      0.017925094376350273,
      0.017638449447936026,
      0.01930932030081749,
      0.017737750888898455,
      0.01901148754846433,
      0.02026528189408368,
      0.01921114077598884,
      0.02009529016655067,
      0.019135024732556835,
      0.023571591400380794,
      0.017871136462380147,
      0.021195662779540853,
      0.0248190238172638,
      0.028686155789885027,
      0.02611148461442569,
      0.021112818733371536,
      0.036153667086157304,
      0.025885261685169976,
      0.026558603282118665,
      0.02411403333575561,
      0.020660629213370127,
      0.021633344143629073,
      0.02033875881340997,
      0.021530297051729826,
      0.03198280847021218,
      0.019314971180825397,
      0.020961542864297997,
      0.02945453280518795,
      0.01864286912926312,
      0.020234262570738792,
      0.02044048624048973,
      0.01966321741969421,
      0.018360061204895892,
      0.02136421148376218,
      0.018344166239017044,
      0.01891055813637273,
      0.019515628894341403,
      0.018873047276303685,
      0.017917756665626478,
      0.01903468082691061,
      0.020303927670265065,
      0.018042968887964198,
      0.019078397185638033,
      0.018286898751454107,
      0.021526525991744008,
      0.01828726450430936,
      0.021899983967686523
    ]
  }
}