{
  "CNN-Attention-BiGRU-based": {
    "training_loss": [
      4.037246544744066,
      3.436166382824201,
      2.902743103590654,
      2.427282695325545,
      2.010240737638325,
      1.6475883969371183,
      1.34300466831484,
      1.0937320753700375,
      0.8996991530601225,
      0.7649245407297204,
      0.688252782265757,
      0.6209035379898981,
      0.5638719197999628,
      0.5197634402025549,
      0.47792264186038874,
      0.44282974526672164,
      0.4119649359599296,
      0.3839809103950935,
      0.3590287271250097,
      0.3360562287464043,
      0.31597421870330455,
      0.29663375282534665,
      0.27850968479492505,
      0.26502324602146843,
      0.24973067826557654,
      0.23587408090502487,
      0.2257534459310492,
      0.21740415954836909,
      0.2076544879786091,
      0.1972279984870723,
      0.19221718848678115,
      0.18125673294685046,
      0.1718356895014412,
      0.16642435752048393,
      0.15847975131452394,
      0.15112330405514474,
      0.14537597250753115,
      0.13935014590080538,
      0.13382740006082416,
      0.129472045005912,
      0.1256973653491297,
      0.12263206666615342,
      0.11914676555234534,
      0.1163791181046728,
      0.11327079401732726,
      0.11153328194828231,
      0.11035837240787368,
      0.11208237742358539,
      0.10949567531674637,
      0.10537363893781919,
      0.10229173260186003,
      0.10223268489763526,
      0.10097714343682472,
      0.09955493955260114,
      0.10170105833154885,
      0.10278513193748158,
      0.09808763367524419,
      0.09618834518089196,
      0.09277956481115805,
      0.08941861697583618,
      0.08659963406274973,
      0.08474533410424395,
      0.08377793929274219,
      0.08265545358157529,
      0.08181616042407683,
      0.08120164217263305,
      0.07991874978486738,
      0.07780198081169722,
      0.07825789542704666,
      0.0776119298576691,
      0.0765999693790248,
      0.07633092802577686
    ],
    "validation_loss": [
      0.17838628158487121,
      0.10722752454979666,
      0.08943590393354153,
      0.06267750638312307,
      0.04767823936096553,
      0.03248262987311544,
      0.027243107364609324,
      0.020410491783043435,
      0.01774057862830573,
      0.028026540256265935,
      0.017915345914661884,
      0.01727088449587082,
      0.024244612301218098,
      0.016276263214390855,
      0.016121597671560173,
      0.018984467060915354,
      0.015356144270506399,
      0.016142076870490765,
      0.018511910877864936,
      0.015571597462584233,
      0.016952529080725948,
      0.016131335670321153,
      0.020621872911679332,
      0.01667995120173898,
      0.015363991665172166,
      0.024697438486177347,
      0.015282686388698117,
      0.02140405531330355,
      0.022386192029406286,
      0.025166342279006694,
      0.017913721437598097,
      0.019149747863411903,
      0.022317261647047667,
      0.016350292298814347,
      0.01934007250800215,
      0.01730985401262497,
      0.015377414483448554,
      0.01629729396824179,
      0.01844086282212159,
      0.01645760033921949,
      0.016120433312808644,
      0.018087656461987,
      0.01862887604611701,
      0.016448617784370637,
      0.018475670084871096,
      0.018276196904480457,
      0.02562710812379574,
      0.01804179558209304,
      0.018767897302991356,
      0.015557402256747772,
      0.030021693043667693,
      0.016684332528504833,
      0.01942628415237213,
      0.034838974475860596,
      0.019749541002614744,
      0.01929184082767059,
      0.020092137813054283,
      0.016625669502235693,
      0.016859631619319835,
      0.020878815715169086,
      0.02083193509486215,
      0.018658911764364818,
      0.017625226530021635,
      0.02341471887354193,
      0.01779587202031037,
      0.018192219811266865,
      0.021815960456071228,
      0.020414407795359347,
      0.01717625147952088,
      0.020846497383097122,
      0.022510321219933443,
      0.018171781661181614
    ]
  }
}