{
  "CNN-Attention-BiGRU-based": {
    "training_loss": [
      4.033662265559793,
      3.4256277340093697,
      2.88060046562274,
      2.400574458924132,
      1.9787169699025402,
      1.6133237598676582,
      1.299379105386437,
      1.0453751509989835,
      0.8470515491228202,
      0.7081776506760541,
      0.6282088288386388,
      0.5603686465936548,
      0.5021055639821352,
      0.4551888882701372,
      0.4162775419368876,
      0.3868271838422465,
      0.3543042608610899,
      0.32699961779851816,
      0.304097219321967,
      0.2880278745324554,
      0.2755828483294451,
      0.25644119754175826,
      0.23916566511132725,
      0.22528165166353273,
      0.21125278480118947,
      0.19886164764219502,
      0.1887898311586116,
      0.17824557578274947,
      0.16890816895813265,
      0.16118083213646106,
      0.1545249864613721,
      0.14915330429596885,
      0.14432961181785822,
      0.13980774694866788,
      0.1368523199613944,
      0.13297597579271322,
      0.12968052431270738,
      0.1265593954332972,
      0.12689094157779918,
      0.12196318980525522,
      0.11961625201891862,
      0.12002126516767851,
      0.11500165031443005,
      0.11007101782259232,
      0.1058480170358836,
      0.10207235292373644,
      0.09892871094203738,
      0.09603173314081344,
      0.09352203938065928,
      0.09138505609390232,
      0.0897078387258787,
      0.08811939095233963,
      0.08716349056229047,
      0.08700535436093189,
      0.0857278562334582,
      0.08497932421810486,
      0.08368646619022924,
      0.08286471569517492
    ],
    "validation_loss": [
      0.1841661576567025,
      0.12761241362012665,
      0.08732014092905768,
      0.05344032956094577,
      0.04281829020072674,
      0.025964815323722773,
      0.024357641038709674,
      0.01809806261725467,
      0.017681987911205867,
      0.01959839089420335,
      0.017224425180204984,
      0.02198955768012795,
      0.016676086026789813,
      0.018432494599757522,
      0.029357110182272977,
      0.018648436993103604,
      0.020775730766612908,
      0.01809634138540975,
      0.021251432013151973,
      0.031220250666655344,
      0.019191380153442253,
      0.019500464143167282,
      0.022683172056387212,
      0.01760735501503122,
      0.018244878221945517,
      0.02134403408472908,
      0.016856543116014578,
      0.017525891632098577,
      0.01916645347172844,
      0.0172371178993891,
      0.01755275664658382,
      0.022887726230867978,
      0.01957056273802601,
      0.018308136136881235,
      0.030236544794049757,
      0.018436121979150278,
      0.01961575005974235,
      0.03802672185260674,
      0.018775223985571285,
      0.01942302619974161,
      0.03355740414097391,
      0.01992765834619259,
      0.018777706140074235,
      0.017156605872100796,
      0.017953694412677454,
      0.01749951477836946,
      0.017220989017394082,
      0.01926016698366609,
      0.018368342139854513,
      0.017702369558913956,
      0.01908679706654672,
      0.018270666820221933,
      0.020493226787396547,
      0.016974054790776353,
      0.019577626562837895,
      0.017284937980103082,
      0.021074994640617534,
      0.02182471152266552
    ]
  }
}