{
  "CNN-Attention-BiGRU-based": {
    "training_loss": [
      4.01500985733971,
      3.409957548154702,
      2.8455037211214855,
      2.3550404204859476,
      1.9218844433591105,
      1.5444926843692772,
      1.2323182112629327,
      0.9743655444844344,
      0.7810490159269429,
      0.6414301470825949,
      0.5621479799264019,
      0.4977235071993783,
      0.44243263408051,
      0.40021252120801437,
      0.3629186967423305,
      0.33152071312973774,
      0.30768373768705637,
      0.283718290165764,
      0.26236657614931075,
      0.2482016827504391,
      0.23735806524133765,
      0.22497888260635593,
      0.21017363602925007,
      0.19842664187247874,
      0.19087836464005078,
      0.1795160404214413,
      0.16901779897911295,
      0.1620620964563079,
      0.15418001306945364,
      0.14700884311306622,
      0.14370983696996237,
      0.13801675394461516,
      0.13253831434704402,
      0.129264146489845,
      0.12488258950270234,
      0.12281997929257785,
      0.1213875415136124,
      0.11846012561428691,
      0.11663248947784434,
      0.11237026314594924,
      0.1082966379059456,
      0.104788091156367,
      0.10211284341132414,
      0.1013863608757586,
      0.09826747555305061,
      0.09502849330160398,
      0.09590898820907652,
      0.09538589040885971,
      0.09365855606734443,
      0.09147997196615258,
      0.09068331610495338,
      0.09541727546957585,
      0.09717563506170616,
      0.09404559454120424,
      0.09300248218987596,
      0.08978218582670239,
      0.08814808608805906,
      0.08471046525023013,
      0.081705621342002,
      0.08049696474699256,
      0.07892418346743857,
      0.07740226332453343
    ],
    "validation_loss": [
      0.20235083072349944,
      0.11962595905723243,
      0.09476561448697386,
      0.0630558899764357,
      0.04175985619939607,
      0.03578587757616208,
      0.024166764229022225,
      0.029011873566898806,
      0.018342666886746885,
      0.02102438036737771,
      0.01811627325569761,
      0.018079754498241278,
      0.022529638944001035,
      0.017579551509998997,
      0.01991867722365363,
      0.022309671432293694,
      0.017217046639014934,
      0.026585365677702016,
      0.02050210096198937,
      0.01859561298684827,
      0.031158619849332447,
      0.019792184753921527,
      0.018316653794769582,
      0.025009354435164353,
      0.018130234616069957,
      0.022716489678312992,
      0.019533987221275938,
      0.01831295860224757,
      0.02066453306068634,
      0.021183196936958824,
      0.018135954246952617,
      0.024031496330581863,
      0.02267375365541927,
      0.018137385978780944,
      0.03275673416411055,
      0.019855074783594443,
      0.018970170938249292,
      0.021659348661015775,
      0.018103021730122897,
      0.02024400700525991,
      0.01882139100725281,
      0.01746507662123647,
      0.024416837468743326,
      0.018214084413544884,
      0.01929769399736462,
      0.02424632660273848,
      0.019236055607425754,
      0.027755427476147124,
      0.020125037258298232,
      0.019658259231725643,
      0.026259081772175327,
      0.028308322807324343,
      0.02300212030009977,
      0.022556600912377753,
      0.019999711690791722,
      0.022484963220255127,
      0.01803291984673204,
      0.02165784839026887,
      0.01956862910040494,
      0.020058279163364705,
      0.021551221917415486,
      0.02101048489326033
    ]
  }
}