{
  "CNN-Attention-BiGRU-based": {
    "training_loss": [
      4.044333577156067,
      3.490549166997274,
      2.989915688832601,
      2.544522523880005,
      2.1385993162790933,
      1.7756739457448323,
      1.4558903376261394,
      1.1803096930185955,
      0.94885782400767,
      0.7634435693422953,
      0.6235026717185974,
      0.5291546682516733,
      0.4704458514849345,
      0.4138394594192505,
      0.36775025228659314,
      0.3310338507095973,
      0.2992853969335556,
      0.2742263327042262,
      0.25307796398798627,
      0.23494700342416763,
      0.21890205144882202,
      0.20816393941640854,
      0.19592237969239554,
      0.18207790205876032,
      0.17140375077724457,
      0.16155643264452615,
      0.1526478777329127,
      0.14496922741333643,
      0.1384741192062696,
      0.1322039837638537,
      0.12602282191316286,
      0.1217765969534715,
      0.11735650772849719,
      0.11365725100040436,
      0.10980754594008128,
      0.10790971294045448,
      0.1052818348010381,
      0.10338737815618515,
      0.10086877644062042,
      0.09905273964007695,
      0.09627968817949295,
      0.09371364985903104,
      0.09276518349846204,
      0.09262541681528091,
      0.09110018735130627,
      0.08874508117636044,
      0.08692862465977669,
      0.08567589893937111,
      0.08385242149233818,
      0.08219389865795772,
      0.08204679811994235,
      0.08221600701411565,
      0.08103048801422119,
      0.0796014815568924,
      0.07837151115139325,
      0.07858637223641078,
      0.07758056620756786,
      0.07682812834779422,
      0.0757060411075751
    ],
    "validation_loss": [
      0.20205101867516836,
      0.16446536779403687,
      0.11227688193321228,
      0.08894018332163493,
      0.06249159822861353,
      0.04370987912019094,
      0.031046224137147267,
      0.024922107967237633,
      0.02186224392304818,
      0.019303140851358574,
      0.018510291663308937,
      0.018592858997484047,
      0.018560851303239662,
      0.018257087096571922,
      0.018376078456640244,
      0.018932801981767017,
      0.023030508309602737,
      0.020442715225120384,
      0.023368722448746364,
      0.01868990653504928,
      0.03524669321874777,
      0.020586842360595863,
      0.020359316219886143,
      0.02597225271165371,
      0.018983776370684307,
      0.018619398896892864,
      0.02436080202460289,
      0.020904705859720707,
      0.019633380385736626,
      0.021058773001035053,
      0.024708451703190804,
      0.019701525879402954,
      0.018803223967552185,
      0.02042518804470698,
      0.027264262239138286,
      0.019753273266057175,
      0.020354812343915302,
      0.02025100930283467,
      0.020892377321918804,
      0.02020956203341484,
      0.01857443309078614,
      0.024615963300069172,
      0.021132958432038624,
      0.021247570402920246,
      0.020057125637928646,
      0.021130592251817387,
      0.020075300397972267,
      0.018931676323215168,
      0.02157304746409257,
      0.025616268316904705,
      0.020560478791594505,
      0.020044139275948208,
      0.01959257945418358,
      0.022194799035787582,
      0.02046949975192547,
      0.019025917475422222,
      0.02035834826529026,
      0.018943975990017254,
      0.019091281108558178
    ]
  }
}