{
  "GRU-based": {
    "MSE": 0.027948,
    "MAE": 0.134152,
    "RMSE": 0.167176,
    "MAPE": 0.241277
  }
}