{
  "GRU-based": {
    "MSE": 0.028067,
    "MAE": 0.13471,
    "RMSE": 0.167527,
    "MAPE": 0.242686
  }
}