{
  "GRU-based": {
    "MSE": 0.028241,
    "MAE": 0.135388,
    "RMSE": 0.168041,
    "MAPE": 0.244513
  }
}