{
  "GRU-based": {
    "MSE": 0.044205,
    "MAE": 0.171573,
    "RMSE": 0.210249,
    "MAPE": 0.297118
  }
}