{
  "GRU-based": {
    "MSE": 0.032052,
    "MAE": 0.145183,
    "RMSE": 0.179024,
    "MAPE": 0.259065
  }
}