{
  "GRU-based": {
    "MSE": 0.034006,
    "MAE": 0.149811,
    "RMSE": 0.1844,
    "MAPE": 0.266829
  }
}