{
  "GRU-based": {
    "MSE": 0.035209,
    "MAE": 0.151851,
    "RMSE": 0.187638,
    "MAPE": 0.26894
  }
}