{
  "CNN-GRU-based": {
    "MSE": 0.009789,
    "MAE": 0.077912,
    "RMSE": 0.098939,
    "MAPE": 0.48309
  }
}