{
  "CNN-GRU-based": {
    "MSE": 0.020343,
    "MAE": 0.100526,
    "RMSE": 0.142628,
    "MAPE": 33.321352
  }
}