{
  "CNN-GRU-based": {
    "MSE": 0.015892,
    "MAE": 0.10299,
    "RMSE": 0.125064,
    "MAPE": 0.418608
  }
}