{
  "CNN-GRU-based": {
    "MSE": 0.00986,
    "MAE": 0.08121,
    "RMSE": 0.099252,
    "MAPE": 0.445888
  }
}