{
  "CNN-GRU-based": {
    "MSE": 0.021958,
    "MAE": 0.119338,
    "RMSE": 0.142582,
    "MAPE": 0.510654
  }
}