{
  "CNN-GRU-based": {
    "MSE": 0.011217,
    "MAE": 0.085089,
    "RMSE": 0.10591,
    "MAPE": 0.387154
  }
}