{
  "CNN-GRU-based": {
    "MSE": 0.027643,
    "MAE": 0.142986,
    "RMSE": 0.166039,
    "MAPE": 0.511837
  }
}