{
  "CNN-GRU-based": {
    "MSE": 0.009008,
    "MAE": 0.074971,
    "RMSE": 0.09482,
    "MAPE": 0.413684
  }
}