{
  "CNN-GRU-based": {
    "MSE": 0.063721,
    "MAE": 0.225278,
    "RMSE": 0.244746,
    "MAPE": 0.850844
  }
}