{
  "CNN-GRU-based": {
    "MSE": 0.017404,
    "MAE": 0.110009,
    "RMSE": 0.131925,
    "MAPE": 0.44647
  }
}