{
  "CNN-GRU-based": {
    "MSE": 0.017355,
    "MAE": 0.108029,
    "RMSE": 0.129261,
    "MAPE": 0.447863
  }
}