{
  "CNN-GRU-based": {
    "MSE": 0.011765,
    "MAE": 0.086583,
    "RMSE": 0.108027,
    "MAPE": 0.519786
  }
}