{
  "CNN-GRU-based": {
    "MSE": 0.015349,
    "MAE": 0.101311,
    "RMSE": 0.123098,
    "MAPE": 0.43354
  }
}