{
  "CNN-GRU-based": {
    "MSE": 0.010624,
    "MAE": 0.081976,
    "RMSE": 0.103057,
    "MAPE": 0.443858
  }
}