{
  "CNN-GRU-based": {
    "MSE": 0.020249,
    "MAE": 0.121615,
    "RMSE": 0.141386,
    "MAPE": 0.466542
  }
}