{
  "CNN-GRU-based": {
    "MSE": 0.011749,
    "MAE": 0.086884,
    "RMSE": 0.10752,
    "MAPE": 0.422271
  }
}