{
  "CNN-Attention-GRU-based": {
    "MSE": 0.125883,
    "MAE": 0.310059,
    "RMSE": 0.3548,
    "MAPE": 762500826578.3413
  }
}