{
  "CNN-Attention-GRU-based": {
    "MSE": 0.089673,
    "MAE": 0.249328,
    "RMSE": 0.299454,
    "MAPE": 1440440194886.6213
  }
}