{
  "CNN-Attention-GRU-based": {
    "MSE": 0.10309,
    "MAE": 0.265605,
    "RMSE": 0.316597,
    "MAPE": 1428176452745.963
  }
}