{
  "CNN-Attention-GRU-based": {
    "MSE": 0.135657,
    "MAE": 0.320659,
    "RMSE": 0.366514,
    "MAPE": 694277660563.687
  }
}