{
  "CNN-Attention-GRU-based": {
    "MSE": 0.142065,
    "MAE": 0.33118,
    "RMSE": 0.373877,
    "MAPE": 454797378504.37115
  }
}