{
  "CNN-Attention-GRU-based": {
    "MSE": 0.133757,
    "MAE": 0.316074,
    "RMSE": 0.362001,
    "MAPE": 710739180608.8468
  }
}