{
  "CNN-Attention-GRU-based": {
    "MSE": 0.142157,
    "MAE": 0.328914,
    "RMSE": 0.373737,
    "MAPE": 546734948022.42365
  }
}