{
  "CNN-Attention-GRU-based": {
    "MSE": 0.146273,
    "MAE": 0.336331,
    "RMSE": 0.380558,
    "MAPE": 471635360629.41754
  }
}