{
  "CNN-Attention-GRU-based": {
    "MSE": 0.147473,
    "MAE": 0.33966,
    "RMSE": 0.382812,
    "MAPE": 385574857843.0998
  }
}