{
  "CNN-Attention-GRU-based": {
    "MSE": 0.118905,
    "MAE": 0.2993,
    "RMSE": 0.344826,
    "MAPE": 932920064488.5002
  }
}