{
  "CNN-Attention-GRU-based": {
    "MSE": 0.121316,
    "MAE": 0.302093,
    "RMSE": 0.348305,
    "MAPE": 853571122908.3069
  }
}