{
  "CNN-Attention-GRU-based": {
    "MSE": 0.146541,
    "MAE": 0.337492,
    "RMSE": 0.381506,
    "MAPE": 436869790179.89703
  }
}