{
  "CNN-Attention-GRU-based": {
    "MSE": 0.127587,
    "MAE": 0.311301,
    "RMSE": 0.357193,
    "MAPE": 767452636677.4823
  }
}