{
  "CNN-Attention-GRU-based": {
    "MSE": 0.154394,
    "MAE": 0.349508,
    "RMSE": 0.392542,
    "MAPE": 298157198306.29694
  }
}