{
  "CNN-Attention-GRU-based": {
    "MSE": 0.158103,
    "MAE": 0.355533,
    "RMSE": 0.397501,
    "MAPE": 183659898909.5852
  }
}