{
  "CNN-Attention-GRU-based": {
    "MSE": 0.149131,
    "MAE": 0.340969,
    "RMSE": 0.384656,
    "MAPE": 381351678295.31445
  }
}