{
  "CNN-Attention-GRU-based": {
    "MSE": 0.162236,
    "MAE": 0.359236,
    "RMSE": 0.402081,
    "MAPE": 184675120643.5526
  }
}