{
  "CNN-Attention-GRU-based": {
    "MSE": 0.14148,
    "MAE": 0.32819,
    "RMSE": 0.37418,
    "MAPE": 611570834371.754
  }
}