{
  "CNN-Attention-GRU-based": {
    "MSE": 0.144288,
    "MAE": 0.330684,
    "RMSE": 0.376084,
    "MAPE": 541854079244.6898
  }
}