{
  "CNN-Attention-GRU-based": {
    "MSE": 0.093531,
    "MAE": 0.249662,
    "RMSE": 0.305828,
    "MAPE": 1961301508953.5193
  }
}