{
  "CNN-Attention-GRU-based": {
    "MSE": 0.163844,
    "MAE": 0.360666,
    "RMSE": 0.404574,
    "MAPE": 366806601657.11053
  }
}