{
  "CNN-Attention-GRU-based": {
    "MSE": 0.162375,
    "MAE": 0.358955,
    "RMSE": 0.402201,
    "MAPE": 293520962758.58185
  }
}