{
  "CNN-Attention-GRU-based": {
    "MSE": 0.158749,
    "MAE": 0.351176,
    "RMSE": 0.396461,
    "MAPE": 490659213163.2698
  }
}