{
  "CNN-Attention-GRU-based": {
    "MSE": 0.14371,
    "MAE": 0.330944,
    "RMSE": 0.37589,
    "MAPE": 685162067367.9155
  }
}