{
  "CNN-Attention-GRU-based": {
    "MSE": 0.173259,
    "MAE": 0.374079,
    "RMSE": 0.416088,
    "MAPE": 82931903803.01529
  }
}