{
  "CNN-Attention-GRU-based": {
    "MSE": 0.160132,
    "MAE": 0.353138,
    "RMSE": 0.398197,
    "MAPE": 456400777037.51465
  }
}