{
  "CNN-GRU-based": {
    "MSE": 0.023532,
    "MAE": 0.122057,
    "RMSE": 0.153403,
    "MAPE": 0.219905
  }
}