{
  "CNN-GRU-based": {
    "MSE": 0.02961,
    "MAE": 0.136504,
    "RMSE": 0.172074,
    "MAPE": 0.23912
  }
}