{
  "CNN-GRU-based": {
    "MSE": 0.073459,
    "MAE": 0.233827,
    "RMSE": 0.270899,
    "MAPE": 0.42093
  }
}