{
  "CNN-GRU-based": {
    "MSE": 0.022701,
    "MAE": 0.121917,
    "RMSE": 0.150667,
    "MAPE": 0.22558
  }
}