{
  "CNN-GRU-based": {
    "MSE": 0.021126,
    "MAE": 0.116456,
    "RMSE": 0.145275,
    "MAPE": 0.218789
  }
}