{
  "CNN-GRU-based": {
    "MSE": 0.033909,
    "MAE": 0.144687,
    "RMSE": 0.183829,
    "MAPE": 0.251393
  }
}