{
  "CNN-GRU-based": {
    "MSE": 0.037488,
    "MAE": 0.155461,
    "RMSE": 0.193404,
    "MAPE": 0.27212
  }
}