{
  "CNN-GRU-based": {
    "MSE": 0.043404,
    "MAE": 0.170291,
    "RMSE": 0.207607,
    "MAPE": 0.299514
  }
}