{
  "CNN-GRU-based": {
    "MSE": 0.073469,
    "MAE": 0.237191,
    "RMSE": 0.270477,
    "MAPE": 0.426691
  }
}