{
  "CNN-GRU-based": {
    "MSE": 0.06223,
    "MAE": 0.212152,
    "RMSE": 0.248932,
    "MAPE": 0.378209
  }
}