{
  "CNN-GRU-based": {
    "MSE": 0.067607,
    "MAE": 0.223323,
    "RMSE": 0.259815,
    "MAPE": 0.397351
  }
}