{
  "CNN-GRU-based": {
    "MSE": 0.075898,
    "MAE": 0.24183,
    "RMSE": 0.27541,
    "MAPE": 0.434726
  }
}