{
  "CNN-GRU-based": {
    "MSE": 0.123474,
    "MAE": 0.320006,
    "RMSE": 0.350818,
    "MAPE": 0.593205
  }
}