{
  "CNN-GRU-based": {
    "MSE": 0.05789,
    "MAE": 0.203501,
    "RMSE": 0.240477,
    "MAPE": 0.358711
  }
}