{
  "CNN-Attention-BiLSTM-based": {
    "MSE": 0.032075,
    "MAE": 0.139543,
    "RMSE": 0.179094,
    "MAPE": 3723374380154.149
  }
}