{
  "CNN-Attention-BiLSTM-based": {
    "MSE": 0.018734,
    "MAE": 0.105451,
    "RMSE": 0.136871,
    "MAPE": 2286337751993.1094
  }
}