{
  "CNN-Attention-BiLSTM-based": {
    "MSE": 0.011689,
    "MAE": 0.086155,
    "RMSE": 0.108018,
    "MAPE": 1284290913773.414
  }
}