{
  "CNN-Attention-BiLSTM-based": {
    "MSE": 0.011728,
    "MAE": 0.084764,
    "RMSE": 0.108155,
    "MAPE": 2291679452847.8193
  }
}