{
  "CNN-Attention-BiLSTM-based": {
    "MSE": 0.01253,
    "MAE": 0.087013,
    "RMSE": 0.111821,
    "MAPE": 2029876926649.6113
  }
}