{
  "CNN-Attention-BiLSTM-based": {
    "MSE": 0.014375,
    "MAE": 0.092123,
    "RMSE": 0.11982,
    "MAPE": 3068171841875.269
  }
}