{
  "CNN-Attention-BiLSTM-based": {
    "MSE": 0.022463,
    "MAE": 0.113263,
    "RMSE": 0.149866,
    "MAPE": 2461673661900.4155
  }
}