{
  "CNN-Attention-BiGRU-based": {
    "MSE": 0.011393,
    "MAE": 0.069335,
    "RMSE": 0.10671,
    "MAPE": 0.273191
  }
}