{
  "CNN-Attention-BiGRU-based": {
    "MSE": 0.009666,
    "MAE": 0.067176,
    "RMSE": 0.098148,
    "MAPE": 0.292945
  }
}