{
  "LSTM-based": {
    "MSE": 0.006728,
    "MAE": 0.06406,
    "RMSE": 0.082027,
    "MAPE": 0.345586
  }
}