{
  "LSTM-based": {
    "MSE": 0.011497,
    "MAE": 0.08389,
    "RMSE": 0.107224,
    "MAPE": 0.55216
  }
}