{
  "LSTM-based": {
    "MSE": 0.0074,
    "MAE": 0.06712,
    "RMSE": 0.086013,
    "MAPE": 0.370789
  }
}