{
  "LSTM-based": {
    "MSE": 0.007695,
    "MAE": 0.068998,
    "RMSE": 0.087711,
    "MAPE": 0.383779
  }
}