{
  "LSTM-based": {
    "MSE": 0.009221,
    "MAE": 0.07617,
    "RMSE": 0.096018,
    "MAPE": 0.479001
  }
}