{
  "LSTM-based": {
    "MSE": 0.011128,
    "MAE": 0.082511,
    "RMSE": 0.105486,
    "MAPE": 0.532298
  }
}