{
  "LSTM-based": {
    "MSE": 0.011069,
    "MAE": 0.082327,
    "RMSE": 0.105207,
    "MAPE": 0.533031
  }
}