{
  "CNN-GRU-based": {
    "MSE": 0.007702,
    "MAE": 0.069543,
    "RMSE": 0.08776,
    "MAPE": 0.375268
  }
}