{
  "CNN-GRU-based": {
    "MSE": 0.008054,
    "MAE": 0.07066,
    "RMSE": 0.089744,
    "MAPE": 0.370332
  }
}