{
  "CNN-GRU-based": {
    "MSE": 0.006367,
    "MAE": 0.061731,
    "RMSE": 0.079796,
    "MAPE": 0.300241
  }
}