{
  "CNN-GRU-based": {
    "MSE": 0.009391,
    "MAE": 0.077052,
    "RMSE": 0.096893,
    "MAPE": 0.332837
  }
}