{
  "CNN-GRU-based": {
    "MSE": 0.020896,
    "MAE": 0.123156,
    "RMSE": 0.144513,
    "MAPE": 0.452821
  }
}