{
  "CNN-GRU-based": {
    "MSE": 0.007556,
    "MAE": 0.068652,
    "RMSE": 0.086922,
    "MAPE": 0.389433
  }
}