{
  "CNN-GRU-based": {
    "MSE": 0.006902,
    "MAE": 0.064935,
    "RMSE": 0.083063,
    "MAPE": 0.326799
  }
}