{
  "LSTM-based": {
    "training_loss": [
      0.005577010086979635,
      0.0020114740151665807,
      0.000620507933035296,
      0.0004945955202311671,
      0.00047410803186473345
    ],
    "validation_loss": [
      0.001468110383606293,
      0.0005251764824850039,
      0.00026051008017917334,
      0.00023333007194311687,
      0.0002237303808829944
    ]
  }
}