{
  "LSTM-based": {
    "training_loss": [
      0.007263748956694607,
      0.0013995369779569117,
      0.0008977811984119432,
      0.0007885043350659107,
      0.0007330321518594148
    ],
    "validation_loss": [
      0.0007168350111640675,
      0.0004171648089000037,
      0.0003348482857969865,
      0.00029291930234610615,
      0.0002688635993276683
    ]
  }
}