{
  "LSTM-based": {
    "training_loss": [
      0.015770527267624547,
      0.009713351331624884,
      0.005418091775461136,
      0.002663870404602782,
      0.00140748126267755
    ],
    "validation_loss": [
      0.0004715935159277158,
      0.000425324363917007,
      0.00042480163855392603,
      0.0004246877868373487,
      0.0002766599707542376
    ]
  }
}