{
  "LSTM-based": {
    "training_loss": [
      0.005300641099436093,
      0.0013959126167856486,
      0.0006510732250403514,
      0.0005908748431675202,
      0.000565890913450085
    ],
    "validation_loss": [
      0.0009222586010665017,
      0.00044593528281673526,
      0.0003343041848009551,
      0.0002751314844738679,
      0.000245756342967597
    ]
  }
}