{
  "LSTM-based": {
    "training_loss": [
      0.015523116920140067,
      0.009760583207288393,
      0.00553260238113606,
      0.0027729070310681344,
      0.0014742135579233365
    ],
    "validation_loss": [
      0.00016519438817623225,
      0.00016863684765599642,
      0.00015853627259076273,
      0.00015750641740410994,
      0.00015697594692555417
    ]
  }
}