{
  "LSTM-based": {
    "training_loss": [
      0.007116974853243388,
      0.0010015616351936726,
      0.0007243388372057296,
      0.0006782382706853938,
      0.000651530427726131
    ],
    "validation_loss": [
      0.0009269425051009402,
      0.00037857260330454676,
      0.0003258901654828525,
      0.00029553441126031657,
      0.000277735482808863
    ]
  }
}