{
  "LSTM-based": {
    "training_loss": [
      0.007085309742716659,
      0.0011639060819815996,
      0.0008708306027453915,
      0.0007819068017639021,
      0.000734837940806394
    ],
    "validation_loss": [
      0.0007227846546798733,
      0.00044031309109207584,
      0.00035293451807600387,
      0.0003084292344696133,
      0.00028208563441133245
    ]
  }
}