{
  "LSTM-based": {
    "training_loss": [
      0.007068918931738762,
      0.0013459666774631395,
      0.0009713667176425245,
      0.0008466281427660446,
      0.0007806600790696212
    ],
    "validation_loss": [
      0.0006114331252397375,
      0.0004183952333339563,
      0.0003450411530409722,
      0.000305648577723203,
      0.0002773615105592824
    ]
  }
}