{
  "LSTM-based": {
    "training_loss": [
      0.007029990891092702,
      0.0008751001927936286,
      0.0007394559093211827,
      0.000682990625500679,
      0.0006525539172192415
    ],
    "validation_loss": [
      0.0006949265936871509,
      0.0002753724363612962,
      0.00023422130364012886,
      0.00022203942200729062,
      0.00021514407085528324
    ]
  }
}