{
  "LSTM-based": {
    "training_loss": [
      0.009562045597423054,
      0.006592292472707063,
      0.004403454023458332,
      0.002793313603426303,
      0.0015471790499389957
    ],
    "validation_loss": [
      0.0006120157673170692,
      0.0005986696991481279,
      0.0005991184005611821,
      0.0005865730868096937,
      0.00021633406316763477
    ]
  }
}