{
  "LSTM-based": {
    "training_loss": [
      0.01579380360421321,
      0.009641321086002843,
      0.005277688252160501,
      0.0025244074871168917,
      0.0010345385048666227
    ],
    "validation_loss": [
      0.0006931858496707782,
      0.0006907843249408822,
      0.0006911440049869972,
      0.0005104393028376395,
      0.00018033113395958617
    ]
  }
}