{
  "LSTM-based": {
    "training_loss": [
      0.015985440410358806,
      0.009611456169628762,
      0.005169740025426301,
      0.002443973742372973,
      0.0011975358069782527
    ],
    "validation_loss": [
      0.0008204152256670133,
      0.0005566164405203201,
      0.0005467756730045231,
      0.0005475529666307946,
      0.0002470481616090721
    ]
  }
}