{
  "CNN-Attention-GRU-based": {
    "MSE": 0.016792,
    "MAE": 0.10425,
    "RMSE": 0.12954,
    "MAPE": 0.233581
  }
}