{
  "CNN-Based": {
    "training_loss": [
      0.0020235181970743358,
      0.001175336513487778,
      0.0010481696099961908,
      0.0010155423261258045,
      0.001027053781674297
    ],
    "validation_loss": [
      0.0014939539685425625,
      0.0006750355618940272,
      0.0002522283614101544,
      0.00024119758007811829,
      0.0002494480257565287
    ]
  }
}