{
  "CNN-Based": {
    "training_loss": [
      0.005029863300622299,
      0.004163155777730041,
      0.00354964585295843,
      0.0031335568885727466,
      0.0028307309533680634
    ],
    "validation_loss": [
      0.0016616352400939229,
      0.0017015651052056904,
      0.0011900555814655734,
      0.0007837787926406927,
      0.000519588976626245
    ]
  }
}