{
  "CNN-Based": {
    "training_loss": [
      0.004339097535020471,
      0.002993749974578514,
      0.0026294646435828595,
      0.0024855908914716,
      0.00240940341311293
    ],
    "validation_loss": [
      0.0019347977169621537,
      0.001324698960823221,
      0.000631449737523554,
      0.0004272193223395954,
      0.0003348717913558121
    ]
  }
}