{
  "CNN-Based": {
    "training_loss": [
      0.003972214209822427,
      0.00346118077240159,
      0.003246797924548124,
      0.0031337926741194936,
      0.003040538504060391
    ],
    "validation_loss": [
      0.0011769944847999107,
      0.0007556203041923341,
      0.0003290709220004587,
      0.00023631197680116963,
      0.00020592747578667247
    ]
  }
}