{
  "CNN-Based": {
    "training_loss": [
      0.004971081989861042,
      0.0036592649822218214,
      0.0028640886552572463,
      0.002566781492229053,
      0.0023986758042268777
    ],
    "validation_loss": [
      0.0003933969213768787,
      0.00036862119045042737,
      0.00040273734634946177,
      0.00032578789145280954,
      0.00025329921170805876
    ]
  }
}