{
  "CNN-Based": {
    "training_loss": [
      0.007484184353486866,
      0.0058972991157508065,
      0.004764844973882039,
      0.00411811999395384,
      0.0037235238635582282
    ],
    "validation_loss": [
      0.0022044775228128367,
      0.0023357144801329213,
      0.0015377351181938292,
      0.0008550052405566188,
      0.0005199732192864655
    ]
  }
}