{
  "CNN-Based": {
    "training_loss": [
      0.003420338418407508,
      0.0030705334608762346,
      0.0030011555600123973,
      0.0029653634207710278,
      0.0029014588249301402
    ],
    "validation_loss": [
      0.0008439383344024631,
      0.00035469960223170037,
      0.00021364364000235468,
      0.0002568730496609887,
      0.0002251031696268007
    ]
  }
}