{
  "CNN-Based": {
    "training_loss": [
      0.0033932941770214203,
      0.0029291975911826,
      0.002643584515700561,
      0.0024721223953779905,
      0.0023809632558203253
    ],
    "validation_loss": [
      0.0007875820007571515,
      0.0005782708089719427,
      0.0004422857181717318,
      0.0003653283343247488,
      0.00030688515117933567
    ]
  }
}