{
  "CNN-Based": {
    "training_loss": [
      0.009168890144741326,
      0.008082939298790798,
      0.007493532331366288,
      0.007215527177118418,
      0.007119453750681459,
      0.007097097813037404,
      0.007074106105586939,
      0.0068485555353394725,
      0.006893787624543173,
      0.0067143199213764125,
      0.00668133701148786,
      0.0065791638012517965,
      0.00663367641207419,
      0.006444705251538963,
      0.006455821145260543,
      0.006356253572984746,
      0.006308838417916967,
      0.006303437230618376,
      0.006305426267678277,
      0.0062351312226893605,
      0.0061710419296695474,
      0.006142206248222736,
      0.006174591033343683,
      0.0060630587958975845,
      0.006059732771756356,
      0.006015639974359881,
      0.0060350318096185985,
      0.005934516784914753,
      0.005923795843856376,
      0.005901495203898664,
      0.0058654162640634335,
      0.005845518253351513,
      0.005770951516011305,
      0.005805680155754089,
      0.0057831999698751855,
      0.00568798200733829,
      0.005635051246274982,
      0.005706817218870447,
      0.005606797298318461,
      0.005599768159159443,
      0.005602545572216051,
      0.005541211222870308,
      0.005502398573515708,
      0.0054912264801953966,
      0.00549487257866483,
      0.005480342011964112,
      0.0054665699862597285,
      0.005432801987779768,
      0.005394859631594859,
      0.00538526757767326
    ],
    "validation_loss": [
      0.0018721026615923517,
      0.0014901517978315796,
      0.0013344268020652756,
      0.0011935118269142727,
      0.0012211475555517978,
      0.001181738151536955,
      0.0011053569020599231,
      0.0010864711627103648,
      0.0009744845532610283,
      0.0010872004061963383,
      0.0010096547405489466,
      0.0009889062184684134,
      0.0009516316573493755,
      0.0009463914976149172,
      0.0010038323918604977,
      0.0009114823216194664,
      0.0009658385110511022,
      0.0009818339534755146,
      0.0011072992640254382,
      0.0009795799395525373,
      0.0010111722541595255,
      0.001039764428693619,
      0.000974108377093827,
      0.0010680588836605837,
      0.001067380883268543,
      0.0009848627496276286,
      0.0010706050552662227,
      0.00101454584644391,
      0.0010374387721303147,
      0.0010840113476648196,
      0.0009477221263715854,
      0.0009907836540621686,
      0.001002281954694357,
      0.0010032745622020293,
      0.0009472973081380962,
      0.001071456069178827,
      0.0009714493713621702,
      0.0010142216338430877,
      0.0010418791561615426,
      0.0011434064871937663,
      0.0009587571119329521,
      0.0009953756197974399,
      0.0011107634974422155,
      0.0010605030701254735,
      0.0010551083279395853,
      0.0009595090946690602,
      0.0011054587101081868,
      0.0010741662943957152,
      0.0011169268542874631,
      0.0010905898952778507
    ]
  }
}