{
  "CNN-Based": {
    "training_loss": [
      0.0046004872703761385,
      0.003498423844575882,
      0.0028178016279350247,
      0.0023484660671991213,
      0.0020692299463246997
    ],
    "validation_loss": [
      0.0016192189463368663,
      0.0019903410668973324,
      0.0014061260499529072,
      0.0008734141222455285,
      0.0005946138326625724
    ]
  }
}