{
  "CNN-Based": {
    "training_loss": [
      0.0032608825271855956,
      0.002672248838029481,
      0.00254520943962345,
      0.0024763942418965044,
      0.0024459765107093722
    ],
    "validation_loss": [
      0.0007133973337579191,
      0.0003616191446781158,
      0.00019178483471797222,
      0.00016728243055312258,
      0.00017935283351362796
    ]
  }
}