{
  "CNN-Based": {
    "training_loss": [
      0.0027396090544937156,
      0.0017602069462299766,
      0.0015674221510413244,
      0.001473161599147498,
      0.0014215125231336059
    ],
    "validation_loss": [
      0.0010226937893189883,
      0.0005271190123861296,
      0.00034592944736543455,
      0.0003422817280679418,
      0.00033315071476656093
    ]
  }
}