{
  "CNN-Based": {
    "training_loss": [
      0.003366029663929637,
      0.002621484894148061,
      0.0021241765508664325,
      0.0018646522871100567,
      0.0016775833521510514
    ],
    "validation_loss": [
      0.001491428431595715,
      0.0012098185875466171,
      0.0009644496923601123,
      0.0008051324189758636,
      0.0006700553275434904
    ]
  }
}