{
  "CNN-Attention-BiLSTM-based": {
    "MSE": 0.046561,
    "MAE": 0.157908,
    "RMSE": 0.215781,
    "MAPE": 7413916418942.116
  }
}