{
  "CNN-Attention-BiLSTM-based": {
    "MSE": 0.036021,
    "MAE": 0.140035,
    "RMSE": 0.189442,
    "MAPE": 3438733893432.644
  }
}