{
  "CNN-Attention-BiLSTM-based": {
    "MSE": 0.00248,
    "MAE": 0.036988,
    "RMSE": 0.049622,
    "MAPE": 359422603497.22266
  }
}