{
  "CNN-LSTM-based": {
    "MSE": 0.029926,
    "MAE": 0.115202,
    "RMSE": 0.172992,
    "MAPE": 0.340582
  }
}