{
  "CNN-LSTM-based": {
    "MSE": 0.029467,
    "MAE": 0.113264,
    "RMSE": 0.171592,
    "MAPE": 0.356322
  }
}