{
  "CNN-LSTM-based": {
    "MSE": 0.062132,
    "MAE": 0.179003,
    "RMSE": 0.235033,
    "MAPE": 0.565967
  }
}