{
  "CNN-LSTM-based": {
    "MSE": 0.054126,
    "MAE": 0.165512,
    "RMSE": 0.218289,
    "MAPE": 0.552981
  }
}