{
  "CNN-LSTM-based": {
    "MSE": 0.069824,
    "MAE": 0.195821,
    "RMSE": 0.249507,
    "MAPE": 0.614126
  }
}