{
  "CNN-LSTM-based": {
    "MSE": 0.048837,
    "MAE": 0.153791,
    "RMSE": 0.210275,
    "MAPE": 0.484932
  }
}