{
  "CNN-LSTM-based": {
    "MSE": 0.048357,
    "MAE": 0.151508,
    "RMSE": 0.21165,
    "MAPE": 0.449545
  }
}