{
  "CNN-LSTM-Attention-based": {
    "training_loss": [
      0.15600136471422096,
      0.11730466715076514,
      0.09349499389267804,
      0.07749393062110532,
      0.06672543987893222,
      0.059713362444911086,
      0.054687775828336414,
      0.05087358309772977,
      0.0479290076122995,
      0.04527968348641145,
      0.04291278658467427,
      0.040896394090694295,
      0.03900004533822076,
      0.03718229306110164,
      0.03548936615126175,
      0.033934757191883894,
      0.03243394258775209,
      0.031113392323778386,
      0.02985038650140428,
      0.02867239033966734,
      0.027684825998649264,
      0.026720374718047026,
      0.025592317536734698,
      0.024718690670111725,
      0.02386550346487447,
      0.02308742256279577,
      0.022583933991559765,
      0.022091101528259747,
      0.021347705000325252,
      0.0208255852392891,
      0.02033415828226951,
      0.01975519838824607,
      0.019487875726139338,
      0.018938214344936505,
      0.018615697036709702,
      0.018419764465407322,
      0.01808806311404496,
      0.017589179583285985,
      0.017406162469272027,
      0.0170801188012487,
      0.016893716581296504,
      0.016624256929284646,
      0.016330664755221,
      0.01606504419132283,
      0.01593110214984208,
      0.015764852286430826,
      0.01547671143423047,
      0.015149141671626192,
      0.015019053645562707
    ],
    "validation_loss": [
      0.023223418429806516,
      0.00935462987949173,
      0.00751070859288419,
      0.006963314641579673,
      0.006783564975550333,
      0.006732239619131897,
      0.006681693372661834,
      0.006628111519336284,
      0.00665458807904091,
      0.00663662448825015,
      0.006605462102753507,
      0.0065841529798413906,
      0.006565481336409604,
      0.00653839839453047,
      0.006618891009031892,
      0.006831055559165828,
      0.007412469945847988,
      0.007759636222430459,
      0.008440664064113076,
      0.009140944707539532,
      0.010028476364441685,
      0.010934303416968225,
      0.01286344305071589,
      0.01244219364533266,
      0.014062570798751358,
      0.01391500683983306,
      0.01447697652021905,
      0.015928489357962476,
      0.01547785408768829,
      0.015653641979125412,
      0.01711951386365857,
      0.01620296489812069,
      0.01709348647171384,
      0.016961534155884406,
      0.018607273137756994,
      0.01819456289229276,
      0.019157143602785948,
      0.01931563573335851,
      0.017866355126033295,
      0.01872888152077273,
      0.019851536216487834,
      0.017712125678422983,
      0.018540972400899535,
      0.01958020020380512,
      0.02018190892348131,
      0.017275501361728965,
      0.01881424448993448,
      0.01952888802267038,
      0.021753283543186588
    ]
  }
}