{
  "CNN-LSTM-Attention-based": {
    "training_loss": [
      0.2134447100915407,
      0.1696582474729471,
      0.1380884246345152,
      0.11036782507833681,
      0.035778583311720895,
      0.026709956028743796,
      0.024781862639805727,
      0.023883205639165746,
      0.02337598113114374,
      0.02301865420059154,
      0.022658389597608332,
      0.022424622376759847,
      0.022037784265060173,
      0.021957602201585186,
      0.021780161892897203,
      0.021616998831169645,
      0.02152262275156222,
      0.021406353702932073,
      0.02132661269422163,
      0.0212433894671369,
      0.02112099285842034,
      0.021000167426832934,
      0.020910393231009183,
      0.020854308606501212,
      0.020736943747390782,
      0.02070257474848053,
      0.02060584388019746,
      0.020512485504150392,
      0.020455756293315638,
      0.020365763070029123,
      0.02033081069719373,
      0.020287202821488964,
      0.020127911460504196,
      0.020137536702187438,
      0.020094466104842067,
      0.019968927756213305,
      0.019898823328446922,
      0.019835034862422107,
      0.0197323027998209,
      0.019655529226650273,
      0.01962382715652909,
      0.01954149811675674,
      0.019455367862655407,
      0.019352815901501137,
      0.01926610448904205,
      0.01919422713026666,
      0.01908553127656903,
      0.01893131936197741,
      0.01879407377880916,
      0.01874277209372897,
      0.01853905185534243,
      0.018306540482138332,
      0.018037427556619308,
      0.0179366208351495,
      0.017549470694441544,
      0.017251551922476082,
      0.016949343583301493,
      0.01669114832684659,
      0.016321873756354317,
      0.01605294386676529,
      0.015759786139977607,
      0.015468155269167925,
      0.01524971744470429,
      0.015037874933005424,
      0.014992784323138103,
      0.014705276750681694,
      0.014611600391697465,
      0.014420133352018239,
      0.014323791570700052,
      0.014084873668718757,
      0.014032035618366903,
      0.013780410038797479,
      0.01371047578490617,
      0.013747712322755864,
      0.013515125103948408,
      0.013432739034556506,
      0.013349644150258156,
      0.013255536281748822,
      0.013209729020794233,
      0.013100979817018174
    ],
    "validation_loss": [
      0.08052626558040318,
      0.08052626558040318,
      0.08052626558040318,
      0.03351018287633595,
      0.009122724927504334,
      0.0072521703236066454,
      0.006919190919909038,
      0.006867674453870246,
      0.006808489007189085,
      0.006813728773410906,
      0.00680474088968415,
      0.006790587846843297,
      0.006764291136999402,
      0.006764124088773602,
      0.006768732240194814,
      0.0067781630429651655,
      0.006772290616247215,
      0.006791827981278561,
      0.006798801857063122,
      0.00679356456783257,
      0.006781681754479283,
      0.006768980991552796,
      0.006754849179598846,
      0.0067676312159420104,
      0.0067605719705553435,
      0.006731980400192633,
      0.006730496370347968,
      0.006737771357425995,
      0.006745094173636876,
      0.00672881679380672,
      0.0066992260499350855,
      0.0066822598949728305,
      0.006661543011534632,
      0.006691136425197647,
      0.006653401936943594,
      0.006655257778536332,
      0.006619072919548081,
      0.006597113525985103,
      0.006540034221191155,
      0.006632369148888086,
      0.006702408753335476,
      0.006458410150126407,
      0.0066092070698607385,
      0.00665669308877305,
      0.006389986615824072,
      0.006650977071962858,
      0.006621932190957299,
      0.00649312252603602,
      0.006775576232426,
      0.006498789529136398,
      0.00658194391514387,
      0.006887990563062199,
      0.006755442976167327,
      0.0069183257359423135,
      0.007164555861565627,
      0.0073794011843570494,
      0.006776083630035843,
      0.0075634462203372985,
      0.007114875259433399,
      0.00772493320533581,
      0.007733828886493779,
      0.007904414736191955,
      0.008238058516004107,
      0.008245760707282706,
      0.008610814595758392,
      0.008332086973741912,
      0.008184830378741025,
      0.007746048129506801,
      0.008198150007152244,
      0.008715627679045787,
      0.008173115009017158,
      0.008461107661653507,
      0.007934167631493325,
      0.008170165980986336,
      0.008049785687277714,
      0.008772602446965481,
      0.008402894729781046,
      0.008489655471292504,
      0.008654701387869161,
      0.008456107593353903
    ]
  }
}