{
  "CNN-LSTM-Attention-based": {
    "training_loss": [
      0.17818688290542004,
      0.1413177451326514,
      0.11796959248208706,
      0.10141332622182485,
      0.07574472193057544,
      0.05538886010031935,
      0.050256085654849854,
      0.046448689330241676,
      0.04351034610024453,
      0.04113364973881456,
      0.03925933178654881,
      0.0374864804786585,
      0.03599821410818096,
      0.034793813844539286,
      0.03359871233066935,
      0.03252042611836864,
      0.03147485344306851,
      0.03045076995931036,
      0.02939799538534707,
      0.028538988813221505,
      0.02762946176413803,
      0.026576980297585345,
      0.0255558747369747,
      0.02440567368917867,
      0.023501886655040955,
      0.022507900540586937,
      0.021619507226900012,
      0.021096748179699688,
      0.0205128061747844,
      0.019944482722546158,
      0.019478048004138042,
      0.01906428917509825,
      0.018767644112391676,
      0.018377761551954957,
      0.01807979546009814,
      0.017761763337348718,
      0.017520225283880312,
      0.017168631939065364,
      0.016975195039982748,
      0.01682276322234085,
      0.016590075590259365,
      0.01632035132154129,
      0.01599678013202284,
      0.015867818909009578,
      0.015743864991287583,
      0.015550322811053027,
      0.01535837727503179,
      0.015310039977633817,
      0.015215812716224249,
      0.014988373328880117,
      0.014869222082230373,
      0.014601594605748856,
      0.014560456659981721,
      0.01457542959188583
    ],
    "validation_loss": [
      0.04243494902263608,
      0.03303998991062767,
      0.03198962653415245,
      0.03185253072726099,
      0.007752273047114151,
      0.007196787032380439,
      0.007013135645211789,
      0.006903503505153614,
      0.006792287157619732,
      0.006704954458237217,
      0.006602842486545182,
      0.006522450037300587,
      0.0064856071139506085,
      0.006438058859815723,
      0.006389380107519396,
      0.006336136752118667,
      0.00628887447773626,
      0.00623302137511864,
      0.0061945627851967226,
      0.006216677569114325,
      0.00626815008816489,
      0.006394234240839356,
      0.006572986952960491,
      0.0071151647912828546,
      0.0075487246867596055,
      0.007845195167158779,
      0.008320416202932073,
      0.008572309281219517,
      0.008491687607346919,
      0.00889947857511671,
      0.009191820228047539,
      0.00933900384003656,
      0.009116895248492558,
      0.009599314414356885,
      0.00918405929155517,
      0.01004566103219986,
      0.010075529984999122,
      0.009647236620647865,
      0.011012622602937514,
      0.010243773966896953,
      0.010047217978066519,
      0.010723040821520907,
      0.011120214443980602,
      0.010795043850023495,
      0.010895651131214802,
      0.01098951581996261,
      0.012965668022240463,
      0.011399510636794985,
      0.012368278813205267,
      0.011079135105798119,
      0.013334002087644318,
      0.01230001637810155,
      0.012473269003002267,
      0.013048929067557318
    ]
  }
}