{
  "CNN-LSTM-Attention-based": {
    "training_loss": [
      0.18140771445574366,
      0.14507461316975223,
      0.1108088472789327,
      0.07413359762861775,
      0.05062889112634273,
      0.044607306688185945,
      0.041085977513205606,
      0.03866158925350396,
      0.03680890272837951,
      0.03506017561432347,
      0.033794870747413705,
      0.032473679717060555,
      0.03137876526804507,
      0.03035033808494075,
      0.0293439267651687,
      0.02848230732477193,
      0.027578182816374492,
      0.026644916396411315,
      0.025680725186120437,
      0.024660566108062314,
      0.02364992726797169,
      0.022707032187070913,
      0.0219507718520969,
      0.021148094026820313,
      0.02053436576364225,
      0.020116206998355778,
      0.019465204557446478,
      0.019104878740591406,
      0.018880582134679667,
      0.018410227354779603,
      0.01804843974776029,
      0.017779497341342886,
      0.017470054171311623,
      0.017112392159620782,
      0.01694158264984146,
      0.016684642059954378,
      0.01649323586204297,
      0.01626126583246596,
      0.015945629676663183,
      0.01578410645793004,
      0.015633894854040264,
      0.015458904953120254,
      0.015364425517094889,
      0.01519047415214599,
      0.015073593358897156,
      0.015205092806702968,
      0.014845050311596615,
      0.01476459003664121,
      0.01466309817701002,
      0.014780415929133737,
      0.01458140928461912,
      0.014515679164319863,
      0.014370857186366678
    ],
    "validation_loss": [
      0.04831550184049104,
      0.044945812290697766,
      0.026802034297010356,
      0.009659507099473686,
      0.007478008659458474,
      0.006612386670486446,
      0.006516149321472958,
      0.006411394066781852,
      0.006340425147822028,
      0.006262787598136224,
      0.006243104263813349,
      0.006253217990722573,
      0.0061838627155674135,
      0.006147094940145811,
      0.00609240851021911,
      0.006104496341982954,
      0.006118273235073215,
      0.006082576451202234,
      0.00609972548197236,
      0.006314522895569864,
      0.006579637627133675,
      0.00765646479762437,
      0.007675666969857718,
      0.007408131652495317,
      0.007890021559177783,
      0.008186854846906243,
      0.008656268236799198,
      0.008287242652946397,
      0.00893877964924302,
      0.009123367760657218,
      0.009455955940249719,
      0.009942300421626945,
      0.01029484853998088,
      0.009718072953584947,
      0.009945681354586492,
      0.010657998167893343,
      0.009309345176606847,
      0.01131918423792772,
      0.010013934172559203,
      0.010272903822100998,
      0.010371228653872222,
      0.011756616334120432,
      0.013383714694595128,
      0.010670176259519762,
      0.009359149056437768,
      0.01455021588818023,
      0.010273212204246145,
      0.01226344986639002,
      0.01133942731835863,
      0.015676871706780636,
      0.01054264735430479,
      0.014097763774426359,
      0.012445567914268426
    ]
  }
}