{
  "CNN-LSTM-Attention-based": {
    "training_loss": [
      0.15871681331959123,
      0.1112579470180899,
      0.09001674951957629,
      0.07408510535798161,
      0.0632736988123195,
      0.05656188448584698,
      0.05170675236715386,
      0.048069815378285544,
      0.04506668321978343,
      0.042623828477312206,
      0.0404941089575817,
      0.038712478482812354,
      0.03692031687448291,
      0.035313782022517295,
      0.033746661026958,
      0.032135965405793804,
      0.030533655509745853,
      0.02903947869124073,
      0.027493203122729046,
      0.026382326139440217,
      0.025322864546375834,
      0.02424562354174851,
      0.023637641863463316,
      0.022838919634030595,
      0.022259793038706874,
      0.021733410921842253,
      0.021177011840995612,
      0.020557350578178098,
      0.020365958278155055,
      0.019816303473349298,
      0.0196034052100429,
      0.019280464403993117,
      0.018838720424010656,
      0.018622328203725207,
      0.018325263534393243,
      0.01800849667292419,
      0.01784347776215435,
      0.017587135217448233,
      0.01740820441729239,
      0.017193734937444947,
      0.0169930450991779,
      0.016745578224067113,
      0.01661545203518689,
      0.016421736017354454,
      0.01625691892426844,
      0.016102582933798945,
      0.015889470122276216
    ],
    "validation_loss": [
      0.01809893655672408,
      0.010858723655212343,
      0.007939519220146171,
      0.007369216413874375,
      0.0072037122408418275,
      0.007093588534023678,
      0.006977653191343212,
      0.006865257563951769,
      0.006794593800186065,
      0.0067691894248127936,
      0.006689748158188243,
      0.006622366974816511,
      0.0066444200774033865,
      0.006742773126614721,
      0.007021760099093642,
      0.007495475660094566,
      0.008406827455027062,
      0.00953349615855698,
      0.00959959065443591,
      0.009824752745529016,
      0.010339035175479294,
      0.010556208371723953,
      0.010487610640886583,
      0.0096792264727124,
      0.010336573356599139,
      0.01102442251224267,
      0.010809479212682499,
      0.010442688492567916,
      0.011557744443416595,
      0.011504139251222735,
      0.010612183721049835,
      0.010926311793165248,
      0.010615961077181917,
      0.010233854009001925,
      0.011154017996108323,
      0.010223742724772085,
      0.011394076885884268,
      0.010638217931907428,
      0.011321930404295001,
      0.011230442267760895,
      0.011275566000033889,
      0.01028795610917242,
      0.01203082611686305,
      0.010036177864592327,
      0.012107344327919316,
      0.010782822679009353,
      0.011187523792971645
    ]
  }
}