{
  "CNN-LSTM-Attention-based": {
    "training_loss": [
      0.1672238059027094,
      0.12324247981461,
      0.10130629216281462,
      0.08108924979894934,
      0.06040360253881401,
      0.053481387787721525,
      0.04883627388888682,
      0.04544064182210976,
      0.04269427785151441,
      0.04034995885801987,
      0.038644860223145554,
      0.0368464711371442,
      0.03542564867038123,
      0.03409025230458085,
      0.03285638017343803,
      0.03172618208426825,
      0.030488426154348214,
      0.029248868705521167,
      0.027898669715078785,
      0.02678977582656162,
      0.025531884387765134,
      0.024466798811311453,
      0.023743064365756343,
      0.022901496994243542,
      0.022235934635702993,
      0.021604838846644884,
      0.021229391733945255,
      0.02081412124172063,
      0.02022451345979328,
      0.01989293059098049,
      0.01945762679925267,
      0.019173852312313,
      0.018894557014737332,
      0.018613476332434466,
      0.01831385913029523,
      0.018017494054117674,
      0.01775392942445379,
      0.01760164399067281,
      0.01736227917471822,
      0.01725347778222091,
      0.016957756105652998,
      0.016723931675225918,
      0.01664004579816066,
      0.016398163381176934,
      0.016156246190444683,
      0.01624671161227243,
      0.015874895503298497,
      0.015827144509260083,
      0.015613839725478433,
      0.01557026118774649,
      0.015364290438067744
    ],
    "validation_loss": [
      0.02889632678084206,
      0.02294560844045982,
      0.020569273875209324,
      0.009333469728498082,
      0.007736135692450038,
      0.007347753196301167,
      0.007285186099378687,
      0.00720657737304767,
      0.00714937104565794,
      0.007097651882979431,
      0.007075542477858171,
      0.00703374421420066,
      0.007003271828095118,
      0.00698328849189637,
      0.006955050015331883,
      0.006952662775783163,
      0.00698145840218977,
      0.007061199381490026,
      0.00731012312728062,
      0.008097856643756753,
      0.009053532769413371,
      0.00968163131425778,
      0.009522452760945287,
      0.01017963926128128,
      0.009766055421348204,
      0.010526767363281626,
      0.010414337272053225,
      0.011087857507038534,
      0.010074828382123981,
      0.010087330616487745,
      0.010056484327243086,
      0.010525532782469925,
      0.010053756659883156,
      0.010275479922430558,
      0.0101184389864405,
      0.009769649476858608,
      0.010168362418679815,
      0.010716828579703967,
      0.010068600902562602,
      0.009811629818981154,
      0.009689091413951757,
      0.01015506960582315,
      0.009964463572230256,
      0.010317859628744293,
      0.009936137003987504,
      0.009743223041949564,
      0.009632216766476631,
      0.009424783047615437,
      0.01092141050061113,
      0.008628234375072152,
      0.01018262868910505
    ]
  }
}