{
  "CNN-LSTM-Attention-based": {
    "training_loss": [
      0.17248660451929335,
      0.1296274053378844,
      0.1062727864359466,
      0.08899632610485587,
      0.0657929580816081,
      0.04932007718254143,
      0.04483098966974608,
      0.04178547995610976,
      0.0393988372049701,
      0.037456594617433954,
      0.03588978715345893,
      0.034464424764606316,
      0.033173826273898005,
      0.03205297315414523,
      0.030964522399532964,
      0.02996455568452956,
      0.02891698574096384,
      0.027812908705271467,
      0.026790793512908504,
      0.025693544567051068,
      0.024724997580051422,
      0.0237918249528173,
      0.023147045359225342,
      0.022351056363591006,
      0.02179032007993107,
      0.02125909767100509,
      0.020795592356105924,
      0.02040121421008043,
      0.01996556777034847,
      0.019639550432772705,
      0.019274045332846507,
      0.018891633999809414,
      0.018641217073924105,
      0.018387389461129482,
      0.018142606984351724,
      0.017853386149230138,
      0.017651357556837544,
      0.017564225666434834,
      0.017248831754943853,
      0.01707764497210442,
      0.01683823609541,
      0.01665865563013604,
      0.016568077334635695,
      0.016353998280746837,
      0.016168204660881574,
      0.016061709380485643,
      0.015800017942215354,
      0.015813509422078938,
      0.015569408227440337,
      0.015568801096942224
    ],
    "validation_loss": [
      0.03541740103506706,
      0.030777643578992764,
      0.029198410015710642,
      0.02506888405957692,
      0.008876084363166715,
      0.00750338732146881,
      0.0072897355413248,
      0.007159043496973078,
      0.00708740647278831,
      0.007014143897194258,
      0.006962940136206822,
      0.006921317671019007,
      0.006878590034189778,
      0.006821427074536471,
      0.00680310087619533,
      0.006820020180615321,
      0.006865281047640552,
      0.007071252518766363,
      0.007477114829693881,
      0.008521793370830342,
      0.008493583754334651,
      0.009069316731897039,
      0.009963655739393033,
      0.01003075423847202,
      0.01026500281418713,
      0.01006162432875012,
      0.010901388095718034,
      0.010787478451367835,
      0.01069343706566683,
      0.011425937093059781,
      0.011591425637753916,
      0.010393580264398749,
      0.012599616875530968,
      0.011856395410190165,
      0.011096849670292626,
      0.011823914289264612,
      0.01203242156812003,
      0.012120571092400752,
      0.012237492109268484,
      0.01192701306246536,
      0.013100875331692293,
      0.013083815312301609,
      0.012639240768383925,
      0.012426155343861647,
      0.013096463827180192,
      0.012426845991695431,
      0.013666329223295333,
      0.013527691941445982,
      0.015339709372377731,
      0.014292099473761841
    ]
  }
}