{
  "CNN-Based": {
    "training_loss": [
      0.27610515005835484,
      0.17419049279411059,
      0.1265012966206486,
      0.10796438243810402,
      0.09959560428992174,
      0.09511377590354489,
      0.09397325108093064,
      0.09291094355427029,
      0.09205282315532397,
      0.09057622265584217,
      0.08950638664377071,
      0.08941485094415806,
      0.08835529390174927,
      0.0875945438298213,
      0.08690610282855096,
      0.08701222003504963,
      0.08599114026491277,
      0.08547229656307005,
      0.08573387387320001,
      0.08409825409993087,
      0.08409525074989671,
      0.0839584210131428,
      0.08383672852962869,
      0.08297037017182003,
      0.08314025924120436,
      0.08196840386466044,
      0.0814733431026941,
      0.08089766607698555,
      0.08037942483374297,
      0.08025366383386948,
      0.0807490819002596,
      0.07988057437055636,
      0.07925249679299229,
      0.07870162753367006,
      0.07846062376766103,
      0.07843581976912353,
      0.07757227091006623,
      0.07706475311781011,
      0.07669325979243502,
      0.07641722712458678,
      0.07553040425194554,
      0.0752215991016571,
      0.07516177346460345,
      0.0740368788876065,
      0.07402091092583975,
      0.07370625823304931,
      0.07365404882007942,
      0.07316853842568234,
      0.0727282609543724,
      0.07147298390095413,
      0.07236927911151209,
      0.07179862265358058,
      0.07161287919129475,
      0.07057857885673041,
      0.0709163322647564,
      0.07033050628286777,
      0.07020230790471087,
      0.06983909822336518,
      0.06967464252818384,
      0.0686198401932306,
      0.06847018994226405,
      0.06842763052355308,
      0.0685269912621127,
      0.06803512129498544,
      0.06747537344035899,
      0.06672405020276373,
      0.06717566795142116,
      0.06662208237383807,
      0.06582437616241678,
      0.06606045241630086,
      0.06538073819553407,
      0.06581998614754644,
      0.06561273570198733,
      0.06447735508820163,
      0.06422343111319662,
      0.06440767392187016,
      0.06374456246595571,
      0.06464030419994835,
      0.0633644409313151,
      0.06353481204702213,
      0.06339616610499074,
      0.06239259289542138,
      0.061904243636884855,
      0.06235573631452406,
      0.061281995494585406,
      0.06136401005582962,
      0.06105753252820395
    ],
    "validation_loss": [
      0.135450480984952,
      0.08218883135592737,
      0.048271089673178384,
      0.033206978991423566,
      0.026665856917154843,
      0.024214189197680994,
      0.02285065197866393,
      0.02220815313410133,
      0.021784016491116637,
      0.021189242254097802,
      0.020782794765107436,
      0.02063998039896902,
      0.020563414859014195,
      0.020218968414099068,
      0.019971234257555533,
      0.01988414647071828,
      0.019770632733277626,
      0.019697099745477717,
      0.019574852972156744,
      0.019517464659643137,
      0.019443359506660946,
      0.019287231532768935,
      0.01935418101262919,
      0.019260204071108157,
      0.019167890312941107,
      0.019150029553194024,
      0.01907698712999191,
      0.019150633529350276,
      0.019129660784279648,
      0.01913474172444467,
      0.01910852229072396,
      0.019066203449380724,
      0.01911203002009989,
      0.019112415176559712,
      0.019053634906774513,
      0.01905798608269911,
      0.01900673252665062,
      0.019031989349894328,
      0.01902841754921087,
      0.019064184159176534,
      0.019091717180153824,
      0.01915634326818236,
      0.019142353893052133,
      0.019137864203803253,
      0.019209570928988482,
      0.0191599224556572,
      0.019235675037474212,
      0.01922451528682284,
      0.019223583099549944,
      0.019199010811156426,
      0.019244257890856067,
      0.01938164168387606,
      0.019429238955383975,
      0.019366245298636467,
      0.01937046770964674,
      0.019361462580150667,
      0.01937907217056285,
      0.019406933099303615,
      0.019380342789402562,
      0.01937108428062959,
      0.01934095242597968,
      0.019323527501099367,
      0.019293537133768815,
      0.019220837044616086,
      0.019225159800318005,
      0.019269129941792792,
      0.019262640817796804,
      0.01926894330021272,
      0.019307997188271454,
      0.01941107033469815,
      0.0193896503577539,
      0.019433892526220152,
      0.019390172198913775,
      0.019401467848949056,
      0.01943299724313585,
      0.019511588602475653,
      0.01939911153904606,
      0.01942870690936685,
      0.01932970685898532,
      0.01937341352972901,
      0.019371448612036227,
      0.01945152223858659,
      0.0194725320692907,
      0.019441490893676038,
      0.019474711189758107,
      0.0195345369449716,
      0.019571276127872492
    ]
  }
}