{
  "CNN-Attention-LSTM-based": {
    "MSE": 0.102225,
    "MAE": 0.269088,
    "RMSE": 0.319726,
    "MAPE": 1315778139974.652
  }
}