{
  "CNN-Attention-LSTM-based": {
    "MSE": 0.160863,
    "MAE": 0.35971,
    "RMSE": 0.4009,
    "MAPE": 169440871614.60208
  }
}