{
  "CNN-Attention-LSTM-based": {
    "MSE": 0.122469,
    "MAE": 0.298211,
    "RMSE": 0.34977,
    "MAPE": 83013922519.50992
  }
}