{
  "CNN-Attention-LSTM-based": {
    "MSE": 0.083025,
    "MAE": 0.224653,
    "RMSE": 0.286123,
    "MAPE": 588533247430.0554
  }
}