{
  "CNN-Attention-LSTM-based": {
    "MSE": 0.131682,
    "MAE": 0.315883,
    "RMSE": 0.36126,
    "MAPE": 702441741478.6971
  }
}