{
  "CNN-Attention-LSTM-based": {
    "MSE": 0.111492,
    "MAE": 0.28171,
    "RMSE": 0.331772,
    "MAPE": 1201646269641.7537
  }
}