{
  "CNN-Attention-LSTM-based": {
    "MSE": 0.16601,
    "MAE": 0.366551,
    "RMSE": 0.407383,
    "MAPE": 73285381566.58638
  }
}