{
  "CNN-Attention-LSTM-based": {
    "MSE": 0.146523,
    "MAE": 0.335228,
    "RMSE": 0.378602,
    "MAPE": 469732119768.3769
  }
}