{
  "CNN-Attention-LSTM-based": {
    "MSE": 0.126963,
    "MAE": 0.305678,
    "RMSE": 0.356264,
    "MAPE": 35587487338.456
  }
}