{
  "CNN-Attention-LSTM-based": {
    "MSE": 0.107328,
    "MAE": 0.27081,
    "RMSE": 0.325493,
    "MAPE": 268735126675.68964
  }
}