{
  "CNN-Attention-LSTM-based": {
    "MSE": 0.141302,
    "MAE": 0.328907,
    "RMSE": 0.373596,
    "MAPE": 552504603487.4203
  }
}