{
  "CNN-Attention-LSTM-based": {
    "MSE": 0.142232,
    "MAE": 0.331857,
    "RMSE": 0.37567,
    "MAPE": 481594428957.2583
  }
}