{
  "CNN-Attention-LSTM-based": {
    "MSE": 0.155027,
    "MAE": 0.351473,
    "RMSE": 0.393735,
    "MAPE": 244358653075.24725
  }
}