{
  "CNN-Attention-LSTM-based": {
    "MSE": 0.16275,
    "MAE": 0.362047,
    "RMSE": 0.403363,
    "MAPE": 98483159383.33432
  }
}