{
  "CNN-Attention-LSTM-based": {
    "MSE": 0.117224,
    "MAE": 0.286987,
    "RMSE": 0.341046,
    "MAPE": 164404575817.57446
  }
}