{
  "CNN-Attention-LSTM-based": {
    "MSE": 0.154149,
    "MAE": 0.347345,
    "RMSE": 0.391317,
    "MAPE": 345892314221.2349
  }
}