{
  "CNN-Attention-LSTM-based": {
    "MSE": 0.163577,
    "MAE": 0.362571,
    "RMSE": 0.404221,
    "MAPE": 91709719898.44334
  }
}