{
  "CNN-Attention-LSTM-based": {
    "MSE": 0.160195,
    "MAE": 0.356496,
    "RMSE": 0.399886,
    "MAPE": 222368634411.07974
  }
}