{
  "CNN-Attention-LSTM-based": {
    "MSE": 0.144425,
    "MAE": 0.332976,
    "RMSE": 0.377058,
    "MAPE": 465889779393.76965
  }
}