{
  "CNN-Attention-LSTM-based": {
    "MSE": 0.157317,
    "MAE": 0.352808,
    "RMSE": 0.395823,
    "MAPE": 238585288036.48755
  }
}