{
  "CNN-Attention-LSTM-based": {
    "MSE": 0.125251,
    "MAE": 0.305784,
    "RMSE": 0.353908,
    "MAPE": 1060385844204.8141
  }
}