{
  "CNN-Attention-LSTM-based": {
    "MSE": 0.171828,
    "MAE": 0.372196,
    "RMSE": 0.41452,
    "MAPE": 140408197537.29227
  }
}