{
  "CNN-Attention-LSTM-based": {
    "MSE": 0.152086,
    "MAE": 0.345261,
    "RMSE": 0.389636,
    "MAPE": 495975361607.4504
  }
}