{
  "CNN-Attention-LSTM-based": {
    "MSE": 0.153239,
    "MAE": 0.34249,
    "RMSE": 0.388229,
    "MAPE": 589018252127.2642
  }
}