{
  "CNN-Attention-LSTM-based": {
    "MSE": 0.152389,
    "MAE": 0.342652,
    "RMSE": 0.387648,
    "MAPE": 536810830435.7571
  }
}