{
  "CNN-Attention-LSTM-based": {
    "MSE": 0.15637,
    "MAE": 0.350334,
    "RMSE": 0.394772,
    "MAPE": 439941628812.1518
  }
}