{
  "CNN-Attention-LSTM-based": {
    "MSE": 0.152142,
    "MAE": 0.34365,
    "RMSE": 0.389372,
    "MAPE": 589277451533.6979
  }
}