{
  "CNN-Attention-LSTM-based": {
    "MSE": 0.159381,
    "MAE": 0.35486,
    "RMSE": 0.398681,
    "MAPE": 371251314751.3747
  }
}