{
  "CNN-Attention-LSTM-based": {
    "MSE": 0.150979,
    "MAE": 0.342145,
    "RMSE": 0.387835,
    "MAPE": 611076410542.5317
  }
}