{
  "CNN-Attention-BiGRU-based": {
    "MSE": 0.0219,
    "MAE": 0.118132,
    "RMSE": 0.147986,
    "MAPE": 0.241444
  }
}