{
  "CNN-Attention-BiGRU-based": {
    "MSE": 0.019091,
    "MAE": 0.109877,
    "RMSE": 0.138142,
    "MAPE": 0.252347
  }
}