{
  "GRU-based": {
    "training_loss": [
      0.7734346953122425,
      0.7134288828584212,
      0.6629453404543268,
      0.6132243693126405,
      0.5664153056305672,
      0.5211087696662935,
      0.47952179315220955,
      0.43912741642461045,
      0.3999128232273874,
      0.3629217486089795,
      0.32794982999688965,
      0.2954252789795147,
      0.26492377159967706,
      0.23608146664462512,
      0.2094151156361093,
      0.1848807584510071,
      0.1623874219912517,
      0.14203957641175025,
      0.12369256378603384,
      0.10744977701565385,
      0.09340271240548242,
      0.08099971648761492,
      0.07112060603587436,
      0.0630340185566542,
      0.05709276332633908,
      0.05312155066097336,
      0.049696489476956394,
      0.046345563110294224,
      0.04327170432934278,
      0.04088394931725812,
      0.03875623822589464,
      0.03666051750696158,
      0.03508044156847121,
      0.03345408664725501,
      0.03221093588174647,
      0.03095233102450894,
      0.02975921346982823,
      0.02858052559920001,
      0.027921847928362557,
      0.02681242723316583,
      0.026226208729960246,
      0.025407272127735966,
      0.02464136494645841,
      0.02389532205833413,
      0.023277498891710734,
      0.02287444275045445,
      0.022391390377647764,
      0.021775289442594544,
      0.021338173105746885,
      0.020802820077802563,
      0.020443077690364943,
      0.019968404721484406
    ],
    "validation_loss": [
      0.03555898740887642,
      0.03157963976264,
      0.04770837351679802,
      0.053540218621492386,
      0.04520087689161301,
      0.03747526556253433,
      0.03667877987027168,
      0.040562551468610764,
      0.04326301068067551,
      0.04161292687058449,
      0.03873419761657715,
      0.03808630257844925,
      0.039484865963459015,
      0.04009368643164635,
      0.03950507566332817,
      0.038788896054029465,
      0.03873555734753609,
      0.039143554866313934,
      0.03920513764023781,
      0.03887683525681496,
      0.03875253349542618,
      0.038745082914829254,
      0.03872770071029663,
      0.0385659821331501,
      0.038778770714998245,
      0.0389181524515152,
      0.03887727111577988,
      0.03898424655199051,
      0.03903300315141678,
      0.039080340415239334,
      0.039017610251903534,
      0.03896460309624672,
      0.038993701338768005,
      0.03910725563764572,
      0.03913922980427742,
      0.039214126765728,
      0.03917811065912247,
      0.039168551564216614,
      0.03921620175242424,
      0.03922267630696297,
      0.03929624706506729,
      0.03945460543036461,
      0.03958004713058472,
      0.0395897775888443,
      0.0395066924393177,
      0.03941374272108078,
      0.0394056960940361,
      0.03944861888885498,
      0.039630625396966934,
      0.03970307484269142,
      0.039771392941474915,
      0.03965481370687485
    ]
  }
}