{
  "GRU-based": {
    "training_loss": [
      0.7906214655455897,
      0.7314245175507109,
      0.674968491166325,
      0.6210802157046431,
      0.5697324033510887,
      0.52082243107133,
      0.47431858262773285,
      0.430259761668868,
      0.38857117699364485,
      0.34926193952560425,
      0.3123927237623829,
      0.2779102072877399,
      0.24585118132122494,
      0.21623215205588583,
      0.18895886560617867,
      0.1639742790642431,
      0.1399427308874615,
      0.11730855627585265,
      0.09632211052260156,
      0.0774803806917142,
      0.06190678452031087,
      0.04775709734629777,
      0.03556381342774731,
      0.026244723758960174,
      0.020327251025680768,
      0.018127500190068098,
      0.01736801802733187,
      0.01611570906588587,
      0.014791671818090697,
      0.014006077927553047,
      0.013305401587385243,
      0.012766749140317156,
      0.012436352985895287,
      0.012264864961222068,
      0.012125366888308928,
      0.012014542059120486,
      0.011964465665110087,
      0.011917962392760535,
      0.011838925007920144,
      0.011755481046640266,
      0.011826967504822601,
      0.011749880909288333,
      0.01174598984357159,
      0.011712089102020708,
      0.01168631498654515,
      0.011718227401754613,
      0.011726381667589738,
      0.011722157677730261,
      0.011699876653314647,
      0.011701704539611177,
      0.011675584619328126,
      0.011732433954159082,
      0.011691032656294814,
      0.011676431475680763,
      0.011656409966112193,
      0.011731749069008786,
      0.011671152755112971,
      0.011668893776960293,
      0.01164596919286049,
      0.01168104728399697,
      0.011634787228905548,
      0.011632297898374371,
      0.011642805474289393,
      0.011675320897188228,
      0.011651093313880896,
      0.01164776574567718,
      0.011655543962398828,
      0.011581806244991593,
      0.011626568417680465,
      0.011643847734746287,
      0.011636800637815968,
      0.011627802025463622,
      0.011626255082882057,
      0.011617757979843575,
      0.01159264369851957,
      0.011623916074128474
    ],
    "validation_loss": [
      0.12381677329540253,
      0.12381677329540253,
      0.12381677329540253,
      0.12381677329540253,
      0.12381677329540253,
      0.12381677329540253,
      0.12381677329540253,
      0.12381677329540253,
      0.12381677329540253,
      0.12381677329540253,
      0.12381677329540253,
      0.12381677329540253,
      0.12381677329540253,
      0.12381677329540253,
      0.12381677329540253,
      0.12195052951574326,
      0.1174810379743576,
      0.110948845744133,
      0.10234839469194412,
      0.09278818219900131,
      0.08158943057060242,
      0.06738584488630295,
      0.0557829923927784,
      0.04801087826490402,
      0.04393051564693451,
      0.04276837036013603,
      0.04321138933300972,
      0.0441022664308548,
      0.04487091675400734,
      0.04536541551351547,
      0.045583825558423996,
      0.045544497668743134,
      0.04530453309416771,
      0.0449916236102581,
      0.044750943779945374,
      0.04462703317403793,
      0.04462336748838425,
      0.04470326751470566,
      0.04482458531856537,
      0.04487931355834007,
      0.044901151210069656,
      0.04488309100270271,
      0.04486327990889549,
      0.04483326897025108,
      0.044796135276556015,
      0.04478563368320465,
      0.04477490112185478,
      0.04477662965655327,
      0.044787414371967316,
      0.04480217397212982,
      0.044800665229558945,
      0.04482316970825195,
      0.04482011869549751,
      0.04482124745845795,
      0.04483041912317276,
      0.044835176318883896,
      0.04481927305459976,
      0.04482022300362587,
      0.04481188952922821,
      0.044831302016973495,
      0.044821664690971375,
      0.04482259973883629,
      0.04481365531682968,
      0.04479571431875229,
      0.044799983501434326,
      0.04480098932981491,
      0.044824130833148956,
      0.044821128249168396,
      0.044834669679403305,
      0.04483528435230255,
      0.04482148215174675,
      0.044816527515649796,
      0.04479346424341202,
      0.04478945955634117,
      0.04480060562491417,
      0.044825028628110886
    ]
  }
}