{
  "GRU-based": {
    "training_loss": [
      0.7658809019347369,
      0.7098800630892738,
      0.6571280824936042,
      0.6054236252429122,
      0.5565867838212999,
      0.5101349262867944,
      0.4655695289878522,
      0.4235544618913683,
      0.3835090752375328,
      0.3453743296154475,
      0.30954427638296356,
      0.2757866746288235,
      0.24421592713412593,
      0.21500019552343982,
      0.18778769697173167,
      0.16295732961872877,
      0.14030692789514185,
      0.11986959952924212,
      0.10165845552238367,
      0.08559898173404952,
      0.07164063026844444,
      0.06006013583076202,
      0.050616359306594076,
      0.043202402101734934,
      0.038169821377022795,
      0.034953445764416356,
      0.03272997884679649,
      0.03018254493126425,
      0.027807276253983125,
      0.02617126633807764,
      0.024789071531366495,
      0.02361305904085353,
      0.02259018404756562,
      0.021715311870231468,
      0.020948569779678926,
      0.020279464801236734,
      0.019731235769340546,
      0.019272846153984637,
      0.018658476076641325,
      0.018216880322512934,
      0.017884778206126165,
      0.01743643623539957,
      0.017151239438582273,
      0.01692616810106625,
      0.01649215583831577,
      0.016344925357123553,
      0.016177306141136057,
      0.01589478075630584,
      0.015713684734399037,
      0.015571213816687211,
      0.015330001048870006,
      0.015143129248487748
    ],
    "validation_loss": [
      0.0372767299413681,
      0.03637821227312088,
      0.04403017833828926,
      0.04674031212925911,
      0.04520292207598686,
      0.04259950667619705,
      0.04123426601290703,
      0.041196633130311966,
      0.04169587418437004,
      0.04219904914498329,
      0.042448949068784714,
      0.04230068624019623,
      0.042074911296367645,
      0.04204883426427841,
      0.04209394007921219,
      0.04215323552489281,
      0.042376067489385605,
      0.04245471954345703,
      0.04246283322572708,
      0.04254404082894325,
      0.042631834745407104,
      0.04277006909251213,
      0.04289032891392708,
      0.04301665723323822,
      0.04317295923829079,
      0.0431983508169651,
      0.043245069682598114,
      0.04340749606490135,
      0.043469782918691635,
      0.04347211867570877,
      0.043461523950099945,
      0.043522585183382034,
      0.04360754042863846,
      0.043683987110853195,
      0.04379912465810776,
      0.04390895739197731,
      0.04402545839548111,
      0.04413067176938057,
      0.04414984583854675,
      0.044106267392635345,
      0.044108666479587555,
      0.044116102159023285,
      0.04420538991689682,
      0.0442596897482872,
      0.04431875795125961,
      0.04434969648718834,
      0.04433789849281311,
      0.04433930292725563,
      0.04440903663635254,
      0.044478412717580795,
      0.04458778351545334,
      0.044684842228889465
    ]
  }
}