{
  "GRU-based": {
    "training_loss": [
      0.7790344666927419,
      0.7211526700790892,
      0.6681321595577483,
      0.6160889458149037,
      0.566898897353639,
      0.5196440638379848,
      0.4729852926223836,
      0.4268012997951913,
      0.38553535887535584,
      0.3481829267867068,
      0.3122786255592995,
      0.27805818750503214,
      0.24636062909948064,
      0.2172009607578846,
      0.19000124265538884,
      0.16520094275474548,
      0.1426491730390711,
      0.12237452972442546,
      0.10427373019938774,
      0.08842716632371253,
      0.07471034634620585,
      0.06315823197364807,
      0.053833073345904654,
      0.04654418510642457,
      0.04144820459979646,
      0.03620643682302312,
      0.031271262720544285,
      0.02718409666038574,
      0.02455804799782469,
      0.02336466242658331,
      0.022421445919478193,
      0.02122199275392167,
      0.020198847924141172,
      0.019312285061212298,
      0.01859222466641284,
      0.017969281701965534,
      0.017532904382715833,
      0.017027998668082217,
      0.0167347030595262,
      0.01646200715702899,
      0.016104441579986126,
      0.015768199461571715,
      0.015589592050998769,
      0.015359500161510832,
      0.015162534488642469,
      0.014932479035664113,
      0.014882236798392965,
      0.014730427858043224,
      0.01448184700405344,
      0.014392445077921482,
      0.01425450124005054,
      0.014139854880247979,
      0.013898561609552261,
      0.013891008195090801,
      0.013854251790078397,
      0.013766530116504812,
      0.013653824042449606,
      0.013601588762979558,
      0.013469185553332593,
      0.013471303091562808,
      0.013393000172490769,
      0.013315404047991367,
      0.013306382567958628,
      0.01317622027102303,
      0.013209836410873747,
      0.013073897607466007,
      0.013011486867957927,
      0.013019394295963835,
      0.012931623698232022,
      0.012867853215875778,
      0.012949620286359431,
      0.01284960557488685,
      0.012804965373683483,
      0.012775170838737741,
      0.01282182810629936,
      0.012749016895256144,
      0.012637122244910991,
      0.012652397024980251,
      0.01262374297577016,
      0.012670061539145227
    ],
    "validation_loss": [
      0.08263956010341644,
      0.07985997945070267,
      0.08475112915039062,
      0.08842825144529343,
      0.08753298223018646,
      0.08423390984535217,
      0.07346545904874802,
      0.06467193365097046,
      0.0619083046913147,
      0.062708780169487,
      0.06401051580905914,
      0.06476329267024994,
      0.06501626968383789,
      0.06505006551742554,
      0.06506503373384476,
      0.06501076370477676,
      0.0649215579032898,
      0.0648830309510231,
      0.0648864358663559,
      0.06493031978607178,
      0.0649971216917038,
      0.06513093411922455,
      0.06529652327299118,
      0.06541958451271057,
      0.06310869753360748,
      0.05664746090769768,
      0.05020629242062569,
      0.045517198741436005,
      0.04328348860144615,
      0.04300348460674286,
      0.043649930506944656,
      0.044436611235141754,
      0.04501666873693466,
      0.045406948775053024,
      0.045592933893203735,
      0.04560183361172676,
      0.04558676853775978,
      0.045487672090530396,
      0.045400917530059814,
      0.04537997022271156,
      0.04541973024606705,
      0.045415446162223816,
      0.045436155050992966,
      0.04542596638202667,
      0.04542829468846321,
      0.04540162533521652,
      0.0454232320189476,
      0.04543757438659668,
      0.04545621573925018,
      0.04548092558979988,
      0.04546905308961868,
      0.045407332479953766,
      0.04539554938673973,
      0.045365095138549805,
      0.045344337821006775,
      0.04537000134587288,
      0.04532744362950325,
      0.04534776508808136,
      0.04532851651310921,
      0.045376840978860855,
      0.045415740460157394,
      0.04543851315975189,
      0.04544992744922638,
      0.04546792060136795,
      0.045457590371370316,
      0.04543972387909889,
      0.04543117433786392,
      0.04544426128268242,
      0.04541359096765518,
      0.045398082584142685,
      0.04541921615600586,
      0.04541054368019104,
      0.04546166956424713,
      0.04548679292201996,
      0.04549231380224228,
      0.045457761734724045,
      0.0454297699034214,
      0.04539302736520767,
      0.045384734869003296,
      0.04539796710014343
    ]
  }
}