{
  "GRU-based": {
    "training_loss": [
      0.7843720729534442,
      0.7251865670212314,
      0.6719397724184215,
      0.619270795940334,
      0.5693772078579308,
      0.52165007387471,
      0.4761472362228948,
      0.4330752932617807,
      0.3922701266586271,
      0.35356066573379386,
      0.3171081300984081,
      0.2828780876265632,
      0.2510094948304005,
      0.2213809885020949,
      0.19401974211900663,
      0.16900940927175376,
      0.14625307026072445,
      0.12474541964693966,
      0.10457281016895914,
      0.08705498227196881,
      0.07251679967356543,
      0.06085892957754624,
      0.05184629451260608,
      0.04502819007278508,
      0.039915025552623294,
      0.03489823104479374,
      0.029193973885132715,
      0.023841839856826343,
      0.02039026201535494,
      0.01915336947919976,
      0.018656951017104663,
      0.017906337689894896,
      0.017166162737541728,
      0.01639672303492697,
      0.015754224207156744,
      0.01529164570901129,
      0.014952752341189954,
      0.014647196946490524,
      0.014429405984333437,
      0.014177677277316395,
      0.014036389959291516,
      0.013843482487604149,
      0.013771488944179991,
      0.013620056291548615,
      0.013505033559651457,
      0.01339204123036729,
      0.013271113539226035,
      0.013148597393853542,
      0.013118746746172253,
      0.013059661699793277,
      0.012975099671663892,
      0.012896543894058619,
      0.012858966787337747,
      0.012825605324190905,
      0.012725956085273344,
      0.012716814413921446,
      0.0126891451386305,
      0.012657163099537039,
      0.012632017851703696,
      0.012548426006976357,
      0.012570526514552597,
      0.01253985588112448,
      0.012479550396211637,
      0.012463648819452168,
      0.012428186778138336,
      0.012402404242983231,
      0.012375687933566734,
      0.01235755817948753,
      0.012339037739568286,
      0.01232306726085834,
      0.01230719262877336,
      0.012270352636010218,
      0.012262059224403312,
      0.012214992903809771,
      0.01221577982362519,
      0.01216520880882302,
      0.012186363212063782,
      0.012172090415007029,
      0.012133120965117063,
      0.012148035881228937,
      0.01208919913181637
    ],
    "validation_loss": [
      0.0938374251127243,
      0.08996410667896271,
      0.09276901930570602,
      0.09599842131137848,
      0.09665041416883469,
      0.09531064331531525,
      0.09388542920351028,
      0.09336378425359726,
      0.09367193281650543,
      0.09421101957559586,
      0.09454011917114258,
      0.0946119949221611,
      0.09452199935913086,
      0.09438715875148773,
      0.09436806291341782,
      0.09443598240613937,
      0.09397905319929123,
      0.0900559276342392,
      0.085483118891716,
      0.08144038915634155,
      0.07852969318628311,
      0.0769835114479065,
      0.07659795880317688,
      0.07687908411026001,
      0.0745878741145134,
      0.0674794465303421,
      0.05862102657556534,
      0.05068486928939819,
      0.04538626968860626,
      0.04312412440776825,
      0.043094098567962646,
      0.04403982311487198,
      0.04519391432404518,
      0.04616587981581688,
      0.046769753098487854,
      0.04700260981917381,
      0.046942584216594696,
      0.046662233769893646,
      0.04634416848421097,
      0.04601684957742691,
      0.04580288752913475,
      0.04570716619491577,
      0.04575458541512489,
      0.04584937170147896,
      0.0459442101418972,
      0.04600158706307411,
      0.04602675884962082,
      0.046029433608055115,
      0.046028982847929,
      0.04600582271814346,
      0.04596757888793945,
      0.045952506363391876,
      0.04593615233898163,
      0.04595189541578293,
      0.04596267640590668,
      0.045984897762537,
      0.04601147398352623,
      0.04601122438907623,
      0.04600301757454872,
      0.04596804082393646,
      0.04597823694348335,
      0.04597175866365433,
      0.0459807887673378,
      0.045992493629455566,
      0.04598105698823929,
      0.04597638174891472,
      0.0459800660610199,
      0.04596995934844017,
      0.0459485799074173,
      0.045947734266519547,
      0.04594485089182854,
      0.04596525430679321,
      0.04598058760166168,
      0.04598041623830795,
      0.04596712067723274,
      0.045944806188344955,
      0.0459430031478405,
      0.04593314602971077,
      0.04590177163481712,
      0.04589420184493065,
      0.04588824883103371
    ]
  }
}