{
  "GRU-based": {
    "training_loss": [
      0.7777016572174597,
      0.7188301170844377,
      0.6645917529200279,
      0.6115795964846795,
      0.5610897101046189,
      0.5130126230706473,
      0.46731192461922444,
      0.4238716829488206,
      0.3827755180039631,
      0.34409442518402067,
      0.3076551789377892,
      0.27338509638933667,
      0.2414362115281846,
      0.21190123886765327,
      0.18474413064416387,
      0.159267606781276,
      0.13506663593867307,
      0.11356728476004539,
      0.09491805281378168,
      0.07908156658063119,
      0.0653039782344016,
      0.05263188151970442,
      0.042348810211783314,
      0.034947464234583364,
      0.030190209606302653,
      0.026675300200993412,
      0.023708391167191478,
      0.020786552118385298,
      0.018597277001249943,
      0.017603591660061618,
      0.016903663653672508,
      0.016118367510356106,
      0.015637451838781905,
      0.015151255999895636,
      0.014737233055891398,
      0.014450700977585346,
      0.014154272865456062,
      0.013905125913957669,
      0.013857038431828882,
      0.013630555794762184,
      0.013533313155110301,
      0.013490585618264685,
      0.013367092396760191,
      0.013238134350259929,
      0.01317736560023138,
      0.013063057161899596,
      0.013014004409888784,
      0.01298292870973057,
      0.01288587380952078,
      0.012849648946760293,
      0.012803814809593519,
      0.01274018380151414,
      0.012702349685292387,
      0.012636748706130511,
      0.012619337494696925,
      0.012611748826542125,
      0.012551521274856743,
      0.012521678537865821,
      0.012524198101185933,
      0.012497483109135996,
      0.012430005311134548,
      0.012392334815898166,
      0.01243140291054873,
      0.012404413010461392,
      0.012336660620192856,
      0.012348408319151963,
      0.012287072445637679,
      0.01230823287796309,
      0.01228893100975537,
      0.012273376863529754,
      0.012247323382310089,
      0.012193467531976782,
      0.01220680688120137,
      0.012186466704238638,
      0.012202429149475733,
      0.012186729664966272,
      0.012133639613606131,
      0.012109610244088163,
      0.012101320074191676,
      0.012134361548485163
    ],
    "validation_loss": [
      0.08681218326091766,
      0.08258529752492905,
      0.0842139795422554,
      0.08684275299310684,
      0.08823331445455551,
      0.08807965368032455,
      0.08721639961004257,
      0.08649492263793945,
      0.0862487331032753,
      0.08638116717338562,
      0.08668658882379532,
      0.0869549885392189,
      0.08712355047464371,
      0.08719213306903839,
      0.08692994713783264,
      0.08382239192724228,
      0.07994920015335083,
      0.07643754780292511,
      0.07386457920074463,
      0.07239507883787155,
      0.06903942674398422,
      0.06560517102479935,
      0.06276155263185501,
      0.06078646704554558,
      0.05829930678009987,
      0.05407774820923805,
      0.050260547548532486,
      0.04746253415942192,
      0.04583536460995674,
      0.0452735498547554,
      0.04538895934820175,
      0.04581202566623688,
      0.04629836231470108,
      0.04668412357568741,
      0.04686535522341728,
      0.04684506356716156,
      0.04674505069851875,
      0.04657593369483948,
      0.04646007716655731,
      0.04636557772755623,
      0.04633687809109688,
      0.04634065181016922,
      0.04636353254318237,
      0.04639920964837074,
      0.046417124569416046,
      0.046420395374298096,
      0.046423476189374924,
      0.04641164839267731,
      0.04640332981944084,
      0.046385258436203,
      0.046386588364839554,
      0.046380359679460526,
      0.04636650159955025,
      0.046349260956048965,
      0.0463532917201519,
      0.04634074866771698,
      0.04633624479174614,
      0.04634089022874832,
      0.046345725655555725,
      0.04635108634829521,
      0.04633369669318199,
      0.046315498650074005,
      0.046305205672979355,
      0.04631849005818367,
      0.046323828399181366,
      0.04633566364645958,
      0.046341195702552795,
      0.04635095223784447,
      0.04635661467909813,
      0.04637499526143074,
      0.0463792122900486,
      0.046377893537282944,
      0.0463491715490818,
      0.04633457958698273,
      0.04632308706641197,
      0.04632217437028885,
      0.04632337763905525,
      0.04630720987915993,
      0.04630415886640549,
      0.04631851240992546
    ]
  }
}