{
  "GRU-based": {
    "training_loss": [
      0.7819386741210674,
      0.723291867765887,
      0.6684160232543945,
      0.6152275163551857,
      0.5645329438406845,
      0.516195247913229,
      0.47016962848860644,
      0.4265870554693814,
      0.38517323444629536,
      0.3461071057566281,
      0.30874578089549626,
      0.27297312021255493,
      0.2398419863191144,
      0.20965017892163376,
      0.18221205986779312,
      0.15747256577014923,
      0.13485035300254822,
      0.1143961332995316,
      0.0963137011075842,
      0.08021787168650792,
      0.06472026787955186,
      0.05113976191857766,
      0.04045149863793932,
      0.032765815227196134,
      0.027147303110566633,
      0.02389726113399555,
      0.02198506210898531,
      0.019813426031634725,
      0.01809400596238416,
      0.01722985608824368,
      0.01642634584729014,
      0.015676878264238095,
      0.015189533988977301,
      0.01479104199799998,
      0.014446311341277484,
      0.014163548833337324,
      0.013976294996923414,
      0.013801862453592235,
      0.013646047241215048,
      0.013491062254741275,
      0.013441016480069736,
      0.01333908254987207,
      0.013214993065801161,
      0.01314016116847252,
      0.013041595735683524,
      0.012980898424726108,
      0.01293367465379937,
      0.012919055811803916,
      0.012834227772365356,
      0.012787578274206868,
      0.012759844033882535,
      0.012687274030056494,
      0.012635900671112126,
      0.01265628796456189,
      0.0125994304002359,
      0.012564641584096283,
      0.012544152808600459,
      0.012480491643835759,
      0.012462027981106577,
      0.012447983604566804,
      0.01237518288965883,
      0.012419556042757528,
      0.012343588509950144,
      0.012316386215388775,
      0.012316664873526013,
      0.012276094117812041,
      0.012256115674972534,
      0.012267449742247319,
      0.012198526283790326,
      0.012152305322474447,
      0.01216552432241111,
      0.012150678334051165,
      0.012127374684245422,
      0.012117896229028702,
      0.012088313217050043,
      0.01206503859881697,
      0.012015719287868204,
      0.012049705496635931
    ],
    "validation_loss": [
      0.0937291607260704,
      0.09101712703704834,
      0.09227272123098373,
      0.09400036931037903,
      0.09475797414779663,
      0.09456490725278854,
      0.09403227269649506,
      0.0936395674943924,
      0.09351257234811783,
      0.09337147325277328,
      0.09070587903261185,
      0.08743149787187576,
      0.08447844535112381,
      0.08232630044221878,
      0.08118345588445663,
      0.08093484491109848,
      0.08123074471950531,
      0.08169575035572052,
      0.08210495859384537,
      0.07954041659832001,
      0.07401394098997116,
      0.06802879273891449,
      0.06265651434659958,
      0.05707162246108055,
      0.0517038069665432,
      0.048048097640275955,
      0.04613444209098816,
      0.04551398381590843,
      0.04576529562473297,
      0.04638296738266945,
      0.04694861173629761,
      0.047329820692539215,
      0.047509416937828064,
      0.04749130457639694,
      0.04737027361989021,
      0.04716826602816582,
      0.047026701271533966,
      0.04691435396671295,
      0.04683351516723633,
      0.046792831271886826,
      0.04680332541465759,
      0.04683415964245796,
      0.0468638613820076,
      0.046911630779504776,
      0.046934641897678375,
      0.04694640263915062,
      0.046973299235105515,
      0.046982601284980774,
      0.046959489583969116,
      0.04691310226917267,
      0.04688660427927971,
      0.04687844216823578,
      0.04685511440038681,
      0.04684479162096977,
      0.04684844985604286,
      0.04684917628765106,
      0.046852193772792816,
      0.04685286805033684,
      0.04686443507671356,
      0.04687773808836937,
      0.046853236854076385,
      0.0468442477285862,
      0.046841252595186234,
      0.046837128698825836,
      0.04683775454759598,
      0.04683869704604149,
      0.046834807842969894,
      0.046829961240291595,
      0.04682638496160507,
      0.04679815471172333,
      0.046785514801740646,
      0.046764619648456573,
      0.04677388817071915,
      0.04677053168416023,
      0.04678681120276451,
      0.04678170755505562,
      0.046778518706560135,
      0.04679664224386215
    ]
  }
}