{
  "LSTM-based": {
    "MSE": 0.012497,
    "MAE": 0.088765,
    "RMSE": 0.111789,
    "MAPE": 0.539449
  }
}