{
  "LSTM-based": {
    "MSE": 0.012532,
    "MAE": 0.088947,
    "RMSE": 0.111946,
    "MAPE": 0.540997
  }
}