{
  "LSTM-based": {
    "MSE": 0.01244,
    "MAE": 0.088578,
    "RMSE": 0.111533,
    "MAPE": 0.536159
  }
}