{
  "LSTM-based": {
    "MSE": 0.012378,
    "MAE": 0.08833,
    "RMSE": 0.111257,
    "MAPE": 0.532737
  }
}