{
  "LSTM-based": {
    "MSE": 0.01247,
    "MAE": 0.088734,
    "RMSE": 0.111671,
    "MAPE": 0.537519
  }
}