{
  "LSTM-based": {
    "MSE": 0.012361,
    "MAE": 0.088258,
    "RMSE": 0.111181,
    "MAPE": 0.531576
  }
}