{
  "LSTM-based": {
    "MSE": 0.01241,
    "MAE": 0.088486,
    "RMSE": 0.1114,
    "MAPE": 0.534409
  }
}