{
  "CNN-Based": {
    "MSE": 0.016514,
    "MAE": 0.102661,
    "RMSE": 0.128505,
    "MAPE": 0.234063
  }
}