{
  "CNN-Based": {
    "MSE": 0.062157,
    "MAE": 0.204319,
    "RMSE": 0.249313,
    "MAPE": 0.482243
  }
}