{
  "CNN-Based": {
    "MSE": 0.020181,
    "MAE": 0.112456,
    "RMSE": 0.141904,
    "MAPE": 0.214695
  }
}