{
  "CNN-Based": {
    "MSE": 0.039256,
    "MAE": 0.160589,
    "RMSE": 0.197351,
    "MAPE": 0.285753
  }
}