{
  "CNN-Based": {
    "MSE": 0.031702,
    "MAE": 0.141536,
    "RMSE": 0.174434,
    "MAPE": 0.27554
  }
}