{
  "CNN-Based": {
    "MSE": 0.04051,
    "MAE": 0.165057,
    "RMSE": 0.195494,
    "MAPE": 0.305646
  }
}