{
  "CNN-Based": {
    "MSE": 0.025522,
    "MAE": 0.127763,
    "RMSE": 0.15874,
    "MAPE": 0.240594
  }
}