{
  "CNN-Based": {
    "MSE": 0.02392,
    "MAE": 0.125108,
    "RMSE": 0.154379,
    "MAPE": 0.241931
  }
}