{
  "CNN-Based": {
    "MSE": 0.036198,
    "MAE": 0.15294,
    "RMSE": 0.185774,
    "MAPE": 0.280434
  }
}