{
  "CNN-Based": {
    "MSE": 0.026456,
    "MAE": 0.130006,
    "RMSE": 0.161876,
    "MAPE": 0.246333
  }
}