{
  "CNN-Based": {
    "MSE": 0.046736,
    "MAE": 0.176754,
    "RMSE": 0.212305,
    "MAPE": 0.317321
  }
}