{
  "CNN-Based": {
    "MSE": 0.025441,
    "MAE": 0.128027,
    "RMSE": 0.158544,
    "MAPE": 0.245944
  }
}