{
  "CNN-Based": {
    "MSE": 0.031837,
    "MAE": 0.143906,
    "RMSE": 0.174658,
    "MAPE": 0.266491
  }
}