{
  "CNN-Based": {
    "MSE": 0.026049,
    "MAE": 0.130431,
    "RMSE": 0.159927,
    "MAPE": 0.262114
  }
}