{
  "CNN-Based": {
    "MSE": 0.007642,
    "MAE": 0.068769,
    "RMSE": 0.087416,
    "MAPE": 0.359907
  }
}