{
  "CNN-Based": {
    "MSE": 0.007917,
    "MAE": 0.070251,
    "RMSE": 0.088979,
    "MAPE": 0.360802
  }
}