{
  "CNN-Based": {
    "MSE": 0.00882,
    "MAE": 0.074605,
    "RMSE": 0.093898,
    "MAPE": 0.398214
  }
}