{
  "CNN-Based": {
    "MSE": 0.008573,
    "MAE": 0.07382,
    "RMSE": 0.092514,
    "MAPE": 0.401033
  }
}