{
  "CNN-Based": {
    "MSE": 0.009272,
    "MAE": 0.076953,
    "RMSE": 0.096201,
    "MAPE": 0.41657
  }
}