{
  "CNN-Based": {
    "MSE": 0.009427,
    "MAE": 0.07684,
    "RMSE": 0.096954,
    "MAPE": 0.432544
  }
}