{
  "CNN-Based": {
    "MSE": 0.010205,
    "MAE": 0.079965,
    "RMSE": 0.100808,
    "MAPE": 0.435615
  }
}