{
  "CNN-Attention-LSTM-based": {
    "training_loss": [
      1.666915272844249,
      1.549609850192892,
      1.4422696088922435,
      1.3398954539463437,
      1.2429408122753274,
      1.1489265047270676,
      1.0593700244508941,
      0.9741179182611662,
      0.8925212662795494,
      0.8146563192893719,
      0.740806690577803,
      0.6709230501076271,
      0.6052745436799938,
      0.5435150101267058,
      0.485851128553522,
      0.4321444630622864,
      0.3824572090444894,
      0.3370649619349118,
      0.2959003510146305,
      0.25894262872893237,
      0.22582687026467815,
      0.19692990492130147,
      0.17183458599550971,
      0.1507784472457294,
      0.13346243624029488,
      0.11931118009419277,
      0.10818872986168697,
      0.10060803001296931,
      0.09453721241704349,
      0.08853068382575593,
      0.08301449490004573,
      0.07872135551839039,
      0.07564676630085912,
      0.07356691540315233,
      0.07114355214710893,
      0.06883407718148725,
      0.06716171754845257,
      0.0654030573265306,
      0.0640105384177175,
      0.06269671177041941,
      0.061545641257845125,
      0.06038998966587001,
      0.059444317273024856,
      0.058551429546084895,
      0.05767588510081686,
      0.056968117325470365,
      0.05616534963763993,
      0.05545534180669949,
      0.054826369059496914,
      0.05425650446579374,
      0.053687912122956635,
      0.05312830055582112,
      0.05255646733888265,
      0.051988751210015394,
      0.05147170185528953,
      0.050915781408548355,
      0.050458383072039176,
      0.04998357773854815,
      0.04952882371585945,
      0.049077079984648476,
      0.048685478239223874,
      0.04828388577905195,
      0.047911824337367355,
      0.04754777946348848,
      0.0471628554936113,
      0.04678808332517229,
      0.04648411839172758,
      0.046139925461390924,
      0.045779116194823694,
      0.04546083664071971,
      0.04520839427051873,
      0.044877085449366735,
      0.04459113357909795,
      0.04428796971152569,
      0.0440448689563521,
      0.043813956451827084,
      0.04352237515408417,
      0.043269269682210065,
      0.0430547835241104
    ],
    "validation_loss": [
      0.12025685608386993,
      0.11337349563837051,
      0.10495122522115707,
      0.09994923323392868,
      0.09707235544919968,
      0.0939389169216156,
      0.09000620990991592,
      0.08661411702632904,
      0.08484494686126709,
      0.08402490615844727,
      0.08263175189495087,
      0.08036873489618301,
      0.07819821685552597,
      0.07652617245912552,
      0.07506950199604034,
      0.07412073761224747,
      0.07348252832889557,
      0.07218907028436661,
      0.07035329937934875,
      0.06939699500799179,
      0.06755856424570084,
      0.06719045341014862,
      0.0668758749961853,
      0.06628644466400146,
      0.06426158547401428,
      0.060578543692827225,
      0.05400293692946434,
      0.04743645340204239,
      0.04155387729406357,
      0.037128567695617676,
      0.03458596020936966,
      0.03387276455760002,
      0.03362513706088066,
      0.03336485102772713,
      0.03336835652589798,
      0.033507850021123886,
      0.033929403871297836,
      0.03395872563123703,
      0.03439982235431671,
      0.03444841876626015,
      0.03457074984908104,
      0.03475411236286163,
      0.034855492413043976,
      0.03512265533208847,
      0.03514854982495308,
      0.035192184150218964,
      0.035323455929756165,
      0.03532597795128822,
      0.03529497981071472,
      0.03540683165192604,
      0.03565510734915733,
      0.03582730144262314,
      0.03601086139678955,
      0.03617192059755325,
      0.0363694466650486,
      0.03661882504820824,
      0.03686879575252533,
      0.0369965061545372,
      0.03718506917357445,
      0.037275414913892746,
      0.037339553236961365,
      0.037448521703481674,
      0.03758823871612549,
      0.037721067667007446,
      0.037815287709236145,
      0.037919070571660995,
      0.03795923292636871,
      0.03801359981298447,
      0.038132164627313614,
      0.03825448080897331,
      0.03841884061694145,
      0.03862613067030907,
      0.038857027888298035,
      0.039143167436122894,
      0.039502691477537155,
      0.039647381752729416,
      0.04010805860161781,
      0.04064032807946205,
      0.04093606024980545
    ]
  }
}