{
  "CNN-Attention-GRU-based": {
    "MSE": 0.043876,
    "MAE": 0.172568,
    "RMSE": 0.209222,
    "MAPE": 0.302482
  }
}