{
  "CNN-Based": {
    "MSE": 0.015681,
    "MAE": 0.087157,
    "RMSE": 0.125226,
    "MAPE": 0.367788
  }
}