{
  "CNN-Based": {
    "MSE": 0.015363,
    "MAE": 0.086199,
    "RMSE": 0.12393,
    "MAPE": 0.354953
  }
}