{
  "CNN-Based": {
    "MSE": 0.017936,
    "MAE": 0.09126,
    "RMSE": 0.133804,
    "MAPE": 0.387093
  }
}