{
  "CNN-Based": {
    "MSE": 0.018181,
    "MAE": 0.09532,
    "RMSE": 0.134825,
    "MAPE": 0.392407
  }
}