{
  "CNN-Based": {
    "MSE": 0.019528,
    "MAE": 0.093118,
    "RMSE": 0.139499,
    "MAPE": 0.355001
  }
}