{
  "CNN-Based": {
    "MSE": 0.020807,
    "MAE": 0.096235,
    "RMSE": 0.143812,
    "MAPE": 0.365747
  }
}