{
  "CNN-Based": {
    "MSE": 0.019295,
    "MAE": 0.093074,
    "RMSE": 0.13864,
    "MAPE": 0.370228
  }
}