{
  "CNN-BiLSTM-Attention-based": {
    "MSE": 0.057674,
    "MAE": 0.221845,
    "RMSE": 0.240083,
    "MAPE": 1.183866
  }
}