{
  "CNN-BiLSTM-Attention-based": {
    "MSE": 0.009606,
    "MAE": 0.075374,
    "RMSE": 0.098009,
    "MAPE": 0.327603
  }
}