{
  "CNN-BiLSTM-Attention-based": {
    "MSE": 0.014369,
    "MAE": 0.099177,
    "RMSE": 0.119863,
    "MAPE": 0.562021
  }
}