{
  "CNN-Attention-BiGRU-based": {
    "MSE": 0.035295,
    "MAE": 0.125195,
    "RMSE": 0.187836,
    "MAPE": 0.363875
  }
}