{
  "CNN-Attention-BiGRU-based": {
    "MSE": 0.025072,
    "MAE": 0.105152,
    "RMSE": 0.158251,
    "MAPE": 0.370256
  }
}