{
  "CNN-Attention-LSTM-based": {
    "training_loss": [
      1.7369907285783674,
      1.6306119832125576,
      1.5334481209308117,
      1.4431885239127633,
      1.354768081144853,
      1.2719123438521698,
      1.1918604949137548,
      1.1134996697619244,
      1.037919653879179,
      0.9653544651044832,
      0.8966938165517954,
      0.8306451460698268,
      0.7679387847860376,
      0.7088797901060198,
      0.6528437629446283,
      0.6006541718969812,
      0.5513681931929155,
      0.5064494893267438,
      0.4641316153786399,
      0.4254438664529707,
      0.39088414682374967,
      0.35951772227987544,
      0.32563618554935586,
      0.29250642344668193,
      0.2581054253594859,
      0.22878928597156817,
      0.2050382615803005,
      0.19141875936851635,
      0.18460861494491151,
      0.17891434564457073,
      0.1674959753359948,
      0.16003008249339523,
      0.153565848623956,
      0.1469334461889067,
      0.14090285069875783,
      0.13584698059342123,
      0.13095384731992976,
      0.12985498254949396,
      0.12458776427315665,
      0.12096457944049702,
      0.11734180897474289,
      0.1142497606627591,
      0.11140945465206266,
      0.10982510640279397,
      0.10658398557167786,
      0.10514908799758324,
      0.10253111939955424,
      0.10201497177977661,
      0.09922111263641945,
      0.0981424964599676,
      0.0959302737683683,
      0.0936163720134255,
      0.09202794381580152,
      0.09039220370195962,
      0.08910261610379586,
      0.08762405124994424,
      0.0872867107912377,
      0.08557610088711852,
      0.08420466605599944,
      0.0828519996542197,
      0.08162547575010286,
      0.08045660954463732,
      0.08034842914634652,
      0.07878281749211825,
      0.08049164410237666,
      0.07917713024816313,
      0.08247185264017198,
      0.07933900250004722,
      0.0796774257938345,
      0.07969980702533588,
      0.07815399354362822,
      0.0774514243215114,
      0.07516401490339866,
      0.07425563719931182,
      0.07348063697556516,
      0.07257162383594713
    ],
    "validation_loss": [
      0.25173133611679077,
      0.23833948373794556,
      0.22991180419921875,
      0.21637502312660217,
      0.20134489238262177,
      0.19268719851970673,
      0.19113789498806,
      0.1903757005929947,
      0.18575094640254974,
      0.17997649312019348,
      0.177643820643425,
      0.17598547041416168,
      0.1721508800983429,
      0.17174258828163147,
      0.1695820838212967,
      0.1696934551000595,
      0.16426214575767517,
      0.16564957797527313,
      0.16222020983695984,
      0.15803535282611847,
      0.160661980509758,
      0.15492378175258636,
      0.13368093967437744,
      0.11801692098379135,
      0.08521115034818649,
      0.06124727427959442,
      0.045803964138031006,
      0.0270842295140028,
      0.028482338413596153,
      0.028684981167316437,
      0.01862419582903385,
      0.0342484787106514,
      0.02581600472331047,
      0.027964850887656212,
      0.022807706147432327,
      0.03239705413579941,
      0.027475090697407722,
      0.024901926517486572,
      0.033325858414173126,
      0.0417683944106102,
      0.032207053154706955,
      0.03558134660124779,
      0.02386113815009594,
      0.03262732923030853,
      0.03839674964547157,
      0.03243323042988777,
      0.030449233949184418,
      0.028899511322379112,
      0.03201546519994736,
      0.026196081191301346,
      0.04105750471353531,
      0.0274905264377594,
      0.02950126677751541,
      0.03755229711532593,
      0.025591887533664703,
      0.031826745718717575,
      0.029269639402627945,
      0.026004284620285034,
      0.028912415727972984,
      0.02900264598429203,
      0.0300342608243227,
      0.032496850937604904,
      0.02507009170949459,
      0.03455116227269173,
      0.02668527141213417,
      0.034184619784355164,
      0.03248821571469307,
      0.028403248637914658,
      0.021999601274728775,
      0.03966517373919487,
      0.020165694877505302,
      0.01960754580795765,
      0.021899932995438576,
      0.027507074177265167,
      0.026587098836898804,
      0.03401561826467514
    ]
  }
}