{
  "CNN-Attention-LSTM-based": {
    "training_loss": [
      1.7407587377648606,
      1.6105085335279765,
      1.5076093836834557,
      1.4009392625407169,
      1.315746159302561,
      1.2392058259562442,
      1.1609792947769164,
      1.0852967964975457,
      1.0156364967948512,
      0.9487516930228785,
      0.8830557992583827,
      0.8200523495674134,
      0.760769041588432,
      0.7042833422359668,
      0.6506681153648778,
      0.6000790238380432,
      0.5522334820345829,
      0.5075043982581089,
      0.466359984247308,
      0.4274690286109322,
      0.3923057280088726,
      0.36056376570149473,
      0.33210724403983666,
      0.30629756513394807,
      0.28381975575497276,
      0.26370375689707304,
      0.24785014390945434,
      0.23503895527438112,
      0.22366999544595417,
      0.2128132584847902,
      0.20315055941280566,
      0.1931313201000816,
      0.18541545334615206,
      0.17753540293166511,
      0.17053197637984627,
      0.1641766352088828,
      0.1593840646116357,
      0.157363277516867,
      0.14952354101758253,
      0.14707899862214138,
      0.14613481869823056,
      0.13953339865333156,
      0.13665959897794222,
      0.1324683418399409,
      0.12898111374754656,
      0.12528831158813677,
      0.12230187419213746,
      0.11909583014877219,
      0.11585184837642469,
      0.11338896084772913,
      0.11057139164523075,
      0.10844861802301908,
      0.10655074166624169,
      0.10550555814253657,
      0.10367138840650257,
      0.10187176277762965,
      0.09980655500763341,
      0.09804935910199818,
      0.09711546333212602,
      0.09493802840772428,
      0.09393451504017178,
      0.09230871373101285,
      0.09083610890727294,
      0.0896626583055446,
      0.08826919292148791,
      0.08786285198048542,
      0.08709190064354946,
      0.08824182152748108,
      0.08874493680502239,
      0.0883166176708121,
      0.0865243681951573,
      0.08686856423553667,
      0.08481333757701673,
      0.08410106913039558,
      0.08206531687786704,
      0.08075790342531707,
      0.07960820660779351,
      0.07864543811271066,
      0.07791687054069418,
      0.07753670592057077,
      0.07724744818712535,
      0.07656620795789518,
      0.07527887146723898
    ],
    "validation_loss": [
      0.24082180857658386,
      0.21599391102790833,
      0.2006601095199585,
      0.17320194840431213,
      0.14672555029392242,
      0.1295100599527359,
      0.1150023341178894,
      0.09949085116386414,
      0.08553893119096756,
      0.07438396662473679,
      0.06292039901018143,
      0.053984299302101135,
      0.049367472529411316,
      0.04398074373602867,
      0.03780427575111389,
      0.034172262996435165,
      0.0317547470331192,
      0.029896127060055733,
      0.030151410028338432,
      0.026634523645043373,
      0.03790101781487465,
      0.038885846734046936,
      0.03435689955949783,
      0.03863166272640228,
      0.025179527699947357,
      0.02552705630660057,
      0.033920302987098694,
      0.03348946198821068,
      0.03063741885125637,
      0.04029138386249542,
      0.030940186232328415,
      0.028897985816001892,
      0.04443465173244476,
      0.039735984057188034,
      0.03776545450091362,
      0.036448393017053604,
      0.030924739316105843,
      0.01896672137081623,
      0.03659842163324356,
      0.03125107288360596,
      0.024866357445716858,
      0.0502067469060421,
      0.03781157359480858,
      0.030526509508490562,
      0.04783700034022331,
      0.03338410705327988,
      0.031421344727277756,
      0.03852854669094086,
      0.02973029948771,
      0.04251847043633461,
      0.030315348878502846,
      0.03196392580866814,
      0.03329809382557869,
      0.01943165436387062,
      0.052760954946279526,
      0.018992066383361816,
      0.04201524704694748,
      0.03237086161971092,
      0.020298557355999947,
      0.03893597796559334,
      0.021069468930363655,
      0.031928498297929764,
      0.028234191238880157,
      0.03197421506047249,
      0.027943113818764687,
      0.024972211569547653,
      0.02894168347120285,
      0.02041824348270893,
      0.030059531331062317,
      0.01898684725165367,
      0.0271820817142725,
      0.027370573952794075,
      0.026119926944375038,
      0.030292315408587456,
      0.03376626968383789,
      0.03929133340716362,
      0.03818988427519798,
      0.045056913048028946,
      0.04700128361582756,
      0.03652103245258331,
      0.04524693265557289,
      0.03591759502887726,
      0.028818169608712196
    ]
  }
}