{
  "CNN-Attention-LSTM-based": {
    "training_loss": [
      1.7289368048520155,
      1.5786300864018186,
      1.479901716742717,
      1.398410976772577,
      1.3111822773033464,
      1.2288599786624101,
      1.1498823132313474,
      1.0735756142038695,
      1.0014268344556783,
      0.9317962594435248,
      0.8646543370166295,
      0.799891387073087,
      0.7380487188486986,
      0.6800232638775463,
      0.6249219875940135,
      0.5728177067259668,
      0.5242173176416209,
      0.47894592856017637,
      0.43733807097018607,
      0.3997239571222117,
      0.3652608394622803,
      0.3334250013593217,
      0.30555119145084436,
      0.2796455210363361,
      0.2569312805860815,
      0.23817400109600012,
      0.22242495480557561,
      0.2106104251784338,
      0.1995969599401447,
      0.18944590927009852,
      0.179446784753195,
      0.17070907753118328,
      0.16261122868934147,
      0.15588256989566374,
      0.14931708070593822,
      0.1444523552773704,
      0.14031402451891295,
      0.13959532850225206,
      0.13281015443130278,
      0.12979748005598363,
      0.12582554405843707,
      0.12172798665476517,
      0.11809566575036921,
      0.11442567261172013,
      0.11130909348877382,
      0.10830844571472893,
      0.10610347041781519,
      0.10349524587812559,
      0.10116526243132605,
      0.09922103185049246,
      0.0976884137366859,
      0.09798130497966014,
      0.09643108995867447,
      0.09535674992161737,
      0.09433956528213662,
      0.0931695817222058,
      0.09230979962248198,
      0.09049951348086478,
      0.08827174077151527,
      0.08674455297664857,
      0.08515619045831788,
      0.08389937006671663,
      0.08234771708367576,
      0.08113343845790541,
      0.08001862214484685,
      0.07918512894653938,
      0.07913118212575644,
      0.08052372649102144,
      0.07966143144688136,
      0.07978444210660289,
      0.07835007605838104,
      0.07717813803276545,
      0.07597155732588029,
      0.07479313572107905,
      0.0736379581437984,
      0.07297415873953994,
      0.07206888549344641,
      0.07148763012718147,
      0.07054198722184545,
      0.06987983869834685,
      0.0695325104703366,
      0.06923592143075567,
      0.07189820685856779
    ],
    "validation_loss": [
      0.22350013256072998,
      0.18101361393928528,
      0.1449555903673172,
      0.13067883253097534,
      0.1229991465806961,
      0.1110689640045166,
      0.09419151395559311,
      0.07802625745534897,
      0.06844209134578705,
      0.06586795300245285,
      0.06441996991634369,
      0.05985492095351219,
      0.05599643662571907,
      0.05591042712330818,
      0.05605997517704964,
      0.05845477059483528,
      0.05350661650300026,
      0.057860687375068665,
      0.04252706468105316,
      0.025528009980916977,
      0.04061642661690712,
      0.03997867926955223,
      0.04431719705462456,
      0.037253543734550476,
      0.04891505837440491,
      0.04873047024011612,
      0.04496034234762192,
      0.040465544909238815,
      0.04152426868677139,
      0.04892884939908981,
      0.03146519511938095,
      0.05555452033877373,
      0.031651366502046585,
      0.0536428838968277,
      0.03314906358718872,
      0.04916883632540703,
      0.021379046142101288,
      0.018019190058112144,
      0.030118130147457123,
      0.03530736640095711,
      0.031260423362255096,
      0.050532422959804535,
      0.051110003143548965,
      0.04923088103532791,
      0.055057983845472336,
      0.047926872968673706,
      0.0518467053771019,
      0.05131431296467781,
      0.03748117759823799,
      0.0642058402299881,
      0.029953747987747192,
      0.03407059237360954,
      0.048385247588157654,
      0.028328822925686836,
      0.058116380125284195,
      0.03937592729926109,
      0.050365932285785675,
      0.03260122984647751,
      0.05507718026638031,
      0.052554450929164886,
      0.04298195615410805,
      0.050932638347148895,
      0.044754281640052795,
      0.04764659330248833,
      0.04553274065256119,
      0.049349550157785416,
      0.04720881208777428,
      0.019897598773241043,
      0.05145387724041939,
      0.027972616255283356,
      0.047479722648859024,
      0.05742831155657768,
      0.06377456337213516,
      0.05193253234028816,
      0.04868194833397865,
      0.04862085357308388,
      0.04939509183168411,
      0.03388366848230362,
      0.05149884149432182,
      0.0385640412569046,
      0.051258351653814316,
      0.029770169407129288,
      0.018925458192825317
    ]
  }
}