{
  "CNN-Attention-LSTM-based": {
    "training_loss": [
      1.7154209334799584,
      1.5796258855373302,
      1.488925890719637,
      1.400930643081665,
      1.3119803032976516,
      1.227417380251783,
      1.1456238082114687,
      1.0670598872164463,
      0.9925735656251299,
      0.9210815873551876,
      0.8525981256302367,
      0.7867912624744658,
      0.7240980850889328,
      0.6653668208325163,
      0.6100434787729954,
      0.5575121184612842,
      0.5086409183258706,
      0.4634863664495184,
      0.42182689397893053,
      0.3837832643630657,
      0.3495316911250987,
      0.31854629072737184,
      0.29592645421941227,
      0.27084380261441493,
      0.2538107500431385,
      0.2356447729658573,
      0.22051283622041662,
      0.20626526468611778,
      0.19321881995556203,
      0.18016384446874578,
      0.16937468502115696,
      0.15953382152192136,
      0.15288130526847027,
      0.14639667691068448,
      0.14143956658687998,
      0.1361230434255397,
      0.13166080700590255,
      0.12745925688997228,
      0.12455572156195945,
      0.12067556571453175,
      0.11719558609926954,
      0.1151952825962229,
      0.11144463971574256,
      0.10909694227132391,
      0.10640154446059084,
      0.10453203891186004,
      0.10234428070327069,
      0.10054791227300117,
      0.0988616131721659,
      0.0984556462536467,
      0.09588144434259292,
      0.09445564480538064,
      0.09262454731667295,
      0.09104588913156632,
      0.08964612192295968,
      0.088271734403803,
      0.08713613038367414,
      0.08657228851571996,
      0.08616126709161921,
      0.086875208514802,
      0.08684030745891815,
      0.08605444415452633,
      0.08468044485817565,
      0.0843034028372866,
      0.08295447839067337,
      0.08227367096758903,
      0.08130039813670706,
      0.08013370205113228,
      0.07869591468826254,
      0.07767790809590766,
      0.07673556357622147,
      0.07560243822158651,
      0.07499933750071425,
      0.07433557288443789,
      0.07409923999233449,
      0.07398519189433848,
      0.07335220118786426,
      0.07337491182570761,
      0.07300867520748301,
      0.07381311439453288,
      0.07292604541524927,
      0.07336482088616554,
      0.07250460776242804,
      0.07190768721889942
    ],
    "validation_loss": [
      0.20482023060321808,
      0.17777809500694275,
      0.15883460640907288,
      0.14914903044700623,
      0.14214470982551575,
      0.13321061432361603,
      0.12176091969013214,
      0.11040552705526352,
      0.1024361252784729,
      0.09766066074371338,
      0.09426041692495346,
      0.08964236080646515,
      0.08295371383428574,
      0.08035092055797577,
      0.07661712914705276,
      0.07776310294866562,
      0.07385128736495972,
      0.07267286628484726,
      0.07777366042137146,
      0.07613319903612137,
      0.07444259524345398,
      0.07918930798768997,
      0.07134852558374405,
      0.0709163174033165,
      0.06218172609806061,
      0.06672967970371246,
      0.05785635486245155,
      0.04793762043118477,
      0.06281641125679016,
      0.04832550510764122,
      0.055172182619571686,
      0.042609017342329025,
      0.054767902940511703,
      0.043640654534101486,
      0.06021638959646225,
      0.04660060256719589,
      0.049699462950229645,
      0.048978954553604126,
      0.025511881336569786,
      0.06287869065999985,
      0.04582248628139496,
      0.036208346486091614,
      0.06603477895259857,
      0.04296654462814331,
      0.04793233051896095,
      0.06299718469381332,
      0.04142828285694122,
      0.07020127028226852,
      0.04020391032099724,
      0.03389465808868408,
      0.05992930009961128,
      0.030880538746714592,
      0.0584215447306633,
      0.05375894159078598,
      0.052430231124162674,
      0.051529660820961,
      0.03693311661481857,
      0.054901979863643646,
      0.05534113943576813,
      0.059071145951747894,
      0.027622655034065247,
      0.032481271773576736,
      0.0486060231924057,
      0.04297652468085289,
      0.037014637142419815,
      0.059162311255931854,
      0.04493655636906624,
      0.048665955662727356,
      0.05231478065252304,
      0.05079016461968422,
      0.04836117848753929,
      0.04391733556985855,
      0.048776593059301376,
      0.04039187356829643,
      0.03378148004412651,
      0.04564410075545311,
      0.03870418667793274,
      0.03819582983851433,
      0.03308253735303879,
      0.040196340531110764,
      0.03114224225282669,
      0.060137469321489334,
      0.03591657429933548,
      0.039240580052137375
    ]
  }
}