{
  "CNN-Attention-GRU-based": {
    "training_loss": [
      0.8648036982439742,
      0.823201756688613,
      0.783150328111045,
      0.7578254968305177,
      0.7224831928180743,
      0.6958648871771896,
      0.6665444306180447,
      0.6386534171768382,
      0.612411830244185,
      0.585321064991287,
      0.5599871059007282,
      0.534503382218035,
      0.5100050889238527,
      0.48669890436945085,
      0.4638764084894446,
      0.4416955102093612,
      0.4204724536666387,
      0.40047221659105037,
      0.38049630764164505,
      0.3620632528504239,
      0.3444482299345958,
      0.3279364090177077,
      0.3118017719516271,
      0.29657952355433115,
      0.28253076913990555,
      0.2691567540168762,
      0.2569609518292584,
      0.2456233656104607,
      0.23503731775887404,
      0.22610341389722463,
      0.21711747480344168,
      0.21009108575084542,
      0.20375634201719792,
      0.19709801560715784,
      0.19197000317935703,
      0.1876644463856009,
      0.18230844487117814,
      0.17762685708607298,
      0.1729280243191538,
      0.16867119828356972,
      0.16546279248557513,
      0.1615161669405201,
      0.15807105355624912,
      0.15535380549823183,
      0.15216811076749728,
      0.1495065430674372,
      0.14618924222415006,
      0.14362204999108857,
      0.14046790630002565,
      0.13809862808336185,
      0.13581067512306985,
      0.13299060452587996,
      0.13098237465454055,
      0.12861871134631242,
      0.12631133415653736,
      0.12414003833185268,
      0.1228507439358325,
      0.12046441652729542,
      0.11908013533942308,
      0.11693427032684978,
      0.11608067041710962,
      0.11374710236169115,
      0.11187625242562234,
      0.11016097551659693,
      0.10857401080901109,
      0.10704976584337934,
      0.10555516475740867,
      0.103717951646334,
      0.10266197303050681,
      0.10103321745048595,
      0.10024457688950285,
      0.09905425129057485
    ],
    "validation_loss": [
      0.12310414761304855,
      0.1226111575961113,
      0.10774829238653183,
      0.10528185218572617,
      0.0896497294306755,
      0.08554171025753021,
      0.07543037086725235,
      0.066031314432621,
      0.06346938759088516,
      0.049973126500844955,
      0.05061307176947594,
      0.04568804055452347,
      0.042116325348615646,
      0.0452004075050354,
      0.04170173034071922,
      0.036058563739061356,
      0.033017728477716446,
      0.04085943475365639,
      0.029110640287399292,
      0.029613707214593887,
      0.029358359053730965,
      0.027671825140714645,
      0.030679374933242798,
      0.028269343078136444,
      0.03653000295162201,
      0.03798055276274681,
      0.040420327335596085,
      0.03879869356751442,
      0.045100536197423935,
      0.04406989738345146,
      0.032819509506225586,
      0.029235953465104103,
      0.05348639935255051,
      0.05429977551102638,
      0.03502709046006203,
      0.046482302248477936,
      0.04828368127346039,
      0.05195572227239609,
      0.05027403682470322,
      0.050122324377298355,
      0.04874569922685623,
      0.04973836988210678,
      0.04919968917965889,
      0.04490809142589569,
      0.052977144718170166,
      0.04415745660662651,
      0.039563462138175964,
      0.05281795561313629,
      0.046389494091272354,
      0.040836408734321594,
      0.04860522598028183,
      0.0432639941573143,
      0.043004877865314484,
      0.047170184552669525,
      0.04844824969768524,
      0.040719904005527496,
      0.04517831653356552,
      0.053207218647003174,
      0.04676171764731407,
      0.0384804829955101,
      0.052209917455911636,
      0.042347729206085205,
      0.043816737830638885,
      0.05805453285574913,
      0.04612364247441292,
      0.04622775688767433,
      0.050283368676900864,
      0.04276446998119354,
      0.045695360749959946,
      0.05324519798159599,
      0.03577694669365883,
      0.039310380816459656
    ]
  }
}