{
  "CNN-Attention-GRU-based": {
    "training_loss": [
      0.8935645367236847,
      0.861515503994962,
      0.8209050244473396,
      0.786255405050643,
      0.7538657781925607,
      0.7212526131183543,
      0.6892050093792854,
      0.6573822769712895,
      0.6269410054734412,
      0.5975126132051995,
      0.5681192687217226,
      0.5397915472375586,
      0.5124173481413659,
      0.48577260780841747,
      0.4603251518087184,
      0.43511798914442673,
      0.4111797105758748,
      0.38826914936938184,
      0.36656774117591534,
      0.3452356280164516,
      0.3256683868296603,
      0.30645122870485836,
      0.28893095939717395,
      0.2729625988513865,
      0.2578220220322305,
      0.24267495395021235,
      0.22996642887592317,
      0.2167026975687514,
      0.20528463569093258,
      0.19537382100490813,
      0.1857452097091269,
      0.17701301086456217,
      0.1693760186433792,
      0.1632818153563966,
      0.15773227328949788,
      0.15221989275293146,
      0.14694963021481292,
      0.14197990361680377,
      0.1371878060254645,
      0.13377458408791967,
      0.129625155824296,
      0.12617522738081344,
      0.12285728752613068,
      0.1205045831330279,
      0.11646088751706671,
      0.11418033010782079,
      0.11071273995206711,
      0.10825549922090896,
      0.10508512477291392,
      0.10298446343934282,
      0.10037696399587266,
      0.09818595495629819,
      0.09570771978890642,
      0.09363287655597037,
      0.09142128799824005,
      0.08982225653338939,
      0.0876639684464069,
      0.08614356587541865,
      0.08452843231089571,
      0.08298686346475115,
      0.08136254130525791,
      0.08016742030356792,
      0.07848583830797926,
      0.07701033883272333,
      0.07572592975611382,
      0.07456522783700456,
      0.07362619660636212,
      0.07229519505450066,
      0.07116430744211724,
      0.07037317347019277,
      0.06923246586576422,
      0.06929648172982196,
      0.068242776267072,
      0.067054731034218,
      0.06627976964128779,
      0.06532462654595679,
      0.06445382884208192,
      0.06528675448387228,
      0.06347209809625402,
      0.06335875869114348,
      0.06184546880899592,
      0.06129161962803374,
      0.05998125813425855,
      0.059241750154723515
    ],
    "validation_loss": [
      0.05253804847598076,
      0.05672231689095497,
      0.05816669017076492,
      0.052730876952409744,
      0.05059021711349487,
      0.05099215731024742,
      0.05060979723930359,
      0.04438628628849983,
      0.04039628803730011,
      0.038999997079372406,
      0.037755925208330154,
      0.036593444645404816,
      0.0355754978954792,
      0.03462037444114685,
      0.03424343466758728,
      0.0340120866894722,
      0.03281484171748161,
      0.03140144422650337,
      0.03056035190820694,
      0.02891342155635357,
      0.028479820117354393,
      0.027843913063406944,
      0.02779180184006691,
      0.025166084989905357,
      0.03088092803955078,
      0.02649768814444542,
      0.02552575245499611,
      0.02651624195277691,
      0.025415487587451935,
      0.025491325184702873,
      0.025754982605576515,
      0.025290900841355324,
      0.024994859471917152,
      0.024097880348563194,
      0.026156935840845108,
      0.025662431493401527,
      0.025392748415470123,
      0.025694696232676506,
      0.024470025673508644,
      0.027204686775803566,
      0.0267728790640831,
      0.024894047528505325,
      0.02547857165336609,
      0.028493912890553474,
      0.024390706792473793,
      0.02439010888338089,
      0.025188157334923744,
      0.02573549747467041,
      0.02570517361164093,
      0.0265349131077528,
      0.024681538343429565,
      0.024851230904459953,
      0.02432599477469921,
      0.02486933209002018,
      0.024465411901474,
      0.02563600428402424,
      0.025582095608115196,
      0.024864347651600838,
      0.025064662098884583,
      0.026691792532801628,
      0.02516375482082367,
      0.025711258873343468,
      0.026211701333522797,
      0.027620770037174225,
      0.02542601153254509,
      0.026550885289907455,
      0.028303954750299454,
      0.026639580726623535,
      0.02556794509291649,
      0.027361975982785225,
      0.02680841088294983,
      0.027321385219693184,
      0.027751585468649864,
      0.02707386203110218,
      0.029400132596492767,
      0.028005369007587433,
      0.030135374516248703,
      0.026663584634661674,
      0.02591853030025959,
      0.026322802528738976,
      0.02736540138721466,
      0.027255980297923088,
      0.02696000598371029,
      0.02688443288207054
    ]
  }
}