{
  "CNN-Attention-GRU-based": {
    "training_loss": [
      0.9026468717134916,
      0.8633460784569765,
      0.8264670754090334,
      0.7891953740364466,
      0.7526141252273169,
      0.7177248902809925,
      0.6832714355908908,
      0.6491229304900537,
      0.616224467754364,
      0.5840907968007601,
      0.5529089890993558,
      0.5226004307086651,
      0.49292022677568287,
      0.4641547906093108,
      0.436240200813,
      0.4058792017973386,
      0.380526907933064,
      0.35800289649229783,
      0.3360613187154134,
      0.3152734331595592,
      0.2955529063175886,
      0.2766649180497879,
      0.2593296407124935,
      0.24249592194190392,
      0.22725678254396486,
      0.2131357804322854,
      0.1999561125651384,
      0.18780871843680358,
      0.17715919552705225,
      0.16698490885587838,
      0.15851270388334227,
      0.15108499580468887,
      0.14501531766011164,
      0.13918862587366349,
      0.1346546254861049,
      0.13069994480181962,
      0.12562008316700274,
      0.1219144255304948,
      0.11852194674504109,
      0.11471903668000148,
      0.11157284657924603,
      0.10817308131700908,
      0.10526407070648976,
      0.10265865807349865,
      0.09997955098366126,
      0.09794557782319877,
      0.09602688902463669,
      0.09382918305121936,
      0.09180173507103553,
      0.08956015434784767,
      0.08867676804463069,
      0.08731654439217006,
      0.08513555828577433,
      0.08352278898923825,
      0.08147899233377896,
      0.07979765228736095,
      0.07868769401923204,
      0.07719932859524703,
      0.07604472052592498,
      0.07516903965136944,
      0.07396975751870717,
      0.07387252037341778,
      0.07453304605606274,
      0.07286563897744203,
      0.07156975567340851,
      0.07020755647084652,
      0.0688446867160308,
      0.06778764934876026,
      0.0662883317623383,
      0.0655414397135759
    ],
    "validation_loss": [
      0.09981119632720947,
      0.09372558444738388,
      0.09012364596128464,
      0.08728073537349701,
      0.08450724929571152,
      0.0840032696723938,
      0.0850357711315155,
      0.08310060203075409,
      0.08116448670625687,
      0.08077951520681381,
      0.07844053208827972,
      0.07685339450836182,
      0.07470294088125229,
      0.07000784575939178,
      0.04714787006378174,
      0.04329317808151245,
      0.04147057235240936,
      0.041581399738788605,
      0.040243081748485565,
      0.03822638839483261,
      0.038431499153375626,
      0.039502568542957306,
      0.04181503877043724,
      0.0428345687687397,
      0.042483218014240265,
      0.045005615800619125,
      0.04923021048307419,
      0.047630272805690765,
      0.059454113245010376,
      0.06135641783475876,
      0.06393145024776459,
      0.056821759790182114,
      0.06123225390911102,
      0.08280012011528015,
      0.058697380125522614,
      0.07011357694864273,
      0.07908595353364944,
      0.06403358280658722,
      0.07297208160161972,
      0.06963049620389938,
      0.07454214245080948,
      0.08108791708946228,
      0.07415033876895905,
      0.08289933949708939,
      0.07102245092391968,
      0.06927849352359772,
      0.08434969931840897,
      0.07074315845966339,
      0.07037459313869476,
      0.08644448220729828,
      0.06133047863841057,
      0.0653209462761879,
      0.0673019215464592,
      0.07222340255975723,
      0.07051585614681244,
      0.06850792467594147,
      0.07911403477191925,
      0.07865538448095322,
      0.05843302980065346,
      0.07049551606178284,
      0.07828780263662338,
      0.05643801763653755,
      0.04891574755311012,
      0.03921029344201088,
      0.04554910585284233,
      0.04583883285522461,
      0.05115193873643875,
      0.05513754487037659,
      0.0633460059762001,
      0.05903763696551323
    ]
  }
}