{
  "CNN-Attention-GRU-based": {
    "training_loss": [
      0.9089695564631758,
      0.8579586066048721,
      0.8210060041526268,
      0.7797072632559414,
      0.7412230064129007,
      0.7051662144989803,
      0.670757493068432,
      0.6359713755804917,
      0.6029467007209515,
      0.5706345480063866,
      0.5390485792324461,
      0.5093833865790531,
      0.48009248848619135,
      0.4519381050405831,
      0.4250435397542756,
      0.39894754105600816,
      0.3741996267746235,
      0.3505440765413745,
      0.32812976734391575,
      0.3067343553592419,
      0.2866253462331048,
      0.26790596082292756,
      0.2499923505659761,
      0.2334383988174899,
      0.218524896893008,
      0.2044430477865811,
      0.19210875137098904,
      0.18039371381545888,
      0.17011112642699275,
      0.16032298834159456,
      0.1524810503269064,
      0.1433634891592223,
      0.13594496250152588,
      0.13021922522577747,
      0.12522692027790794,
      0.12169447952303393,
      0.11760500484499438,
      0.11337534363927512,
      0.11108067734488125,
      0.10720950596291444,
      0.10439190936499629,
      0.10197981575439716,
      0.09876902786822155,
      0.09637484314112828,
      0.0943826305969008,
      0.0919166880434957,
      0.09008993696549843,
      0.0881504753026469,
      0.08662745485018039,
      0.08544293534139107,
      0.08439670682981096,
      0.08376414765571726,
      0.08288766392346086,
      0.08169577630429432,
      0.07974911969283531,
      0.0777488343160728,
      0.07640527086011295,
      0.07476799369886003,
      0.07353866434302823,
      0.07237037913552646,
      0.07097221448503692,
      0.07017276538857098,
      0.0687628789194699,
      0.06797429482484686,
      0.06682055160917084,
      0.06594453803424177,
      0.06497939830196314,
      0.0645308671840306,
      0.06443085495767922,
      0.06417876944459718,
      0.06279105359110339,
      0.06228682296029452,
      0.061454297525101696,
      0.060723740093666934,
      0.060234985089507594,
      0.05896249824556811,
      0.05847908389465562,
      0.05741858251135925,
      0.05687796311645672,
      0.056326674104764544,
      0.05570922881878655,
      0.054872243183440174,
      0.05465616594100821,
      0.053873554642858174,
      0.05360245216509391
    ],
    "validation_loss": [
      0.11068140715360641,
      0.10501448065042496,
      0.10277440398931503,
      0.10168726742267609,
      0.09665709733963013,
      0.09003012627363205,
      0.08542501926422119,
      0.08002278208732605,
      0.07601337879896164,
      0.07310053706169128,
      0.06912841647863388,
      0.06652457267045975,
      0.06239407882094383,
      0.06042145937681198,
      0.05860442668199539,
      0.056032951921224594,
      0.05601000040769577,
      0.054480213671922684,
      0.054706983268260956,
      0.053982704877853394,
      0.05321202427148819,
      0.05397728830575943,
      0.053233563899993896,
      0.05263785272836685,
      0.05241473391652107,
      0.04957011714577675,
      0.052045539021492004,
      0.04849794879555702,
      0.05081145837903023,
      0.04846096783876419,
      0.04647798463702202,
      0.040072135627269745,
      0.035187993198633194,
      0.033852070569992065,
      0.03175615891814232,
      0.032918065786361694,
      0.034915901720523834,
      0.03426174819469452,
      0.03705194592475891,
      0.035114921629428864,
      0.034345515072345734,
      0.038469936698675156,
      0.038418807089328766,
      0.038242895156145096,
      0.04407807067036629,
      0.04458457976579666,
      0.05032629892230034,
      0.043592363595962524,
      0.0399031899869442,
      0.046485669910907745,
      0.040433369576931,
      0.037892911583185196,
      0.03696281090378761,
      0.042437344789505005,
      0.04226084053516388,
      0.04308196157217026,
      0.05048485845327377,
      0.05322600156068802,
      0.052865173667669296,
      0.05784691870212555,
      0.05728023499250412,
      0.060671012848615646,
      0.05586576089262962,
      0.06155169755220413,
      0.06332776695489883,
      0.05675811693072319,
      0.047671254724264145,
      0.04649285972118378,
      0.053021885454654694,
      0.05178007110953331,
      0.049205005168914795,
      0.04694225266575813,
      0.053696416318416595,
      0.05131365731358528,
      0.060629505664110184,
      0.05571002885699272,
      0.06083931773900986,
      0.05971222743391991,
      0.05730025842785835,
      0.05945344269275665,
      0.05698145553469658,
      0.057012803852558136,
      0.05975254625082016,
      0.05935869738459587,
      0.058286890387535095
    ]
  }
}