{
  "CNN-Attention-BiGRU-based": {
    "training_loss": [
      2.3610557693496497,
      1.626035015868388,
      1.0742759105407684,
      0.7166748316546168,
      0.5454171626309667,
      0.455081747909326,
      0.3900272103319666,
      0.33767146224883604,
      0.29567957359518415,
      0.2601454967615741,
      0.22888623863942056,
      0.20424778955461476,
      0.18393021624687209,
      0.16474207617744235,
      0.14983601006485298,
      0.13672925916642067,
      0.12544919779064467,
      0.11617946994181842,
      0.10815751588511811,
      0.10106244356629097,
      0.09493292184160342,
      0.08956051724017686,
      0.08561294361236899,
      0.08154715436924345,
      0.07844736716795365,
      0.07734327036879242,
      0.07779080041507418,
      0.07263296613602824,
      0.0685378367286249,
      0.06635466439780933,
      0.0643026690696583,
      0.06363736565034152,
      0.06222022370529614,
      0.06036577949766682,
      0.058978143963490805,
      0.057340744298142544,
      0.05592280079833983,
      0.054742459222471854,
      0.05417964262875587,
      0.053236348509579465,
      0.051846641754827075,
      0.05083545524070055,
      0.05031558366615696,
      0.049864138997944236,
      0.048550220827806,
      0.048069287507955256,
      0.04781074534835443,
      0.04690947531608571,
      0.04728844331341425,
      0.047350717483905784,
      0.046086268673427584,
      0.04655046381484203,
      0.047428965192910406,
      0.04610898834520503,
      0.04463254018200431,
      0.044645036164473566,
      0.04373433181574239,
      0.043606963578623044,
      0.04321580733458811,
      0.0441509577552251,
      0.04281528072953485,
      0.042294231388376555,
      0.04067197126687122,
      0.04073770644926335
    ],
    "validation_loss": [
      0.017191395522364383,
      0.00795229244814132,
      0.008015753579001398,
      0.008821754773423049,
      0.012605391015443827,
      0.009007040668937871,
      0.01202476011090072,
      0.00668145665546615,
      0.008886688786857286,
      0.009386463938917044,
      0.006703786087106593,
      0.007054189102636118,
      0.007332286096117647,
      0.006263063300642366,
      0.007678694293985955,
      0.007133827499079725,
      0.006399063349435605,
      0.013836163828465859,
      0.009069345958348227,
      0.011234454306628679,
      0.007894171486672295,
      0.010492131706072758,
      0.0077714064597248405,
      0.010382825756631466,
      0.0069328845444342506,
      0.022228152505831628,
      0.011830084210167102,
      0.008198729091553888,
      0.008337066218504868,
      0.009289524364635844,
      0.010467059874414562,
      0.008568088307115534,
      0.00972411726909688,
      0.013111951397226278,
      0.010735305435564075,
      0.009085538585045605,
      0.012167238600995724,
      0.015173771338710226,
      0.009493160514966723,
      0.011250435844416063,
      0.009985581697690612,
      0.01319383419136763,
      0.010681028988362403,
      0.009823063046764419,
      0.00835937259950383,
      0.01077429788438326,
      0.008105684091351704,
      0.01008994367639102,
      0.008092961960754336,
      0.008747455267636872,
      0.009543594154782084,
      0.008963113368510052,
      0.008569786277796988,
      0.010585935272589561,
      0.01693763082843737,
      0.012115326835635248,
      0.009774639721366132,
      0.011310980831405014,
      0.010984788391080191,
      0.010335861064245739,
      0.010753238216473112,
      0.013342143439291446,
      0.011929682374405047,
      0.013562692560894894
    ]
  }
}