{
  "CNN-Attention-BiGRU-based": {
    "training_loss": [
      3.3994313794867046,
      1.9463285061277882,
      1.0985102030612728,
      0.773174996713806,
      0.6155613563078483,
      0.5088175953894033,
      0.4280182485320863,
      0.3638898902029047,
      0.3121380030874295,
      0.2703214977237925,
      0.23627819446663592,
      0.20831730481600416,
      0.1853203310109561,
      0.16654757717498067,
      0.1507155381804426,
      0.13784894904925618,
      0.1273832813029108,
      0.11924131082352145,
      0.11090694011482652,
      0.10379537049995326,
      0.09766388501748802,
      0.09250022226616343,
      0.08853882225413587,
      0.08489726097772983,
      0.08156686696453182,
      0.07895321381707143,
      0.0767803513194517,
      0.0752331564063634,
      0.07229644810079643,
      0.07004418124407726,
      0.06859689827472505,
      0.06743889281816966,
      0.06620740148376887,
      0.06494909209562902,
      0.06428494099666054,
      0.06295297965961197,
      0.061252539097011796,
      0.06004089091476469,
      0.059963484744695685,
      0.05932266512583529,
      0.05758361866641472,
      0.05635854879587198,
      0.05559143639374468,
      0.054859586556861115,
      0.05359658175386296,
      0.053139914773570746,
      0.05228285821318418,
      0.051180239630008714,
      0.050896657515963874,
      0.0508244940477607,
      0.050475895756657695,
      0.049006878498943286,
      0.04894142308784303,
      0.04831450104478879,
      0.04726099138521554,
      0.04665018214791635,
      0.046466166918317876,
      0.04562351902825477,
      0.04501806026398745,
      0.04433228718919112,
      0.04454560195404106,
      0.04356065438917802,
      0.04300835252681256,
      0.042307830252369054,
      0.042123143457342145,
      0.04233544385024018,
      0.041485354641495595
    ],
    "validation_loss": [
      0.02193738320855411,
      0.008816385967331333,
      0.008274332587639769,
      0.008112417104152532,
      0.007716419354367714,
      0.007621746787058932,
      0.007456404681258894,
      0.00709366501094057,
      0.006993560576355541,
      0.006902586600345957,
      0.006864288899969388,
      0.0069040360183201055,
      0.0068582130394146575,
      0.007047879421705758,
      0.006996713376805915,
      0.006887566294990011,
      0.007370156724448804,
      0.007072156037926883,
      0.006905624001462768,
      0.0069384743049219775,
      0.006910249773230586,
      0.0064734863052209775,
      0.006726771716836033,
      0.0065163159808078845,
      0.0066654505338389555,
      0.006924979766453063,
      0.006657379939891658,
      0.006632162394796635,
      0.007306858004963065,
      0.006477553384391578,
      0.0065901479911762515,
      0.006586878462792277,
      0.007238892402004945,
      0.00715712319825079,
      0.007605863702516039,
      0.007369238030087281,
      0.007367388364839387,
      0.007653032650949655,
      0.00735504580726782,
      0.006496550137554849,
      0.007093320763507089,
      0.0069822009223011825,
      0.00681889989133273,
      0.00702510395745089,
      0.008999552577733994,
      0.007036709636970833,
      0.007305398811358255,
      0.008727322404201213,
      0.006695959182990181,
      0.0078721423470578,
      0.008411231724271825,
      0.0071072921195959714,
      0.00797055551612919,
      0.007088236250243821,
      0.007113331485982541,
      0.008575531048374576,
      0.008556027076096385,
      0.008702126279525407,
      0.006836907423615872,
      0.007612825299684818,
      0.00757316156075551,
      0.0078124583314557175,
      0.006794530370800228,
      0.006660548172291968,
      0.006713851791370165,
      0.007834904762050073,
      0.006479864210619793
    ]
  }
}