{
  "CNN-Attention-BiGRU-based": {
    "training_loss": [
      3.3121862215338442,
      1.714312366166313,
      0.8035530404136791,
      0.4750643758987702,
      0.32787956041110683,
      0.242967136618345,
      0.18882937956299772,
      0.15359650434889469,
      0.12868776706819723,
      0.11185310464067062,
      0.10205209110119672,
      0.09514495873216466,
      0.08852127552423748,
      0.08345557012364953,
      0.07952747642993926,
      0.07553606274613145,
      0.07318737836844029,
      0.07194516806490311,
      0.06946410282435511,
      0.06672375196309789,
      0.06440094976117365,
      0.06279919779241998,
      0.06136300476915987,
      0.06025966921703038,
      0.059362509331504935,
      0.057536043714185775,
      0.05624417694737927,
      0.05486673535514191,
      0.05385420963135538,
      0.052842098285384984,
      0.052764223356215646,
      0.052052366885171154,
      0.050880175362661054,
      0.0495427328661182,
      0.04850141517573425,
      0.04801958016643639,
      0.046992741603428735,
      0.04608070107922773,
      0.0451325985336069,
      0.044841187444048844,
      0.044186900008298634,
      0.04355146568961425,
      0.042893607366658926,
      0.04291573641760605,
      0.04196117886177038,
      0.04147364097755378,
      0.04064458649385419,
      0.03966765479394591,
      0.03945798649405755,
      0.039352483475169155,
      0.038374501558049244,
      0.03756619212696537,
      0.037213507842443705,
      0.036519816387403974,
      0.036312765528649676,
      0.0359423966030845,
      0.035468638407910154,
      0.03510531820438362,
      0.03457695949879726,
      0.034836588473888666,
      0.03463181487449671,
      0.033776756230929225,
      0.03357002812252264,
      0.03301721346326156,
      0.03283008865734941,
      0.0322859938225874,
      0.032072174591491205,
      0.032067590363372596,
      0.03162196682158784,
      0.0314950261232433,
      0.03147942586608345
    ],
    "validation_loss": [
      0.016107876361771065,
      0.008771866970285253,
      0.006688716398044066,
      0.006307295002564267,
      0.006495293757350712,
      0.00637457094487402,
      0.006872770226710326,
      0.006774128720789523,
      0.0063464891269698846,
      0.007843185873975703,
      0.00655887890086099,
      0.006396451580722432,
      0.0072510621243423515,
      0.006869196175382688,
      0.007493496371003298,
      0.00656861853883504,
      0.006609391974662984,
      0.006799462798435788,
      0.00639471187015305,
      0.0064077490022392955,
      0.006824186052215266,
      0.006811191803300297,
      0.006503245721642788,
      0.006324151283377534,
      0.006510135704664501,
      0.005879770251238471,
      0.006107316541296618,
      0.006961576770860832,
      0.0076514820770158636,
      0.0072041627254102614,
      0.0077613359317183495,
      0.0068766653368418865,
      0.0060696287692843616,
      0.008330391589682419,
      0.00671710943399401,
      0.00879460653303178,
      0.006342461407575366,
      0.010131762102506794,
      0.009372455139572803,
      0.00761242698669642,
      0.007188002826398486,
      0.008671790914987768,
      0.008351668481018159,
      0.007178371342328878,
      0.010939276992128445,
      0.00706741120014991,
      0.009668917030460768,
      0.006845372650850486,
      0.007160229745184208,
      0.007224976485660234,
      0.008488086762128177,
      0.010510505392001225,
      0.007850632318979377,
      0.007517164032515529,
      0.00973666148664026,
      0.006425267385019289,
      0.007562806575813077,
      0.006036411580089089,
      0.00824096610678451,
      0.00888243563134562,
      0.007765229778377326,
      0.006321148940368549,
      0.010823717920461318,
      0.006160852258334627,
      0.006546299370539772,
      0.008420706622406736,
      0.007013594946609094,
      0.00678028898326667,
      0.008564365890945171,
      0.008129647750589815,
      0.0066457442040522615
    ]
  }
}