{
  "CNN-Attention-BiGRU-based": {
    "training_loss": [
      3.223747746762636,
      1.5437429496115702,
      0.6116099284731642,
      0.3127898351729282,
      0.20787450416531092,
      0.1563453988403108,
      0.12763259358749798,
      0.11196471102320239,
      0.10130001792617266,
      0.0928322709802992,
      0.0881782515491967,
      0.08305450928488078,
      0.07931890927000489,
      0.07683981320348149,
      0.07512871379083337,
      0.07057667317931637,
      0.06836488259193878,
      0.06664042746832662,
      0.0656289360653299,
      0.06497751793429896,
      0.06290235343951599,
      0.0609553467603131,
      0.05993813209359736,
      0.059180521630697557,
      0.05784202212962427,
      0.056440900697794845,
      0.054427320808564016,
      0.0535944743272926,
      0.053059929617787535,
      0.05183415960497651,
      0.05093054855070962,
      0.05051218089790432,
      0.04972316001155834,
      0.04860886912809246,
      0.04789947621739819,
      0.046881556798239535,
      0.04654686496732634,
      0.045886058334218736,
      0.04538312388500762,
      0.0446997314469528,
      0.04411109405309354,
      0.04370057349738899,
      0.04280826475187209,
      0.04246580798267065,
      0.041326503371403575,
      0.04082591669090373,
      0.040162178322894856,
      0.03986582045396831,
      0.03900413933445966,
      0.03898331913427759,
      0.0382125004799506,
      0.037517449887931396,
      0.037331010803488864,
      0.03671432009634483,
      0.0363963218071187,
      0.036132444767158975,
      0.03585641543845353,
      0.03509395712567044,
      0.03492918661832287,
      0.03468316197264727,
      0.034220527011924,
      0.03386475147775764,
      0.03376366216999517,
      0.03364758496805307,
      0.03330460205138722,
      0.03336295280458632
    ],
    "validation_loss": [
      0.01734576446710451,
      0.00873965223771626,
      0.007790169298596641,
      0.007718375133719106,
      0.00712530090980845,
      0.006793168991569253,
      0.006998631333354893,
      0.007797309230106203,
      0.0076443225556361485,
      0.008209194343752389,
      0.007477204863393056,
      0.007596160867455335,
      0.0074100693273513,
      0.009527694177854604,
      0.00738413074101124,
      0.0069560880940766345,
      0.007600412283242793,
      0.007385482757161461,
      0.00800149721923674,
      0.007960060022562585,
      0.006534128200308454,
      0.007417671972862893,
      0.008545635134347057,
      0.008024755695707535,
      0.008625950595778259,
      0.007870972357142306,
      0.008000068665007472,
      0.012603768263331854,
      0.009052936271511528,
      0.010330002852788948,
      0.007781785547459293,
      0.011635870384068707,
      0.010015604260741308,
      0.007972963863817385,
      0.006941175496045846,
      0.011359991122448194,
      0.009830706281466785,
      0.008251827613054244,
      0.011236990240913035,
      0.012819225673160912,
      0.012437952610610245,
      0.010329842025939303,
      0.009763288067004623,
      0.00831508559489626,
      0.012359553817561755,
      0.007621176601199991,
      0.01123768393106876,
      0.007621015475870432,
      0.012308125591293734,
      0.011027579880833313,
      0.011003073221708659,
      0.009723862042673415,
      0.008605018046059875,
      0.012078363138484245,
      0.010063334575311106,
      0.008765535156736753,
      0.00940172537352283,
      0.007472223633225035,
      0.009574617231476745,
      0.008798556346870346,
      0.008705383956093087,
      0.010019706545851067,
      0.007958409330773374,
      0.0076636501755924236,
      0.008323880550231387,
      0.007004077606646902
    ]
  }
}