{
  "CNN-Attention-GRU-based": {
    "training_loss": [
      0.8021577922444079,
      0.61905344753845,
      0.4781749404487935,
      0.37626252126943927,
      0.31595538207991547,
      0.27849348752739445,
      0.250599273275641,
      0.22857208516095265,
      0.2083594541024265,
      0.1912661272402043,
      0.17506180765538118,
      0.1615928430574452,
      0.1502133403991475,
      0.140457758175842,
      0.13168421891979323,
      0.12260240668558793,
      0.11520824903906512,
      0.11057132890404808,
      0.10465853134838837,
      0.09884386728580831,
      0.09399282595099556,
      0.08934790305842152,
      0.08563464843176524,
      0.08276959894054782,
      0.07974263274114518,
      0.07586157775415205,
      0.07257783532494481,
      0.07099824770470609,
      0.06964967739623762,
      0.06587701363983402,
      0.06345697263337975,
      0.062180357481461716,
      0.06046781338389701,
      0.05816112968062385,
      0.056007642724079286,
      0.055581577104293574,
      0.05407116687879012,
      0.05172401003190978,
      0.05101720172998214,
      0.049475361801973844,
      0.0486209157399856,
      0.048166243620884695,
      0.047104247399798425,
      0.04593093881068346,
      0.04490184540415258,
      0.045356240130025954,
      0.04411045111679958,
      0.042537118325756795,
      0.042057698862126264,
      0.04092712637165722,
      0.03999138111024639,
      0.03894825386405512,
      0.03803431972287918,
      0.037440512379835825,
      0.03694018014638665,
      0.03692378033038879,
      0.03626173424034021,
      0.03531018874734627,
      0.03512127577255113,
      0.03415471449930907,
      0.03400388318160814,
      0.03279438544476872,
      0.03210411573282537,
      0.031509821432278984,
      0.03187703298731407,
      0.031567685325619016,
      0.030374193344970535,
      0.029973196209447845,
      0.029444858112552045,
      0.029552364629861515,
      0.02914948598003226,
      0.028701328258321283,
      0.02861273255823062,
      0.027531477107548746,
      0.0272739843050426,
      0.027381996263777995,
      0.027328674792657003,
      0.026687137249923974,
      0.026227104138366302,
      0.025867502030374495,
      0.02531729806515917,
      0.025656233858080947,
      0.025363171870596658,
      0.02507657795382161
    ],
    "validation_loss": [
      0.012423435792691642,
      0.008417286304431362,
      0.007109953110086751,
      0.007232891037487066,
      0.0072187804454169075,
      0.007279698769529382,
      0.0072670077149580405,
      0.006816950555031116,
      0.0069599124974199945,
      0.0067010146038202975,
      0.007150170790565597,
      0.006576998497952114,
      0.0073495977525631865,
      0.007172313942150636,
      0.006853932592939664,
      0.006981056444086395,
      0.007123768010495843,
      0.008341491313560026,
      0.007477910309977882,
      0.007648730214190233,
      0.007801500403068282,
      0.007633746588615688,
      0.009090870781638822,
      0.009040773240523738,
      0.009513848207213661,
      0.007747682957695081,
      0.008738531490097512,
      0.009485168734213689,
      0.008161757291144841,
      0.007845771739949714,
      0.009047140093793819,
      0.0089115847644585,
      0.00884474109259102,
      0.006533428792144869,
      0.007921209441615151,
      0.008363016132082972,
      0.006725203063521352,
      0.007784060580278193,
      0.010994721112864,
      0.008970080490608316,
      0.010138856885316488,
      0.00833188383546951,
      0.00892363855341723,
      0.006565726863650175,
      0.010330965214936467,
      0.006717095066877929,
      0.008512274518452741,
      0.009697878309948877,
      0.010703692049882212,
      0.007544456290771494,
      0.007711175229999569,
      0.00859048982782589,
      0.0072880588484914985,
      0.0069125248477436025,
      0.00925256011655906,
      0.007859416006432546,
      0.007455279822689253,
      0.01176598441454914,
      0.007681582220732332,
      0.008572786492849146,
      0.006536542030924059,
      0.00806513245679907,
      0.0068437133140705686,
      0.006903951990880541,
      0.0077209312638098545,
      0.007482874786832949,
      0.007394216716992897,
      0.010343338532203978,
      0.007963421975972352,
      0.00839091600993505,
      0.007715916596483309,
      0.007458742558174617,
      0.007650995952682895,
      0.006913173780939379,
      0.012022166193782033,
      0.01037908267959223,
      0.007312108423899521,
      0.007761458801170746,
      0.006869772638005393,
      0.008282642967842676,
      0.010819440323312383,
      0.00712960453743076,
      0.007375421048096427,
      0.007451571397144686
    ]
  }
}