{
  "CNN-Attention-GRU-based": {
    "training_loss": [
      0.7921348888122415,
      0.600365835582006,
      0.45406593957685415,
      0.35127084192408187,
      0.29216774642649934,
      0.2560931741018508,
      0.22911693843160594,
      0.20654854937495234,
      0.18744452572645556,
      0.17135133979671846,
      0.15785182931040592,
      0.1464621965338895,
      0.13711285703193687,
      0.1286840173071735,
      0.12044428682478432,
      0.11287110145755558,
      0.10626894862411009,
      0.10154432017286115,
      0.09501611255353645,
      0.09024404924628408,
      0.08631095754745802,
      0.08224856992593017,
      0.07908131916501088,
      0.07609211769774328,
      0.07284493994572093,
      0.07019671847922447,
      0.06740954043331447,
      0.06458234237885704,
      0.06323318103606074,
      0.060696546543775605,
      0.05878897230855544,
      0.05725982722675222,
      0.05571397869254389,
      0.05401399917493338,
      0.05224241573195766,
      0.05061809977603678,
      0.04909908599503238,
      0.04831858405091641,
      0.04731594973455937,
      0.04563768986966029,
      0.04485154017532398,
      0.04388332716342034,
      0.04310054078235551,
      0.041373689739163076,
      0.04085962982073745,
      0.0404735873386127,
      0.03919813960015279,
      0.0381463071079717,
      0.03789648967483547,
      0.036946786962576604,
      0.03634741034148612,
      0.035353994378954444,
      0.0356308821023527,
      0.03420941069539739,
      0.033617115419506245,
      0.032970699544785896,
      0.03239302456567889,
      0.03218910394535348
    ],
    "validation_loss": [
      0.012601248398944215,
      0.008001223747077938,
      0.007128528960804631,
      0.00692985818389204,
      0.006490986188548011,
      0.006681008153705747,
      0.006629106836145991,
      0.006486663529714504,
      0.006831882169821879,
      0.007263975452397253,
      0.006850514919138872,
      0.007744813123001502,
      0.006964182852396182,
      0.007190633301421271,
      0.007103237036902171,
      0.006843526528536023,
      0.008579465586666044,
      0.006839815621635505,
      0.007681275616966553,
      0.007694856393952053,
      0.008245923543361934,
      0.007995878593748684,
      0.008318814058247562,
      0.00795193953061854,
      0.009741094334611108,
      0.007468077240160087,
      0.008809150769733466,
      0.009746829705586383,
      0.008590392589282531,
      0.009071995927528902,
      0.008542268237398638,
      0.008804567633652604,
      0.008851803357263545,
      0.00917703762546286,
      0.009109206204595682,
      0.008082418363880028,
      0.007870613281465285,
      0.01013092002408071,
      0.00846153939911327,
      0.007734934714707461,
      0.009036518874337207,
      0.008138890847094826,
      0.010102144312243778,
      0.008403326736411431,
      0.009787503636435612,
      0.008423598294335229,
      0.009533136900696721,
      0.00935161628897165,
      0.008853236949266671,
      0.007812303328118124,
      0.008413092565390613,
      0.00791114022942273,
      0.006749795684656063,
      0.008419190123156233,
      0.008732477704492899,
      0.007599955131592867,
      0.010300832364213216,
      0.007925266289262921
    ]
  }
}