{
  "CNN-Attention-GRU-based": {
    "training_loss": [
      0.8042462587774479,
      0.5572918371136621,
      0.3751995666679011,
      0.25597726513846314,
      0.19414727935709522,
      0.1615717615948551,
      0.14003662242636566,
      0.12351300041734076,
      0.11099529907590563,
      0.10108681020508932,
      0.09308248777905648,
      0.08758683221236746,
      0.0840494640360894,
      0.07672446622700152,
      0.07174667213226389,
      0.06796007137174255,
      0.06495477552676703,
      0.06235022166389629,
      0.060757324902714606,
      0.05818945940299895,
      0.055408700321140675,
      0.05460785377009932,
      0.05269790542990257,
      0.0510024350858069,
      0.04928345075505643,
      0.04733545796114765,
      0.04544453064304606,
      0.043909075004713874,
      0.043067239701591174,
      0.04301569937001081,
      0.04159460984346743,
      0.04040948573849266,
      0.03978227788711409,
      0.038434199430538205,
      0.03721400246833836,
      0.036312521911184586,
      0.03567216285128117,
      0.034961596692893504,
      0.03436628646175659,
      0.03392225377242049,
      0.033422104890256675,
      0.03269637167603953,
      0.031768273336912435,
      0.031228118516524354,
      0.03088578644823234,
      0.03042615211905877,
      0.029738792958591824,
      0.029089243744649353,
      0.028870893614554385,
      0.028117488762796395,
      0.027733212090395292,
      0.027268305499233977,
      0.026796717023661428,
      0.026086749236354904,
      0.025851372882436493,
      0.0252656200370122,
      0.024538012667119136,
      0.024682126751562988,
      0.024199517837200743,
      0.024462973919356736,
      0.02357010311862547,
      0.023210574960128766,
      0.023242129837338282,
      0.022834718491846172,
      0.02279000896813575,
      0.022620158278163747,
      0.02276580794947018,
      0.022063019287941438,
      0.021465234802897096,
      0.021244179032984582,
      0.02126952878784757,
      0.02105657442731621,
      0.02129326097334194,
      0.021292117162298257,
      0.02124930650492074,
      0.020815478998589786,
      0.021508839764974287,
      0.02168345070337121,
      0.020836228862287285,
      0.02091191706429648,
      0.020519131319523903,
      0.020228552402672174,
      0.02011048051020119,
      0.019912987149187496,
      0.019859290261419065
    ],
    "validation_loss": [
      0.018179813520607723,
      0.009123925455632226,
      0.008335091017069206,
      0.007712471889309102,
      0.007453576142976351,
      0.008054341776736876,
      0.007650139540981912,
      0.008578102272362718,
      0.007276144831224415,
      0.007246452859144547,
      0.007417607207614569,
      0.008472718715980885,
      0.0079855422918308,
      0.008455419565523255,
      0.007386349687995406,
      0.008459420114651244,
      0.008072369966832122,
      0.008473055546486754,
      0.008926821003248833,
      0.007194822538324392,
      0.007082184655966984,
      0.011513247564043556,
      0.007018015237163015,
      0.008531183291441922,
      0.007331628401334774,
      0.007379314591439405,
      0.006973978321209889,
      0.006568141745635016,
      0.007737051105149573,
      0.006884330540288716,
      0.009632027153441138,
      0.008560770360880161,
      0.006667809324394487,
      0.00943182446975946,
      0.006034344741373263,
      0.007048012360917394,
      0.007279360852809378,
      0.006771180263333897,
      0.00789603610863932,
      0.009432310515756992,
      0.007222039398334386,
      0.00721966595782029,
      0.006523758781365985,
      0.008016246149150065,
      0.0067390616585202056,
      0.00736722643381138,
      0.0071057604361593,
      0.007450778164530594,
      0.007340819669492712,
      0.006921095062445216,
      0.007555615411330856,
      0.00684873612953151,
      0.006600608672431283,
      0.007351877660394341,
      0.008344016985514327,
      0.006351816249381744,
      0.0071269704873841615,
      0.007396286167530588,
      0.00760776661466905,
      0.006753870489927182,
      0.00984715669368591,
      0.006622034204950892,
      0.006881346296512517,
      0.009651046499101064,
      0.007843936204701505,
      0.009000480161970009,
      0.007071784102959777,
      0.007020852766643994,
      0.006620482019688641,
      0.006897324365082534,
      0.006632407677022254,
      0.007084970323339548,
      0.00818590690168159,
      0.007659785085783426,
      0.0067838818999415105,
      0.008838062866178265,
      0.00835872887945269,
      0.007821122812345337,
      0.008205073777971146,
      0.007330488987697612,
      0.008134832290929274,
      0.0075897089892349185,
      0.007726882002112536,
      0.007788328860842357,
      0.006746701547964077
    ]
  }
}