{
  "CNN-GRU-based": {
    "MSE": 0.013341,
    "MAE": 0.076011,
    "RMSE": 0.115501,
    "MAPE": 0.315658
  }
}