{
  "CNN-GRU-based": {
    "MSE": 0.014608,
    "MAE": 0.0896,
    "RMSE": 0.120838,
    "MAPE": 0.332995
  }
}