{
  "CNN-GRU-based": {
    "MSE": 0.009699,
    "MAE": 0.0718,
    "RMSE": 0.098454,
    "MAPE": 0.383632
  }
}