{
  "CNN-GRU-based": {
    "MSE": 0.01227,
    "MAE": 0.08099,
    "RMSE": 0.11065,
    "MAPE": 0.307169
  }
}