{
  "CNN-GRU-based": {
    "MSE": 0.032843,
    "MAE": 0.151872,
    "RMSE": 0.181218,
    "MAPE": 0.535155
  }
}