{
  "CNN-GRU-based": {
    "MSE": 0.011676,
    "MAE": 0.07174,
    "RMSE": 0.107869,
    "MAPE": 0.307902
  }
}