{
  "CNN-GRU-based": {
    "MSE": 0.013488,
    "MAE": 0.080521,
    "RMSE": 0.116088,
    "MAPE": 0.399019
  }
}