{
  "CNN-Attention-BiLSTM-based": {
    "training_loss": [
      0.38591301598046956,
      0.3054906148659556,
      0.25136710577889493,
      0.20496165266162472,
      0.16600182464248256,
      0.1358765671127721,
      0.11311983309294048,
      0.09839002050851521,
      0.08821126716701608,
      0.08080338420052277,
      0.07432324580456082,
      0.06874962111836985,
      0.06428615082251399,
      0.06167593998344321,
      0.05971206701115558,
      0.05873317530280665,
      0.05802434318159756,
      0.05594859668298772,
      0.052588730109365364,
      0.05024423536501433,
      0.048537768188275786,
      0.046388898868309825,
      0.04377492372142641,
      0.040968099863905656,
      0.03911575004458427,
      0.038435434118697515,
      0.03743294630395739,
      0.03599658918223883,
      0.03484288254066518,
      0.03350223257745567,
      0.03225502548249144,
      0.03134167496311037,
      0.03030674763415989,
      0.02965014455349822,
      0.02885588191841778,
      0.029418868297024777,
      0.02964094732152788,
      0.029214682037893094,
      0.02852669207281188,
      0.02802463609137033,
      0.026990727099933123,
      0.026429254718517002,
      0.025950778393368974,
      0.026263822144583653,
      0.025585640574756423,
      0.025718104760897788,
      0.024522498798997778,
      0.023615224875117604,
      0.022741708747650448,
      0.022211040360362908,
      0.021886961397371795
    ],
    "validation_loss": [
      0.03180992728346711,
      0.02049067460156821,
      0.013618561823468107,
      0.008656899776908901,
      0.007916749025193544,
      0.0072356105873270056,
      0.008409863904483252,
      0.008829979356248062,
      0.008819866743121114,
      0.008212211489729532,
      0.008493987179094262,
      0.008912777730061874,
      0.010685450898913236,
      0.013694774997713682,
      0.015507627786560492,
      0.018893102939416477,
      0.013988319979785205,
      0.007924414090030677,
      0.008153769298345893,
      0.009036127184810755,
      0.013089656471632995,
      0.010335747315385542,
      0.011198817498304627,
      0.011633269710244832,
      0.014804435216567734,
      0.01353210649107928,
      0.008264454485444757,
      0.014839104298580359,
      0.008761453793963769,
      0.010905891474518743,
      0.010797286666669213,
      0.013327224844402366,
      0.012490555136041208,
      0.015014981186681695,
      0.014092202995206925,
      0.010838050095664038,
      0.013354746455496008,
      0.013141601926067493,
      0.012162325851671346,
      0.01132022822601395,
      0.012068218050094752,
      0.015983067557111486,
      0.013851586612058686,
      0.010677072668930034,
      0.015503827515025655,
      0.010624621428184575,
      0.010538048071825838,
      0.015063592994754965,
      0.014211185797527953,
      0.013091410139015505,
      0.012964702491368447
    ]
  }
}