{
  "CNN-Attention-BiLSTM-based": {
    "training_loss": [
      0.3979875043818825,
      0.307442874971189,
      0.24767398269552934,
      0.1994633015833403,
      0.159172901824901,
      0.12876207954005192,
      0.10671494909022984,
      0.09209050504784835,
      0.08311137988379128,
      0.07709989406560597,
      0.07445527181813591,
      0.07214395011726178,
      0.06822521278732702,
      0.06288107708096505,
      0.0564802506252339,
      0.05152185931801796,
      0.04832518320334585,
      0.04583298818845498,
      0.04350079552907693,
      0.04154618409903426,
      0.03967116353543181,
      0.03834481764780848,
      0.037025858697138335,
      0.0362564633159261,
      0.03777452868066336,
      0.03808208853006363,
      0.03782911567311538,
      0.03735014062963034,
      0.031870533369089425,
      0.029686219735365164,
      0.028080836154128375,
      0.026987550584109204,
      0.0258375136475814,
      0.02501592512585615,
      0.02441051216109803,
      0.02367372801037211,
      0.023368645263345617,
      0.023250521562601392,
      0.023570947760814115,
      0.024216893472169574,
      0.02517412830340235,
      0.02726150774642041,
      0.024764018780306766,
      0.022326978570536563,
      0.020876935438105936,
      0.020134623956523445,
      0.01997337231510564,
      0.019445626476877614
    ],
    "validation_loss": [
      0.029969835791148636,
      0.009752803903661277,
      0.00680580396009119,
      0.007785676498162119,
      0.008980763164397918,
      0.010466366761216992,
      0.010919322132279998,
      0.013358500266545698,
      0.022977216306485627,
      0.01875486405272233,
      0.012319722987319294,
      0.007862023038691596,
      0.008397515343600198,
      0.007994324321809567,
      0.013286455622629116,
      0.011666789827378173,
      0.00938271556637789,
      0.008534080917505842,
      0.008855547706939672,
      0.00973419460811113,
      0.010554816916977105,
      0.013678508742075218,
      0.015991648953211934,
      0.020378312076392926,
      0.006846237761017523,
      0.008214286200113987,
      0.006915590441540668,
      0.01051736652458969,
      0.010575694316311886,
      0.010062661168998793,
      0.008542175385120667,
      0.008582225775248127,
      0.008722237928917534,
      0.009032955559852876,
      0.010329176289470571,
      0.011141776862113099,
      0.013137845126421828,
      0.011644299210686432,
      0.010356154449676212,
      0.0076601913247845675,
      0.007245892075527656,
      0.010678179856193694,
      0.01726598392583822,
      0.008724266271057882,
      0.007486850846754877,
      0.008105763861615408,
      0.011738624678630578,
      0.013160606591325057
    ]
  }
}