{
  "CNN-Attention-BiLSTM-based": {
    "training_loss": [
      0.3947852619443681,
      0.3033193834420356,
      0.2421115865118154,
      0.1916485740700974,
      0.15096628384646665,
      0.11942211018517103,
      0.09720245131256289,
      0.08260353237939991,
      0.07349818096519878,
      0.06655894876625372,
      0.06116334254067649,
      0.05748214363999488,
      0.052837300898476165,
      0.04937693345196107,
      0.045767071983131846,
      0.042584467175579364,
      0.04037810972285857,
      0.03865281108168262,
      0.036641472919506396,
      0.035253005816917656,
      0.03392291227331069,
      0.032355321607208234,
      0.03080843189196486,
      0.029595254741353983,
      0.028865871996773346,
      0.02741433187494998,
      0.027229397635354192,
      0.02653708204273805,
      0.025522136550537318,
      0.024872884386537158,
      0.02391599893857765,
      0.022850424571320926,
      0.02183123379520568,
      0.021168395577618383,
      0.021018884224037103,
      0.020485959657655147,
      0.020168634846191642,
      0.02033128281458362,
      0.02042176027122404,
      0.020376417923250987,
      0.02075909012707835,
      0.020764105556707723,
      0.02105074656491116,
      0.021343968455418878,
      0.02184593003272644,
      0.022799332870646356,
      0.02118707423059955,
      0.020533154649076176,
      0.02030212748746688
    ],
    "validation_loss": [
      0.022403775880995548,
      0.010741373112327174,
      0.007592851021572164,
      0.006912116137774367,
      0.007125363949882357,
      0.007494421352289225,
      0.008193464567394632,
      0.008318471928176127,
      0.008100759424269199,
      0.007855726307944247,
      0.009502823043026421,
      0.009919575062629424,
      0.008888786217491878,
      0.010254509678404583,
      0.009043273270914429,
      0.008273806511179397,
      0.00919234315423589,
      0.009000499173998833,
      0.009115610124641344,
      0.009930402393403806,
      0.009553690137047518,
      0.008503188486946256,
      0.010043291727963246,
      0.007953393233841971,
      0.008173275170357604,
      0.008648691444020522,
      0.007935644995029035,
      0.007704136422590205,
      0.008331935039084208,
      0.007913434378018504,
      0.010420828567523705,
      0.007856420172672523,
      0.009344791434705258,
      0.01072653733978146,
      0.0095141129960355,
      0.009279927915256274,
      0.013326509267483888,
      0.010166550731580508,
      0.008163103480872356,
      0.008670673872295179,
      0.008482579073231472,
      0.009225546235316679,
      0.008712753153553134,
      0.00730401431455424,
      0.008024945512021842,
      0.00854324291607267,
      0.009354576272399802,
      0.013050757936741176,
      0.007585826261263144
    ]
  }
}