{
  "CNN-Attention-BiLSTM-based": {
    "training_loss": [
      0.3947482858056134,
      0.30329562537699467,
      0.24175846930233164,
      0.19084431972151691,
      0.1500015690372782,
      0.11838827981418801,
      0.09535346023070582,
      0.08057222404044206,
      0.07080583693377791,
      0.06411229909409119,
      0.059431341200124194,
      0.05510787414435971,
      0.052520828246284665,
      0.048708579334412395,
      0.04534286228524151,
      0.04285182568828963,
      0.039897812049187756,
      0.03716834677098506,
      0.03485015589868247,
      0.03341545913571423,
      0.03187377289304205,
      0.030844951366026916,
      0.030330327328012992,
      0.029338026075560096,
      0.028507887482355054,
      0.027360316143356433,
      0.026337909765921284,
      0.0251467790133819,
      0.024239390348665325,
      0.02373258936135442,
      0.02318284400658574,
      0.023032785394934443,
      0.02291171900888738,
      0.023233469863715196,
      0.024068285015482055,
      0.02634318090765778,
      0.02534725495101802,
      0.025273528385429473,
      0.023672105862328582,
      0.022240644684208718,
      0.020931250718544993,
      0.019741839999316658,
      0.019302743619638504,
      0.019316133550369888,
      0.019153554735603776,
      0.01901291644361086,
      0.019192127298125063,
      0.01868510326805978,
      0.019174912279907134
    ],
    "validation_loss": [
      0.025132366759996666,
      0.009202906734457141,
      0.007018514026544596,
      0.0066899901501050124,
      0.007925105232157205,
      0.008222723252287036,
      0.009275483712553979,
      0.00926476336623493,
      0.009837821910255834,
      0.009402977626182531,
      0.010495493178697008,
      0.009885525634806406,
      0.009189807025617674,
      0.010474666266849167,
      0.007305046210163518,
      0.009953459097366583,
      0.00823116062307044,
      0.00923064995164934,
      0.008411710640709651,
      0.0077827776046959975,
      0.008559255733301765,
      0.008922942482719297,
      0.009196253473821438,
      0.00961194783449173,
      0.0083101701285494,
      0.013005429016132103,
      0.012609953247010707,
      0.00897589554323962,
      0.009833276663955889,
      0.01294018500729611,
      0.00847632637933681,
      0.008145153120552239,
      0.008303259607208402,
      0.007953297052728502,
      0.00821580204524492,
      0.009820822136182534,
      0.00833012066585453,
      0.01365583760565833,
      0.01256539720649782,
      0.00923519914871768,
      0.0077028869210105195,
      0.007767472553410028,
      0.00869530045280331,
      0.015354554786493904,
      0.017607373273686357,
      0.009259710774609917,
      0.007939550898184902,
      0.009180853211958157,
      0.008126859406107351
    ]
  }
}