{
  "CNN-Attention-BiLSTM-based": {
    "training_loss": [
      0.39745122280787665,
      0.3043840095046957,
      0.2429932086952129,
      0.19130313805351157,
      0.1502491115029695,
      0.11884726308738336,
      0.09602559774642255,
      0.08147940360068646,
      0.07218348818750055,
      0.06438463166513354,
      0.058617642567072824,
      0.0537683121997637,
      0.05053526117886591,
      0.0480898478532844,
      0.04493789489830704,
      0.04175503855684187,
      0.039544896529815445,
      0.03784930246014708,
      0.03715905615946863,
      0.03634660478710814,
      0.03386953662795882,
      0.03249174287655737,
      0.03151102828987356,
      0.030311677142938396,
      0.028540978743879022,
      0.028048569921374635,
      0.027501873711325564,
      0.02685655245562342,
      0.02615029722609432,
      0.025355458834594346,
      0.024745421503771264,
      0.02375680553213273,
      0.023272470534240978,
      0.022686926358057514,
      0.021933878887454565,
      0.021646953033072024,
      0.021923127729140988,
      0.02172589776816343,
      0.021646582012833895,
      0.021249351831334876,
      0.020828946559913554,
      0.020324037855092958,
      0.020333721879918845,
      0.019956678329011067,
      0.019737662432965944,
      0.019990751524713864,
      0.020894243064923778,
      0.020622776442829095,
      0.020076024284620714,
      0.018908541472653285,
      0.018762141795421024,
      0.018259700196045683,
      0.018232599215331366
    ],
    "validation_loss": [
      0.02842403736553694,
      0.014601426806889082,
      0.008380292022698804,
      0.0071963537092271605,
      0.007073172132827734,
      0.007222487012806692,
      0.008235217415188489,
      0.007052928356355743,
      0.008737867002032305,
      0.007774770220643596,
      0.009162746516889647,
      0.01114056561338274,
      0.010728506567446809,
      0.008131841707386468,
      0.00814650200895573,
      0.007658582641498038,
      0.007328757124119683,
      0.007702873686426564,
      0.008768612038540213,
      0.008366289901498116,
      0.008067877139700086,
      0.008350934931322149,
      0.007563362633319278,
      0.007988907092888105,
      0.008077113987191728,
      0.009112105381331946,
      0.00838060285896063,
      0.009439792689916335,
      0.007918172917867962,
      0.013594182365034756,
      0.008186226377361699,
      0.00973762506128926,
      0.01043864194499819,
      0.008194044006890373,
      0.007865501126568569,
      0.0073242739431167905,
      0.00802240924615609,
      0.008333263889347253,
      0.007354345623599856,
      0.009315774011376657,
      0.009454963022941036,
      0.012093253286653444,
      0.009819855433153479,
      0.009644343086371297,
      0.007440100365171307,
      0.009541579659440016,
      0.007870204129109257,
      0.008780055385279028,
      0.010431639487413984,
      0.01225034525912059,
      0.0091379531414101,
      0.007504898329314433,
      0.00954298979945873
    ]
  }
}