{
  "CNN-Attention-BiLSTM-based": {
    "training_loss": [
      0.395493337805842,
      0.2999405638432839,
      0.23793294669037135,
      0.18717262946384053,
      0.14593354644070208,
      0.11439317286434308,
      0.09180662035942078,
      0.07770275670877645,
      0.06880293985907461,
      0.061916542514948776,
      0.05652913944402211,
      0.052316975005915464,
      0.04923348097314297,
      0.045420158077293715,
      0.04246681461661634,
      0.040014338063102374,
      0.03725457789612488,
      0.03487495374931416,
      0.033056863334397196,
      0.0319181111392001,
      0.03095883188742987,
      0.03076931695178361,
      0.03053744769537113,
      0.030916059048662722,
      0.031605872889639626,
      0.03094407580268215,
      0.02994820848107338,
      0.029182781137421097,
      0.028733546124167845,
      0.02675285347750489,
      0.025370801051317806,
      0.024479060866673227,
      0.023640288118745238,
      0.023280138018685326,
      0.02264248642703177,
      0.022171636676074753,
      0.02142948352954757,
      0.02093123599991832,
      0.020623525420964604,
      0.02081169093578634,
      0.020433483960133204,
      0.019869893500712554,
      0.019421323714121967,
      0.01938166364397801,
      0.019244191590958918,
      0.01892383294311208,
      0.018725142276413004,
      0.018559755573809986,
      0.01844786448587834,
      0.018479669361676967
    ],
    "validation_loss": [
      0.02603696194526396,
      0.010448965567507242,
      0.008125987511716391,
      0.007612677212608488,
      0.007402260366239046,
      0.007679436767571851,
      0.007988349769852663,
      0.008150372389507922,
      0.0085443532976665,
      0.008754231819981024,
      0.010824175267235229,
      0.008686443908434165,
      0.010233642945164129,
      0.008745092722146134,
      0.012055886419195878,
      0.009770119249036438,
      0.010408850867105158,
      0.010600654447549268,
      0.013447871431708336,
      0.01191328838467598,
      0.013542079700059013,
      0.009822600383899713,
      0.012198780771148832,
      0.008032823824568798,
      0.008740446785170781,
      0.007949647366216308,
      0.009707986524230555,
      0.007832436185134085,
      0.0081120896104135,
      0.009340416277317624,
      0.011472022386365814,
      0.01109954076574037,
      0.009645806194136018,
      0.007969084166382489,
      0.008186063435124723,
      0.008584189983574967,
      0.008953247434998814,
      0.011447413167671153,
      0.009982389407722574,
      0.010263336557698878,
      0.011331822223177081,
      0.008041656487866452,
      0.008508932953210254,
      0.008036641384425915,
      0.00901811515030108,
      0.009126869540073369,
      0.009870810365598453,
      0.009461769343991028,
      0.009690225065538757,
      0.011412712735565085
    ]
  }
}