{
  "CNN-Attention-BiLSTM-based": {
    "training_loss": [
      0.4027721583843231,
      0.3019364807807224,
      0.23981479502899547,
      0.1888424791920353,
      0.1475414902391568,
      0.11583221284016756,
      0.09295436078813714,
      0.07822202691729639,
      0.06841910053306902,
      0.06071507091253576,
      0.054989508130181004,
      0.05139599656555015,
      0.04931101727653557,
      0.04641870435484698,
      0.042589858331730665,
      0.03999929381927974,
      0.03829981738203008,
      0.03599650858783386,
      0.03414302009721877,
      0.03290192048314591,
      0.031978491903610635,
      0.03109796576096978,
      0.0303801303913056,
      0.030290535638030146,
      0.030872069377924354,
      0.02993962591068006,
      0.029190533755111023,
      0.02831465394144327,
      0.026761058350683938,
      0.025371092515932003,
      0.024573561276348545,
      0.023926672328945617,
      0.023252841242602174,
      0.02237504993526029,
      0.022327344077573696,
      0.022041000137236755,
      0.02198863428243449,
      0.021565542333352734,
      0.02120512036580435,
      0.020417523557241534,
      0.01988975168533728,
      0.019787071692481846,
      0.019942374244122436,
      0.019576391388832683,
      0.019311384284790133,
      0.01925594249451664,
      0.01879365952082083,
      0.018389143102185826,
      0.018020294659154515,
      0.017532279610004222,
      0.01770908611131386,
      0.017865054204430377,
      0.018379212370221044,
      0.01809241352471667,
      0.017945237090470086,
      0.017524288127749737,
      0.01757500682708243,
      0.017365762885187715,
      0.017131131326018924,
      0.01736486352927668,
      0.016741012865808647,
      0.016478133610856364,
      0.016412496934054603,
      0.016304857609137684,
      0.016440594227800906,
      0.015951817671597843,
      0.01591447355146979,
      0.01594863126290516,
      0.016148338068119238,
      0.01604731904316536,
      0.015859878097306674,
      0.015622584595226906,
      0.015346932277398211,
      0.01522364219466985,
      0.015275645751873372,
      0.01512035429740036,
      0.015200113851419637,
      0.01526893163755746,
      0.015302661675172793,
      0.015302266309064038
    ],
    "validation_loss": [
      0.03432095349884369,
      0.016580934334598795,
      0.011255675821866788,
      0.0081700934884204,
      0.007209359432085299,
      0.007302623268374255,
      0.007035463340055775,
      0.006998634529890309,
      0.006772179668113379,
      0.007716597412043894,
      0.009818798180302265,
      0.009484222499837339,
      0.00855364545550145,
      0.011116476886918848,
      0.008037627228653766,
      0.00729797481441162,
      0.010416257811684005,
      0.006771418777569919,
      0.007186817162683312,
      0.006975065221564031,
      0.007003938634945473,
      0.00746405958919458,
      0.007206882560022281,
      0.009229351294187593,
      0.007660386664137034,
      0.006863121231886702,
      0.008128077985430268,
      0.0075159254024775935,
      0.01073349286920168,
      0.01024625613026216,
      0.009343937839525687,
      0.007590944327833787,
      0.0068964712243054956,
      0.007098014545167836,
      0.006599410463281921,
      0.00788695304851297,
      0.007655192612552307,
      0.011891779070064215,
      0.007937624027401629,
      0.008320875019884445,
      0.008336937815790445,
      0.01031691897135805,
      0.007818315138804242,
      0.006932775476868724,
      0.009783363389507147,
      0.007796961145186928,
      0.007503906933879348,
      0.008616412176527607,
      0.00881705829270289,
      0.008528846696438924,
      0.007489496894495588,
      0.01062953415733408,
      0.00728067565499477,
      0.00778823877146966,
      0.007005853276752251,
      0.008215907213448639,
      0.008275089483760613,
      0.007735897249109308,
      0.008805151045007604,
      0.008818646289513146,
      0.007499181088322485,
      0.008094397373497486,
      0.01178127823686096,
      0.008916590900593241,
      0.007387859773048213,
      0.009596124291419983,
      0.007984247320974377,
      0.010920433550548385,
      0.008838901519250701,
      0.008400897941434048,
      0.009965843639113533,
      0.008403033306691008,
      0.007612749724320962,
      0.009686101332936488,
      0.008398709490790333,
      0.008415180232218454,
      0.012503703780682154,
      0.009400310099754535,
      0.008543121444822197,
      0.008866249229496633
    ]
  }
}