{
  "CNN-GRU-based": {
    "training_loss": [
      1.0759586050119965,
      1.0154404868647613,
      0.9544309493972034,
      0.909043096914524,
      0.8615746911394472,
      0.8160631170671576,
      0.7717178208487374,
      0.7262812001364571,
      0.688532255460161,
      0.6498870303406533,
      0.6132322732579832,
      0.5763100497814005,
      0.5429138530837534,
      0.5103996479137434,
      0.47882366440022034,
      0.45076322493237486,
      0.423578308122914,
      0.3983138842242105,
      0.3746115708600353,
      0.35355047658345423,
      0.3317944554917073,
      0.31493803349936883,
      0.2998836587738077,
      0.2827886336771869,
      0.27001977164155516,
      0.2604842572262063,
      0.2500850194837989,
      0.24340361014060444,
      0.2366758528382936,
      0.23055494677937405,
      0.22320430453230694,
      0.21811706668823855,
      0.21181220226379222,
      0.2080203613545421,
      0.20392463473077435,
      0.19872159882081925,
      0.19669484645647453,
      0.19028897391379088,
      0.18740386954583357,
      0.18472832373833406,
      0.18042056584399752,
      0.17768825824252404,
      0.17519318735557982,
      0.1711062670584755,
      0.1686036596626355,
      0.16558804973077276,
      0.16373922268272692,
      0.16078070455104215,
      0.1584123030356829,
      0.15624390994214846,
      0.15364582473185004,
      0.15076699681606026,
      0.14856690936802988,
      0.14781469293587715,
      0.14391912810686158,
      0.1424284803742731,
      0.14078849756551537,
      0.13994222536735004,
      0.1366033035911334,
      0.13535561430745008,
      0.13303028872619524,
      0.13126201829013093,
      0.13014671601069513,
      0.12679934480879781,
      0.12619443933515184,
      0.12358725413628156,
      0.1225786963510181,
      0.12067381019999342,
      0.11968268531955494,
      0.11845204774095622,
      0.11786884708063942,
      0.11630958959927543,
      0.11535553462829325,
      0.11196405526237621,
      0.11216222258602701,
      0.1099271361265033,
      0.10849014734557282,
      0.10923812299551448,
      0.10620356260276423,
      0.10441667262062379,
      0.10403160909223225,
      0.1029367071514761,
      0.10307871999433231,
      0.10054026775139965,
      0.09886228576146767,
      0.09826910399705276,
      0.09724440519091145,
      0.09630706766133525
    ],
    "validation_loss": [
      0.13147863745689392,
      0.14531691372394562,
      0.12045608460903168,
      0.11487654596567154,
      0.11853337287902832,
      0.11475467681884766,
      0.09779158234596252,
      0.08265470713376999,
      0.08273287862539291,
      0.0887855663895607,
      0.08316849172115326,
      0.07403167337179184,
      0.07528255134820938,
      0.08389028906822205,
      0.0767686665058136,
      0.06964901834726334,
      0.07659170031547546,
      0.08183541893959045,
      0.08209206908941269,
      0.08513316512107849,
      0.07868921756744385,
      0.06302815675735474,
      0.06915553659200668,
      0.06576845049858093,
      0.07851606607437134,
      0.0892268493771553,
      0.058916542679071426,
      0.04627850651741028,
      0.05781325325369835,
      0.045804861932992935,
      0.0545208565890789,
      0.05399803817272186,
      0.03381364420056343,
      0.037566814571619034,
      0.046545207500457764,
      0.048846933990716934,
      0.04943688213825226,
      0.024065591394901276,
      0.03140540048480034,
      0.05448165163397789,
      0.04306916892528534,
      0.04325193911790848,
      0.029917750507593155,
      0.03596225008368492,
      0.04964851588010788,
      0.05233202129602432,
      0.042090047150850296,
      0.041245076805353165,
      0.03762422502040863,
      0.03249747306108475,
      0.04963056743144989,
      0.03409237414598465,
      0.03826933726668358,
      0.033374324440956116,
      0.033753544092178345,
      0.045489680022001266,
      0.04132385179400444,
      0.036179158836603165,
      0.02531120926141739,
      0.02553081139922142,
      0.026971828192472458,
      0.028362372890114784,
      0.038191113620996475,
      0.03322625160217285,
      0.031475730240345,
      0.04230954870581627,
      0.03760920464992523,
      0.029840372502803802,
      0.024582520127296448,
      0.030853666365146637,
      0.03434567153453827,
      0.03660844638943672,
      0.037985727190971375,
      0.03467881679534912,
      0.034764613956213,
      0.03178301081061363,
      0.03768385946750641,
      0.02530709281563759,
      0.03239404037594795,
      0.030301451683044434,
      0.035566672682762146,
      0.04296671226620674,
      0.03774635121226311,
      0.03289605304598808,
      0.02950417250394821,
      0.034769464284181595,
      0.03442391753196716,
      0.02960951440036297
    ]
  }
}