{
  "CNN-GRU-based": {
    "training_loss": [
      1.1006832727244202,
      1.0177604732379106,
      0.9654314501184813,
      0.9094859890534844,
      0.8560756260240582,
      0.8046874739754368,
      0.7582406468794379,
      0.7138142182793416,
      0.6686008723688798,
      0.6269599585465981,
      0.5863003252257764,
      0.5481221659082762,
      0.5122564938706411,
      0.47779753300505623,
      0.4458242041963926,
      0.415386610047918,
      0.38654716543748346,
      0.3606446779949564,
      0.3365480618577608,
      0.31315955309800697,
      0.2923951417627469,
      0.27611465059535606,
      0.2578239214252418,
      0.24229472120043258,
      0.22939468416529643,
      0.21982968965886343,
      0.21080733646809216,
      0.2041506486039766,
      0.1978211411288087,
      0.1922761709757254,
      0.18620711229216885,
      0.1798076524700917,
      0.17585945528158,
      0.1705374537219464,
      0.1656664081022773,
      0.1627005122497048,
      0.15916759069536773,
      0.15471876653986918,
      0.1520752191123828,
      0.14945245628625575,
      0.14584534919597733,
      0.14284395982681866,
      0.1400986972828986,
      0.13730148467379558,
      0.13499028162217477,
      0.13344550363614527,
      0.1297951254626395,
      0.12818765052607362,
      0.1256564391750685,
      0.12405721969167952,
      0.12145061119341514,
      0.1188877713932118,
      0.1178152277855806,
      0.11605094604089226,
      0.11371368537066688,
      0.11251991441552069,
      0.10979370646913286,
      0.10918906404518745,
      0.10825795229052154,
      0.10579130420802345,
      0.10469195246696472,
      0.10292766830870803,
      0.10171607514502297,
      0.10040229495982049,
      0.09874520713174847,
      0.09829148881032433,
      0.09717044664520613,
      0.09517501063749824,
      0.09379150760425649,
      0.0928544970885129,
      0.09187219869083083,
      0.09006226912770472,
      0.0894153506403238,
      0.08836867639296492,
      0.08746322191936869
    ],
    "validation_loss": [
      0.14750181138515472,
      0.1316421627998352,
      0.15401144325733185,
      0.15675459802150726,
      0.14054825901985168,
      0.11856783926486969,
      0.10609479248523712,
      0.1031215488910675,
      0.09897953271865845,
      0.09015196561813354,
      0.07779307663440704,
      0.06898195296525955,
      0.06407204270362854,
      0.060820139944553375,
      0.05541078373789787,
      0.04993028938770294,
      0.047694358974695206,
      0.045747511088848114,
      0.045595183968544006,
      0.04678897187113762,
      0.04649989306926727,
      0.044809356331825256,
      0.04274330660700798,
      0.03676319122314453,
      0.03342003375291824,
      0.041781745851039886,
      0.05043461173772812,
      0.04879630729556084,
      0.04147815704345703,
      0.03494509309530258,
      0.04148280993103981,
      0.04635501280426979,
      0.047663528472185135,
      0.04366929456591606,
      0.04198358952999115,
      0.04655182361602783,
      0.05034971237182617,
      0.04451773315668106,
      0.043304380029439926,
      0.0553811714053154,
      0.05466478317975998,
      0.04957420378923416,
      0.0561189241707325,
      0.06457538157701492,
      0.049052294343709946,
      0.05608519911766052,
      0.06813011318445206,
      0.0688985288143158,
      0.05223437398672104,
      0.05556013435125351,
      0.06267284601926804,
      0.05145176500082016,
      0.04765622690320015,
      0.06093538925051689,
      0.04829924553632736,
      0.052533335983753204,
      0.05656342953443527,
      0.053482163697481155,
      0.044082462787628174,
      0.05689617618918419,
      0.06377267837524414,
      0.05542544648051262,
      0.04582378640770912,
      0.07204229384660721,
      0.08601191639900208,
      0.06784122437238693,
      0.06966082006692886,
      0.05566299334168434,
      0.08841590583324432,
      0.07905365526676178,
      0.05663682520389557,
      0.09443341940641403,
      0.052368659526109695,
      0.05235503241419792,
      0.06223032623529434
    ]
  }
}