{
  "CNN-GRU-based": {
    "training_loss": [
      1.112839049481331,
      1.0298371289638764,
      0.9762259404709999,
      0.9122843501415658,
      0.8511136757566574,
      0.8022324277999553,
      0.7574491893991511,
      0.7081395273512983,
      0.6628131536727256,
      0.6206848798914159,
      0.5817330568394763,
      0.5428692571660305,
      0.5074023135164951,
      0.4729281486348903,
      0.440350852114089,
      0.40999644867917323,
      0.38070731467389046,
      0.3540483085398978,
      0.3296549783108082,
      0.30626882010317863,
      0.2849327617503227,
      0.26783520744201983,
      0.25002599777059353,
      0.23680823343865415,
      0.22384376443446952,
      0.21285334166060102,
      0.20451996681538034,
      0.1977104053218314,
      0.19131960228402564,
      0.18546174276382366,
      0.17964535063885628,
      0.17407406359276872,
      0.16982369283412366,
      0.1656047448198846,
      0.15974481118486283,
      0.1575473445527097,
      0.15395341876973498,
      0.15027350409233825,
      0.14673148539472133,
      0.14428308954898347,
      0.14167618497889092,
      0.13804887140050848,
      0.13552751027523202,
      0.133319949850123,
      0.13093557573379355,
      0.1284980479073017,
      0.12495341199509641,
      0.12446219267997335,
      0.12246298060772266,
      0.11994947207734939,
      0.11815727359436928,
      0.11599391445200494,
      0.11445670432232796,
      0.11330225080885786,
      0.1106401134995704,
      0.11002293086432396,
      0.10818650494230554,
      0.10668477035583333,
      0.10500516377865,
      0.1027801808841685,
      0.10103483149345885,
      0.10041764505366062,
      0.09904953472791835,
      0.09806272102163192,
      0.09604417183931838,
      0.09560363929956517,
      0.09412708767551056,
      0.0926332488021952
    ],
    "validation_loss": [
      0.16346389055252075,
      0.14492197334766388,
      0.1641681045293808,
      0.17208325862884521,
      0.1553911417722702,
      0.13894978165626526,
      0.13116082549095154,
      0.1248953640460968,
      0.11495489627122879,
      0.10231512039899826,
      0.09088200330734253,
      0.08126948028802872,
      0.07629664242267609,
      0.07507198303937912,
      0.07039495557546616,
      0.06333255767822266,
      0.058096956461668015,
      0.0573229119181633,
      0.06013590842485428,
      0.06128707155585289,
      0.05844247341156006,
      0.058699287474155426,
      0.05913376435637474,
      0.06155899167060852,
      0.06638053804636002,
      0.06725900620222092,
      0.06189465895295143,
      0.05854158475995064,
      0.05926956236362457,
      0.06377458572387695,
      0.06515217572450638,
      0.06508134305477142,
      0.06885528564453125,
      0.06724916398525238,
      0.0714823305606842,
      0.08353032916784286,
      0.09028272330760956,
      0.08771586418151855,
      0.08240286260843277,
      0.0896931141614914,
      0.10061515122652054,
      0.09331526607275009,
      0.08962778002023697,
      0.10067310184240341,
      0.09107550233602524,
      0.08594229817390442,
      0.09393554925918579,
      0.10894469171762466,
      0.09949977695941925,
      0.08901367336511612,
      0.07741359621286392,
      0.1011594608426094,
      0.11434910446405411,
      0.09359119832515717,
      0.05863451585173607,
      0.09811898320913315,
      0.1351553350687027,
      0.0640082061290741,
      0.06836456060409546,
      0.10886100679636002,
      0.07860270142555237,
      0.07979627698659897,
      0.08448546379804611,
      0.08475825935602188,
      0.07135648280382156,
      0.06434367597103119,
      0.08940840512514114,
      0.057889558374881744
    ]
  }
}