{
  "CNN-GRU-based": {
    "training_loss": [
      1.1227533031017223,
      1.0098284102500754,
      0.9731489711619438,
      0.910677266881821,
      0.8576232930447193,
      0.8052980291082504,
      0.75558214745623,
      0.7137976326840989,
      0.6715698483142447,
      0.6273907308882856,
      0.5881616092742757,
      0.5490751507434439,
      0.512378510008467,
      0.4791221796198094,
      0.44751411169133287,
      0.41701858474853193,
      0.38623538359682613,
      0.3633365161875461,
      0.33604190704670356,
      0.3138347971946635,
      0.2926296502985853,
      0.2747756230070236,
      0.2586456664065097,
      0.24322244968820125,
      0.22987007936264606,
      0.21891632993170557,
      0.21256079001629608,
      0.20366281017344048,
      0.19930203956492404,
      0.19302268611623885,
      0.1861054776830876,
      0.18112368628065637,
      0.17558490659328216,
      0.1728786734190393,
      0.1671597399610154,
      0.16268644307522065,
      0.15929364745921276,
      0.15568702049711916,
      0.15232804671246955,
      0.1506485219331498,
      0.14552905299562088,
      0.1430048238723836,
      0.1395943637223954,
      0.1390007721616867,
      0.13573624066849974,
      0.13326535009323281,
      0.13170985497058707,
      0.12814757227897644,
      0.12705064517386416,
      0.12388076553953455,
      0.12178588642718945,
      0.12077412453103573,
      0.11886700004973311,
      0.116531214815505,
      0.11397224189119136,
      0.11347902138182457,
      0.111727533822364,
      0.1094325806232209,
      0.10807556421198744,
      0.10652303457894224,
      0.10517008317277786,
      0.10410440285155113,
      0.10259037417300204,
      0.10149943035967807,
      0.09934995260010375,
      0.0985647847360753,
      0.09736270013641804,
      0.09526307341900278,
      0.09451711859474791,
      0.09357986076081053,
      0.09291953704458603,
      0.09166893347146664,
      0.09042744623853806,
      0.09021492873100524,
      0.0873103308233809,
      0.08740676210281696
    ],
    "validation_loss": [
      0.20264288783073425,
      0.14086908102035522,
      0.15283580124378204,
      0.1699405461549759,
      0.16325914859771729,
      0.14063212275505066,
      0.11709578335285187,
      0.10732986778020859,
      0.11080392450094223,
      0.11228781193494797,
      0.10453767329454422,
      0.0902571976184845,
      0.07581162452697754,
      0.06643091887235641,
      0.06402047723531723,
      0.06386399269104004,
      0.062449440360069275,
      0.06295238435268402,
      0.058469925075769424,
      0.050611283630132675,
      0.04558226466178894,
      0.046291857957839966,
      0.051675815135240555,
      0.05356960743665695,
      0.04925290867686272,
      0.044192928820848465,
      0.0487089566886425,
      0.04934164136648178,
      0.05425408110022545,
      0.05128570273518562,
      0.04876452311873436,
      0.05188405513763428,
      0.05899113789200783,
      0.059581443667411804,
      0.05383292958140373,
      0.056112922728061676,
      0.05936221405863762,
      0.06489827483892441,
      0.07073488086462021,
      0.06754108518362045,
      0.056437499821186066,
      0.06762589514255524,
      0.07182576507329941,
      0.08082393556833267,
      0.06351996958255768,
      0.049104027450084686,
      0.0667966678738594,
      0.08988882601261139,
      0.09583472460508347,
      0.06577116250991821,
      0.060789335519075394,
      0.0795966386795044,
      0.07470589876174927,
      0.06423082202672958,
      0.06854955106973648,
      0.07447266578674316,
      0.06814620643854141,
      0.08599415421485901,
      0.09985322505235672,
      0.08854326605796814,
      0.07179026305675507,
      0.1415601223707199,
      0.05594199523329735,
      0.07799560576677322,
      0.10022950172424316,
      0.056485723704099655,
      0.0770205408334732,
      0.11660617589950562,
      0.07041192054748535,
      0.06405087560415268,
      0.08935452997684479,
      0.06042327731847763,
      0.1326092630624771,
      0.06543759256601334,
      0.07803472131490707,
      0.12347365915775299
    ]
  }
}