{
  "CNN-LSTM-Attention-based": {
    "training_loss": [
      0.1369255322345647,
      0.08632268840353406,
      0.06418841556170699,
      0.05371120337365911,
      0.04748647084690152,
      0.043087847135834,
      0.03983329070115459,
      0.037169543479760245,
      0.03513256447804276,
      0.03334555237553607,
      0.03198484217998082,
      0.030727589779028893,
      0.029810530282182363,
      0.028831379569555456,
      0.0280021358441006,
      0.02727372573169822,
      0.026684460691964333,
      0.026112612343389602,
      0.025612557290596735,
      0.02516492587975607,
      0.02471996853832574,
      0.024329203389467736,
      0.023947160985039007,
      0.023632838370406348,
      0.023308163978709995,
      0.023027494719971148,
      0.022742077356402303,
      0.022445518002207225,
      0.02216816007452445,
      0.021920644693242758,
      0.021512295309638267,
      0.021285492882448537,
      0.021044762728138815,
      0.020745835324426014,
      0.020473886751189052,
      0.020175175881400137,
      0.01992538868753825,
      0.019747997404845407,
      0.01943367290191245,
      0.019202219813436623,
      0.01897689738853704,
      0.018725643951688523,
      0.01844516543897091,
      0.018315080857082753,
      0.01806916150329191,
      0.017818059400049786,
      0.017704515026863557,
      0.017620612198921026,
      0.01730810544870152,
      0.01721536600493973,
      0.017014102718724035,
      0.016999996111292114,
      0.01680681205207623,
      0.01654960320562867,
      0.016362937004804273,
      0.016453833922346346,
      0.01637375999484773,
      0.016006801487526937,
      0.01583496468596952,
      0.0157448773333012,
      0.015804025224419364,
      0.01550532488301429,
      0.015485621694757212,
      0.015250261454787195,
      0.015241872916705857,
      0.014953417173710175
    ],
    "validation_loss": [
      0.011916195114071552,
      0.011183274551652946,
      0.010292009535160932,
      0.009289447641508146,
      0.008657918494012389,
      0.008302359802687502,
      0.008095640728211069,
      0.008036491487149175,
      0.007812094972371221,
      0.00775318770584735,
      0.007718058921709344,
      0.0076758148526395115,
      0.007591665872222894,
      0.007565262173856055,
      0.007512533353394145,
      0.007472639121896737,
      0.0074743040856885745,
      0.007448189312240461,
      0.007384702315801507,
      0.007350463048926183,
      0.007339601274710018,
      0.007305623813682086,
      0.007283950940920756,
      0.007265037290387221,
      0.007220473368424219,
      0.0072208505996561555,
      0.007190407442671435,
      0.007197454148395495,
      0.0071640699789240645,
      0.007117229956690665,
      0.007063520655452789,
      0.007121619019475016,
      0.007182845591821454,
      0.00722235341562883,
      0.007248635937857044,
      0.00729976944182511,
      0.007201329055991206,
      0.007295348818277146,
      0.007363362947700324,
      0.007438475168407797,
      0.007443107951145906,
      0.007923268621878607,
      0.00799616325281925,
      0.007883338876381204,
      0.008459307611561738,
      0.008794522036674557,
      0.009178192009563213,
      0.009329174534528405,
      0.009174867891348325,
      0.009796239709208062,
      0.010513003264273797,
      0.009886119657984147,
      0.009238514580301472,
      0.00957534809994114,
      0.010510944311956425,
      0.009117274043651728,
      0.010853406419599806,
      0.01021581780087281,
      0.009667752857704263,
      0.009904316333415625,
      0.009999915527609678,
      0.008858931368099643,
      0.009596166520060359,
      0.008451365624795426,
      0.009915024159358932,
      0.009103204690284663
    ]
  }
}