{
  "CNN-LSTM-Attention-based": {
    "training_loss": [
      0.1462424694186389,
      0.09552430092270209,
      0.06186776603986128,
      0.04888764166885492,
      0.04288979435435027,
      0.03904012019370295,
      0.03616249979772669,
      0.03397909374569024,
      0.03220757428088368,
      0.03087280510361394,
      0.029758086144121343,
      0.028737694333440842,
      0.027986422857082808,
      0.02722386745275033,
      0.02668326638640605,
      0.026146196475904396,
      0.02566440098242205,
      0.025283041692441277,
      0.024897397362410475,
      0.024573053118694888,
      0.024248551107385,
      0.023958846085520884,
      0.023722764526820605,
      0.023454589459211275,
      0.02324063581933826,
      0.02308646984972742,
      0.0229073805037757,
      0.022675070535119066,
      0.02260994080060859,
      0.02238580274003616,
      0.022176566980436505,
      0.022134230140493826,
      0.02200955564284267,
      0.021830510441499404,
      0.02175892790329924,
      0.021625940691625867,
      0.021478571239214324,
      0.02140201920577363,
      0.021297673054734605,
      0.02121529298778615,
      0.02112336465872684,
      0.02101451008606325,
      0.020897197273188235,
      0.02078975378476537,
      0.02069870377856091,
      0.020575262180256623,
      0.02049610427810443,
      0.02036570188635491,
      0.02027554457833435,
      0.020173087873974628,
      0.02000690866514642
    ],
    "validation_loss": [
      0.02455831324313025,
      0.023835724784018904,
      0.010802265674188969,
      0.010285289048000308,
      0.010007675344062456,
      0.009836128175637037,
      0.009715308828341356,
      0.009659743137109614,
      0.009544997679921039,
      0.00951698060178454,
      0.00953056733898701,
      0.00948848715459768,
      0.009481804862931606,
      0.009488506715633824,
      0.009471696388831071,
      0.009470484446205733,
      0.009500631721667463,
      0.009484386035679936,
      0.00953468457255806,
      0.00952978712064581,
      0.00952406987652261,
      0.009509335011048095,
      0.009533469248791396,
      0.00960035603362969,
      0.009598732027249661,
      0.009659560418470832,
      0.009707215255136143,
      0.009876935121370072,
      0.009829856148690978,
      0.009768712145134468,
      0.009887409895567155,
      0.009907699565218857,
      0.00979527270816097,
      0.00991837227074413,
      0.009897422924598649,
      0.009891023128676749,
      0.009879007862127287,
      0.009897176667251959,
      0.009932776407425124,
      0.010093193564844527,
      0.009998070322394683,
      0.01002518978661445,
      0.01033895059069537,
      0.01047106634257867,
      0.010337326981473043,
      0.010742814094154408,
      0.01124739292976422,
      0.011694747496285393,
      0.011128125253953888,
      0.011842614470372685,
      0.012838192737535711
    ]
  }
}