{
  "CNN-LSTM-Attention-based": {
    "MSE": 0.008456,
    "MAE": 0.07275,
    "RMSE": 0.091957,
    "MAPE": 0.393417
  }
}