{
  "CNN-LSTM-Attention-based": {
    "MSE": 0.013049,
    "MAE": 0.094193,
    "RMSE": 0.114228,
    "MAPE": 0.501642
  }
}