{
  "LSTM-based": {
    "actual": [
      [
        0.39954022988505755
      ],
      [
        0.31862068965517243
      ],
      [
        0.2133333333333334
      ],
      [
        0.2744827586206896
      ],
      [
        0.30804597701149417
      ],
      [
        0.41885057471264364
      ],
      [
        0.3949425287356322
      ],
      [
        0.2055172413793104
      ],
      [
        0.3149425287356322
      ],
      [
        0.18850574712643683
      ],
      [
        0.2422988505747127
      ],
      [
        0.22988505747126445
      ],
      [
        0.8680459770114943
      ],
      [
        0.41103448275862065
      ],
      [
        0.44045977011494253
      ],
      [
        0.41471264367816096
      ],
      [
        0.18896551724137936
      ],
      [
        0.2960919540229886
      ],
      [
        0.21517241379310345
      ],
      [
        0.1802298850574713
      ],
      [
        0.8220689655172413
      ],
      [
        0.48091954022988503
      ],
      [
        0.3016091954022989
      ],
      [
        0.3885057471264368
      ],
      [
        0.3071264367816092
      ],
      [
        0.7250574712643678
      ],
      [
        0.6543245808288517
      ]
    ],
    "predicted": [
      [
        0.3941866159439087
      ],
      [
        0.3931385576725006
      ],
      [
        0.3931353986263275
      ],
      [
        0.39418771862983704
      ],
      [
        0.39590173959732056
      ],
      [
        0.39818453788757324
      ],
      [
        0.4009314179420471
      ],
      [
        0.40357646346092224
      ],
      [
        0.4066958725452423
      ],
      [
        0.4097646176815033
      ],
      [
        0.41266971826553345
      ],
      [
        0.41559457778930664
      ],
      [
        0.4182662069797516
      ],
      [
        0.42050644755363464
      ],
      [
        0.4215957224369049
      ],
      [
        0.4214964807033539
      ],
      [
        0.4208514988422394
      ],
      [
        0.41966888308525085
      ],
      [
        0.4179234802722931
      ],
      [
        0.4159434735774994
      ],
      [
        0.4131995737552643
      ],
      [
        0.4121948182582855
      ],
      [
        0.4123522937297821
      ],
      [
        0.41307955980300903
      ],
      [
        0.41402798891067505
      ],
      [
        0.4147394001483917
      ],
      [
        0.4155474305152893
      ]
    ]
  }
}