{
  "LSTM-based": {
    "actual": [
      [
        0.39954022988505755,
        0.31862068965517243
      ],
      [
        0.31862068965517243,
        0.2133333333333334
      ],
      [
        0.2133333333333334,
        0.2744827586206896
      ],
      [
        0.2744827586206896,
        0.30804597701149417
      ],
      [
        0.30804597701149417,
        0.41885057471264364
      ],
      [
        0.41885057471264364,
        0.3949425287356322
      ],
      [
        0.3949425287356322,
        0.2055172413793104
      ],
      [
        0.2055172413793104,
        0.3149425287356322
      ],
      [
        0.3149425287356322,
        0.18850574712643683
      ],
      [
        0.18850574712643683,
        0.2422988505747127
      ],
      [
        0.2422988505747127,
        0.22988505747126445
      ],
      [
        0.22988505747126445,
        0.8680459770114943
      ],
      [
        0.8680459770114943,
        0.41103448275862065
      ],
      [
        0.41103448275862065,
        0.44045977011494253
      ],
      [
        0.44045977011494253,
        0.41471264367816096
      ],
      [
        0.41471264367816096,
        0.18896551724137936
      ],
      [
        0.18896551724137936,
        0.2960919540229886
      ],
      [
        0.2960919540229886,
        0.21517241379310345
      ],
      [
        0.21517241379310345,
        0.1802298850574713
      ],
      [
        0.1802298850574713,
        0.8220689655172413
      ],
      [
        0.8220689655172413,
        0.48091954022988503
      ],
      [
        0.48091954022988503,
        0.3016091954022989
      ],
      [
        0.3016091954022989,
        0.3885057471264368
      ],
      [
        0.3885057471264368,
        0.3071264367816092
      ],
      [
        0.3071264367816092,
        0.7250574712643678
      ],
      [
        0.7250574712643678,
        0.6543245808288517
      ]
    ],
    "predicted": [
      [
        0.40717625617980957,
        0.40976637601852417
      ],
      [
        0.4063722491264343,
        0.4084068238735199
      ],
      [
        0.4068927764892578,
        0.4092521369457245
      ],
      [
        0.40777814388275146,
        0.41073495149612427
      ],
      [
        0.4088844656944275,
        0.41260820627212524
      ],
      [
        0.4101390838623047,
        0.4147535264492035
      ],
      [
        0.4114939570426941,
        0.41708922386169434
      ],
      [
        0.41266119480133057,
        0.4191134572029114
      ],
      [
        0.41393887996673584,
        0.4213261902332306
      ],
      [
        0.41591203212738037,
        0.42466700077056885
      ],
      [
        0.41759663820266724,
        0.42752891778945923
      ],
      [
        0.41913801431655884,
        0.4301608204841614
      ],
      [
        0.42043596506118774,
        0.432389497756958
      ],
      [
        0.421438992023468,
        0.4341273307800293
      ],
      [
        0.4217732548713684,
        0.43471845984458923
      ],
      [
        0.42143458127975464,
        0.43415626883506775
      ],
      [
        0.42148077487945557,
        0.43420711159706116
      ],
      [
        0.42107319831848145,
        0.433492511510849
      ],
      [
        0.42024409770965576,
        0.4320635199546814
      ],
      [
        0.41921234130859375,
        0.4302951991558075
      ],
      [
        0.4176434874534607,
        0.427629292011261
      ],
      [
        0.4169762134552002,
        0.42648911476135254
      ],
      [
        0.4168134331703186,
        0.4262230098247528
      ],
      [
        0.4175487756729126,
        0.42745107412338257
      ],
      [
        0.4182426929473877,
        0.42861899733543396
      ],
      [
        0.41867393255233765,
        0.42935147881507874
      ]
    ]
  }
}