{
  "GRU-based": {
    "actual": [
      [
        0.39954022988505755
      ],
      [
        0.31862068965517243
      ],
      [
        0.2133333333333334
      ],
      [
        0.2744827586206896
      ],
      [
        0.30804597701149417
      ],
      [
        0.41885057471264364
      ],
      [
        0.3949425287356322
      ],
      [
        0.2055172413793104
      ],
      [
        0.3149425287356322
      ],
      [
        0.18850574712643683
      ],
      [
        0.2422988505747127
      ],
      [
        0.22988505747126445
      ],
      [
        0.8680459770114943
      ],
      [
        0.41103448275862065
      ],
      [
        0.44045977011494253
      ],
      [
        0.41471264367816096
      ],
      [
        0.18896551724137936
      ],
      [
        0.2960919540229886
      ],
      [
        0.21517241379310345
      ],
      [
        0.1802298850574713
      ],
      [
        0.8220689655172413
      ],
      [
        0.48091954022988503
      ],
      [
        0.3016091954022989
      ],
      [
        0.3885057471264368
      ],
      [
        0.3071264367816092
      ],
      [
        0.7250574712643678
      ],
      [
        0.6543245808288517
      ]
    ],
    "predicted": [
      [
        0.3996132016181946
      ],
      [
        0.39874228835105896
      ],
      [
        0.39657291769981384
      ],
      [
        0.39654120802879333
      ],
      [
        0.39825519919395447
      ],
      [
        0.4018171727657318
      ],
      [
        0.4067813456058502
      ],
      [
        0.4124543368816376
      ],
      [
        0.41821053624153137
      ],
      [
        0.4208793342113495
      ],
      [
        0.4236997663974762
      ],
      [
        0.4274703860282898
      ],
      [
        0.43160924315452576
      ],
      [
        0.4355694055557251
      ],
      [
        0.43798428773880005
      ],
      [
        0.43841874599456787
      ],
      [
        0.4358971416950226
      ],
      [
        0.4327719211578369
      ],
      [
        0.4293532371520996
      ],
      [
        0.42599716782569885
      ],
      [
        0.42372262477874756
      ],
      [
        0.4229974150657654
      ],
      [
        0.4243582785129547
      ],
      [
        0.42403483390808105
      ],
      [
        0.4239528179168701
      ],
      [
        0.4246792495250702
      ],
      [
        0.4257102310657501
      ]
    ]
  }
}