{
  "GRU-based": {
    "actual": [
      [
        0.39954022988505755,
        0.31862068965517243
      ],
      [
        0.31862068965517243,
        0.2133333333333334
      ],
      [
        0.2133333333333334,
        0.2744827586206896
      ],
      [
        0.2744827586206896,
        0.30804597701149417
      ],
      [
        0.30804597701149417,
        0.41885057471264364
      ],
      [
        0.41885057471264364,
        0.3949425287356322
      ],
      [
        0.3949425287356322,
        0.2055172413793104
      ],
      [
        0.2055172413793104,
        0.3149425287356322
      ],
      [
        0.3149425287356322,
        0.18850574712643683
      ],
      [
        0.18850574712643683,
        0.2422988505747127
      ],
      [
        0.2422988505747127,
        0.22988505747126445
      ],
      [
        0.22988505747126445,
        0.8680459770114943
      ],
      [
        0.8680459770114943,
        0.41103448275862065
      ],
      [
        0.41103448275862065,
        0.44045977011494253
      ],
      [
        0.44045977011494253,
        0.41471264367816096
      ],
      [
        0.41471264367816096,
        0.18896551724137936
      ],
      [
        0.18896551724137936,
        0.2960919540229886
      ],
      [
        0.2960919540229886,
        0.21517241379310345
      ],
      [
        0.21517241379310345,
        0.1802298850574713
      ],
      [
        0.1802298850574713,
        0.8220689655172413
      ],
      [
        0.8220689655172413,
        0.48091954022988503
      ],
      [
        0.48091954022988503,
        0.3016091954022989
      ],
      [
        0.3016091954022989,
        0.3885057471264368
      ],
      [
        0.3885057471264368,
        0.3071264367816092
      ],
      [
        0.3071264367816092,
        0.7250574712643678
      ],
      [
        0.7250574712643678,
        0.6543245808288517
      ]
    ],
    "predicted": [
      [
        0.39725810289382935,
        0.39905834197998047
      ],
      [
        0.3950318694114685,
        0.3956909775733948
      ],
      [
        0.39357465505599976,
        0.394314706325531
      ],
      [
        0.39477479457855225,
        0.39620155096054077
      ],
      [
        0.39766278862953186,
        0.4000660181045532
      ],
      [
        0.4023229479789734,
        0.406044065952301
      ],
      [
        0.4082176089286804,
        0.4134010672569275
      ],
      [
        0.4136592149734497,
        0.41992896795272827
      ],
      [
        0.4202992916107178,
        0.4282754063606262
      ],
      [
        0.42557504773139954,
        0.4358086585998535
      ],
      [
        0.4310862421989441,
        0.44349128007888794
      ],
      [
        0.4371586740016937,
        0.451662540435791
      ],
      [
        0.4432222843170166,
        0.4596795439720154
      ],
      [
        0.4486635625362396,
        0.4666880965232849
      ],
      [
        0.4516109228134155,
        0.47033441066741943
      ],
      [
        0.4522503912448883,
        0.47100651264190674
      ],
      [
        0.45082831382751465,
        0.46985310316085815
      ],
      [
        0.44838184118270874,
        0.4670194387435913
      ],
      [
        0.44446197152137756,
        0.46201008558273315
      ],
      [
        0.43995431065559387,
        0.4559934735298157
      ],
      [
        0.43380996584892273,
        0.44747889041900635
      ],
      [
        0.4313473403453827,
        0.44385212659835815
      ],
      [
        0.43158969283103943,
        0.443789541721344
      ],
      [
        0.4321479797363281,
        0.44500118494033813
      ],
      [
        0.43379735946655273,
        0.44754666090011597
      ],
      [
        0.4356112778186798,
        0.45006877183914185
      ]
    ]
  }
}