{
  "CNN-BiLSTM-Attention-based": {
    "MSE": 0.027117,
    "MAE": 0.108141,
    "RMSE": 0.16458,
    "MAPE": 0.337605
  }
}