{
  "CNN-LSTM-based": {
    "MSE": 0.025856,
    "MAE": 0.137435,
    "RMSE": 0.160799,
    "MAPE": 0.501446
  }
}