{
  "CNN-LSTM-based": {
    "MSE": 0.067452,
    "MAE": 0.237117,
    "RMSE": 0.256933,
    "MAPE": 0.875934
  }
}