{
  "CNN-LSTM-based": {
    "MSE": 0.023297,
    "MAE": 0.111954,
    "RMSE": 0.13322,
    "MAPE": 0.572613
  }
}