{
  "CNN-LSTM-based": {
    "MSE": 0.029745,
    "MAE": 0.143761,
    "RMSE": 0.164912,
    "MAPE": 0.556361
  }
}