{
  "CNN-LSTM-based": {
    "MSE": 0.028963,
    "MAE": 0.146397,
    "RMSE": 0.170187,
    "MAPE": 0.522595
  }
}