{
  "CNN-LSTM-based": {
    "MSE": 0.012844,
    "MAE": 0.090243,
    "RMSE": 0.111857,
    "MAPE": 0.502969
  }
}