{
  "CNN-LSTM-based": {
    "MSE": 0.026279,
    "MAE": 0.12507,
    "RMSE": 0.147385,
    "MAPE": 0.577436
  }
}