{
  "CNN-LSTM-based": {
    "MSE": 0.029414,
    "MAE": 0.142059,
    "RMSE": 0.16409,
    "MAPE": 0.532591
  }
}