{
  "CNN-LSTM-based": {
    "MSE": 0.015067,
    "MAE": 0.097735,
    "RMSE": 0.122746,
    "MAPE": 0.64794
  }
}