{
  "CNN-LSTM-based": {
    "MSE": 0.080888,
    "MAE": 0.266153,
    "RMSE": 0.284408,
    "MAPE": 1.0
  }
}