{
  "CNN-LSTM-based": {
    "MSE": 0.011239,
    "MAE": 0.082969,
    "RMSE": 0.106009,
    "MAPE": 0.549416
  }
}