{
  "CNN-LSTM-based": {
    "MSE": 0.00858,
    "MAE": 0.071255,
    "RMSE": 0.092624,
    "MAPE": 0.417581
  }
}