{
  "CNN-LSTM-based": {
    "MSE": 0.026851,
    "MAE": 0.142003,
    "RMSE": 0.163379,
    "MAPE": 0.507324
  }
}