{
  "CNN-LSTM-based": {
    "MSE": 0.043765,
    "MAE": 0.178972,
    "RMSE": 0.200557,
    "MAPE": 0.662763
  }
}