{
  "CNN-LSTM-based": {
    "MSE": 0.019654,
    "MAE": 0.117832,
    "RMSE": 0.139429,
    "MAPE": 0.448669
  }
}