{
  "CNN-LSTM-based": {
    "MSE": 0.05324,
    "MAE": 0.205254,
    "RMSE": 0.227276,
    "MAPE": 0.737208
  }
}