{
  "CNN-LSTM-based": {
    "MSE": 0.033536,
    "MAE": 0.147397,
    "RMSE": 0.168531,
    "MAPE": 0.591087
  }
}