{
  "CNN-LSTM-based": {
    "MSE": 0.063028,
    "MAE": 0.222146,
    "RMSE": 0.241721,
    "MAPE": 0.842686
  }
}