{
  "CNN-GRU-Attention-based": {
    "MSE": 0.034328,
    "MAE": 0.14992,
    "RMSE": 0.185127,
    "MAPE": 0.290415
  }
}