{
  "GRU-based": {
    "MSE": 0.041225,
    "MAE": 0.166088,
    "RMSE": 0.20304,
    "MAPE": 0.307476
  }
}