{
  "GRU-based": {
    "MSE": 0.024645,
    "MAE": 0.125243,
    "RMSE": 0.156986,
    "MAPE": 0.269606
  }
}