{
  "GRU-based": {
    "MSE": 0.024472,
    "MAE": 0.126209,
    "RMSE": 0.156427,
    "MAPE": 0.270247
  }
}