{
  "GRU-based": {
    "MSE": 0.045184,
    "MAE": 0.174186,
    "RMSE": 0.212548,
    "MAPE": 0.318394
  }
}