{
  "GRU-based": {
    "MSE": 0.024616,
    "MAE": 0.126775,
    "RMSE": 0.156876,
    "MAPE": 0.271397
  }
}