{
  "GRU-based": {
    "MSE": 0.026622,
    "MAE": 0.131435,
    "RMSE": 0.163149,
    "MAPE": 0.280885
  }
}