{
  "GRU-based": {
    "MSE": 0.030077,
    "MAE": 0.140908,
    "RMSE": 0.173397,
    "MAPE": 0.282411
  }
}