{
  "CNN-Attention-BiLSTM-based": {
    "training_loss": [
      2.116194007267908,
      1.266512078258831,
      0.6691670739368016,
      0.31612707305410004,
      0.18732498436969888,
      0.14484030143781143,
      0.12356510640604222,
      0.11567328354940112,
      0.0998723987337786,
      0.09174528621794835,
      0.08683300066410474,
      0.09543944398562114,
      0.08350874640646345,
      0.08131366319296703,
      0.07467181431878069,
      0.0717788966021676,
      0.0746382394503699,
      0.07234922866183621,
      0.06719781181067032,
      0.062200352397400085,
      0.05987877229888763,
      0.058094560609190514,
      0.056443414168631134,
      0.05633168991493142,
      0.05842934512534474,
      0.06035155224293588,
      0.05624333354343853,
      0.05093250683802076,
      0.04861634202566543,
      0.047341424814757935,
      0.0467201721006624,
      0.04637452770559527,
      0.04586770033588994,
      0.04699893230977266,
      0.04575337322333113,
      0.043732415045438545,
      0.042482642292465934,
      0.04052440500149457,
      0.03843660672760921,
      0.03745966484188562,
      0.03656400987026877,
      0.03565250489767518,
      0.035788858944994346,
      0.03638401521524422,
      0.036012973022869293,
      0.03574410872595269,
      0.033735107478338425,
      0.03223992169531595,
      0.031282712488247474,
      0.030731048346625957,
      0.03040612630830766,
      0.03016783222212543,
      0.030604967280574467,
      0.030611759078675423,
      0.03085151330932327,
      0.030845556648666523,
      0.03112111263693714,
      0.030647471620749107,
      0.029507780823076195
    ],
    "validation_loss": [
      0.03521510401838704,
      0.036765763712556736,
      0.015796317395411038,
      0.00936379033680025,
      0.009423866926839478,
      0.013141820667997788,
      0.0144642128266002,
      0.008145223940281492,
      0.007858296826873955,
      0.014974504317107954,
      0.023540557077840755,
      0.014809512650888217,
      0.0221489578191387,
      0.014636542197120817,
      0.024450475526483436,
      0.008995455562284118,
      0.0424248546754059,
      0.009924679327952234,
      0.024062498580468328,
      0.022585372097398106,
      0.028329326349653697,
      0.015560122696976913,
      0.03024195665983777,
      0.01665221817399326,
      0.033342805994968666,
      0.008542204932554772,
      0.01762299593538046,
      0.01644065265396708,
      0.026778459960692808,
      0.01595074813812971,
      0.028167240400063364,
      0.013983655132745442,
      0.013428467119994916,
      0.009606555986561273,
      0.0141510377589025,
      0.009596202679370579,
      0.00942600253773363,
      0.010492950089667974,
      0.010426058237882037,
      0.009856527867285829,
      0.0099391522082059,
      0.020808699609417666,
      0.008920719445143875,
      0.009001293317659906,
      0.011636548567759364,
      0.010417286179175502,
      0.011368875597652636,
      0.010224985243066361,
      0.010424977364508729,
      0.009496080267586205,
      0.009489519207885391,
      0.010238171466871311,
      0.016062861769215057,
      0.009303446025832704,
      0.010215291439702637,
      0.0089761390399776,
      0.029535190427773878,
      0.008270742195217232,
      0.01101346433554825
    ]
  }
}