{
  "CNN-Attention-BiLSTM-based": {
    "training_loss": [
      2.1064393778048416,
      1.2418293013304524,
      0.6449446759345452,
      0.3073731807759441,
      0.18103701368576613,
      0.1416623877174825,
      0.11640910810818782,
      0.10393269151868217,
      0.09435854156899326,
      0.09171664387459076,
      0.08659518132991238,
      0.07967393605696506,
      0.07774110473626947,
      0.07454317757083996,
      0.0744945251878829,
      0.07265845595847534,
      0.06725935475583236,
      0.06611618291593184,
      0.06481052395643794,
      0.06277177096565495,
      0.059475014906095074,
      0.05689530870067005,
      0.057101798988551375,
      0.054035215882456786,
      0.05406126213670825,
      0.052496055327683214,
      0.05130775955052284,
      0.05028102213029074,
      0.05042269213128383,
      0.0491541178212853,
      0.0469994611763158,
      0.04749680639806028,
      0.04498659363687562,
      0.04432545995801321,
      0.04226815832782085,
      0.041556745008131744,
      0.03945640859526364,
      0.03948204192498237,
      0.03770332760545826,
      0.03659869584472611,
      0.035249517670781834,
      0.03458183220144106,
      0.03433276776401146,
      0.0333656125058713,
      0.03402271906735608,
      0.032754634714870334,
      0.032327926902653674,
      0.03170862000415949,
      0.03164193885947573,
      0.031093930501510474,
      0.03018822972720034,
      0.030478599679333883,
      0.030281724490107468,
      0.030145068251919035,
      0.030064288723185947,
      0.029391211626137916,
      0.02943623339616561,
      0.029282872648565966,
      0.029004987839917097,
      0.028709705067906523,
      0.02850063356304106,
      0.02844813582610162
    ],
    "validation_loss": [
      0.03422967230803088,
      0.04023425092822627,
      0.010898158385565406,
      0.036926088991918064,
      0.012263761480387889,
      0.02229952918071496,
      0.010279056434764674,
      0.011737520326124995,
      0.009986064347781633,
      0.01228668414252369,
      0.024405677459741894,
      0.009173015024709075,
      0.022504141907158652,
      0.012835154113800902,
      0.012504607468451324,
      0.020824403364799526,
      0.012111257340170834,
      0.01763717131199021,
      0.009390975799607603,
      0.013702891021966934,
      0.011412019468843937,
      0.026399282836600355,
      0.01689368188381195,
      0.021529641080843775,
      0.03789793415681312,
      0.022632274355151152,
      0.026329940322198365,
      0.010327771413875253,
      0.015126234420428151,
      0.011126720013194962,
      0.033284518436381694,
      0.014324296618762769,
      0.03958605751395226,
      0.011344990379324085,
      0.038730904067817484,
      0.014455136176394788,
      0.038374162582974686,
      0.015588910642423128,
      0.03157526415429617,
      0.017296380549669265,
      0.03623144063902529,
      0.02442668194049283,
      0.012596378651888746,
      0.05135816339599459,
      0.014989744224830678,
      0.04475352309252086,
      0.020322109670623353,
      0.04995358256917251,
      0.02116166406164044,
      0.029927987644546912,
      0.026563135279636635,
      0.027290271693154386,
      0.03202886834348503,
      0.03629735688629903,
      0.022795960856111425,
      0.034109783407888915,
      0.026126459338947347,
      0.03388252405351714,
      0.02784741203251638,
      0.037083062764845395,
      0.028560129749147515,
      0.029947247905166525
    ]
  }
}