{
  "CNN-Attention-BiLSTM-based": {
    "training_loss": [
      0.3929754321002835,
      0.23963722718246752,
      0.08567166484804407,
      0.047331066526045795,
      0.035465720596274904,
      0.031198038224002186,
      0.028212567139783436,
      0.025968455345865466,
      0.024591807508942964,
      0.02366143239113927,
      0.023028038596880192,
      0.022496589531557604,
      0.021822913205735695,
      0.021490776776993802,
      0.020726846535105762,
      0.020218697564279766,
      0.019908814361562468,
      0.019563233368277914,
      0.018879539241658375,
      0.018542346795821327,
      0.018436030134115617,
      0.01847054948114025,
      0.018141976780423858,
      0.0172884647213623,
      0.01699146745579051,
      0.01657195366099705,
      0.016451116930652664,
      0.016546642547045725,
      0.01663472456755756,
      0.016579581325638356,
      0.016036596031111038,
      0.015720392484095715,
      0.015089550947792466,
      0.015069156085358054,
      0.014857872414912102,
      0.014909250736252861,
      0.015141852166638867,
      0.015267896566541631,
      0.015196086695498393,
      0.014912534474587019,
      0.014747101157108769,
      0.01502043734315602,
      0.015737362144898525,
      0.015321547043752895,
      0.015146504142853075,
      0.014337665768308467,
      0.014023219533737018,
      0.013453486131583179,
      0.013825189120657042,
      0.013787165928793282,
      0.01382253520316141,
      0.013881958562149379,
      0.013358777741586792,
      0.013171557591153796,
      0.013151534255162358,
      0.013318199707927353,
      0.013630603860768888,
      0.014432099456017228,
      0.015011687423817238,
      0.014596948229919941,
      0.013560466801036666,
      0.01318829778417339,
      0.012642600137869057,
      0.012855424890217298,
      0.012511640527315362,
      0.012258792391749752,
      0.012217001842068542,
      0.012134253760049658,
      0.01219948926744278,
      0.012197788175200341,
      0.01246608878601103
    ],
    "validation_loss": [
      0.08638273429620516,
      0.03426073726032164,
      0.011830299382807908,
      0.010964906618155383,
      0.00944386979473846,
      0.007997418682162579,
      0.006624469891763651,
      0.006464720127283485,
      0.006396586443395256,
      0.005835078363599894,
      0.006203121619650742,
      0.006437538572671739,
      0.0068912142887711525,
      0.006950079124759544,
      0.0059213308728189315,
      0.005917859410254897,
      0.00621950367166029,
      0.006067230867651792,
      0.006041652454597341,
      0.005854161648353288,
      0.00681101696214059,
      0.007155013667953598,
      0.005962511895784548,
      0.006330900298027725,
      0.006080644836948885,
      0.005772718130708575,
      0.0058966164470656765,
      0.006292393704602769,
      0.006262365178289739,
      0.006388928829138721,
      0.006676766985597519,
      0.0061857013350964845,
      0.00625624275486265,
      0.006286089451840291,
      0.006318174289552482,
      0.006816597277676309,
      0.0072962555291873595,
      0.007113845380661371,
      0.006278011283570236,
      0.006479785048200951,
      0.007552895069747538,
      0.00711388344114477,
      0.006150066924209778,
      0.0074281291580283555,
      0.007024535026818097,
      0.0067257396681429625,
      0.006227647638195878,
      0.0061555753194994026,
      0.006409050675330462,
      0.006303019981206089,
      0.007342056488501026,
      0.006233223287349606,
      0.005896544334693597,
      0.006348139570596127,
      0.006614173687603715,
      0.006454863357585627,
      0.006818593134517437,
      0.006650284577447634,
      0.006777542851656884,
      0.00662670135367792,
      0.006519320381844377,
      0.0059966113730952455,
      0.006822556644756269,
      0.006226143138678549,
      0.006522647450332875,
      0.00664112299446251,
      0.005995152140413964,
      0.006778188889937384,
      0.007546948015012525,
      0.0068906923150318065,
      0.00701173754421981
    ]
  }
}