{
  "CNN-Attention-BiLSTM-based": {
    "training_loss": [
      0.37178703533481455,
      0.23799249974590944,
      0.12965407659110145,
      0.08033985680119997,
      0.06171411891147918,
      0.05228847350672507,
      0.04500915105220265,
      0.039839364774117585,
      0.036785968155060085,
      0.03396050411906232,
      0.030390657162542415,
      0.02839682726209873,
      0.02711451448402337,
      0.025255906468571145,
      0.02491269510818128,
      0.024377301353268342,
      0.024014023040101355,
      0.02304086591355519,
      0.02240813548882498,
      0.022996561525132776,
      0.022927826305513047,
      0.02137458248214727,
      0.01926865457379844,
      0.01813746993745834,
      0.017373318441163268,
      0.01740296024103655,
      0.017194391245784594,
      0.017373119484983726,
      0.017471005493689417,
      0.018249033653957837,
      0.0172079831268027,
      0.016346704917480963,
      0.015787199741999745,
      0.01540060612888644,
      0.015131570031984629,
      0.015466084073682844,
      0.01535239092174192,
      0.015485561194807226,
      0.015063138720243192,
      0.014730483218538423,
      0.014634291224051226,
      0.014336267416925869,
      0.01435587102592122,
      0.014315702855032695,
      0.01387302505068432,
      0.013944238805389378,
      0.013852306891077849,
      0.013552018786480964,
      0.013761739423844956,
      0.013857111874437958,
      0.013546443043003589,
      0.014031041485279864,
      0.013988818511513573,
      0.0140077415698858,
      0.014135979495013308,
      0.014076160164285019,
      0.013935131688461654,
      0.013920758309604955,
      0.013555648291169684,
      0.012981869323541872,
      0.012780762070084817,
      0.012824150396580247,
      0.0126656123316751,
      0.012323016538824763,
      0.012256850757487362,
      0.012245774040451065,
      0.01218399286302748,
      0.01206606953227546,
      0.012111079142606233,
      0.012038137311731308,
      0.012053594519781597
    ],
    "validation_loss": [
      0.03728542380503841,
      0.026653915799997905,
      0.0072673773067397675,
      0.0066775642595924695,
      0.006949687669691923,
      0.006030704340917039,
      0.006731506072349481,
      0.005798247483252854,
      0.006869819575360605,
      0.00770279591890065,
      0.007265509542572749,
      0.007617252729051597,
      0.006442600092687807,
      0.007685845750351469,
      0.006316899334998814,
      0.006944012671865367,
      0.0066239315026498345,
      0.005435851718448884,
      0.005835844789976841,
      0.006100968379605483,
      0.005271624448103505,
      0.00552830265157602,
      0.0052718296679635564,
      0.004845255601604085,
      0.0048904295659044405,
      0.004787982233077079,
      0.0049593639299534,
      0.005692005424493259,
      0.006602095140443815,
      0.0067222618100630654,
      0.004962266302322382,
      0.004824533524525749,
      0.005440434620070916,
      0.005068884273482995,
      0.0054087373167536895,
      0.005433212314452325,
      0.0057535451817345784,
      0.005337372002146253,
      0.005836602424147663,
      0.00594694641829058,
      0.0051829993034472,
      0.0057673971298951784,
      0.006691837071121989,
      0.005648472991127234,
      0.006300487991917384,
      0.0058909927631591585,
      0.005359498907688198,
      0.005251582158351695,
      0.005377837606555932,
      0.005177304207288719,
      0.005261038804517968,
      0.005349481471820728,
      0.005831334391491605,
      0.005906937025174811,
      0.005781967394783364,
      0.005717848951869703,
      0.0050050660713829775,
      0.005746773020787673,
      0.005178141775638699,
      0.005201714071021838,
      0.005154242237599997,
      0.004911381640582235,
      0.005330919232740477,
      0.0052121856047973765,
      0.005285740142909588,
      0.0052565074610439215,
      0.005066983473415558,
      0.005803578696050844,
      0.004850157230467229,
      0.005256086102706361,
      0.005550434842210758
    ]
  }
}