{
  "CNN-Attention-BiLSTM-based": {
    "training_loss": [
      0.3629681376671833,
      0.22535818765647775,
      0.12609771614316884,
      0.08079729603698083,
      0.06187863611402528,
      0.05163624207448417,
      0.04575499948994917,
      0.04101481858882303,
      0.03637871578100892,
      0.033408912619650885,
      0.031172222828071715,
      0.02858344323267661,
      0.026981985395457823,
      0.025028696472898466,
      0.023552041520379263,
      0.023053217388937435,
      0.022410327901381952,
      0.021594743536305718,
      0.020874388718197936,
      0.019583369988537085,
      0.019248183855816278,
      0.01951361988751045,
      0.019138487280980925,
      0.019730813729522942,
      0.019461509841779693,
      0.019554618883049425,
      0.019406234868353595,
      0.017822142895930912,
      0.01639335367978663,
      0.01577523282538258,
      0.015414374386288239,
      0.015229995362460613,
      0.015444443712823237,
      0.01562703924087217,
      0.01581615424550248,
      0.015316596253075345,
      0.015061632500090448,
      0.014729783999131774,
      0.014489859420864887,
      0.014736372256576494,
      0.014800899265735246,
      0.01483352548702116,
      0.01492892026464127,
      0.014726165336297397,
      0.014178429262128686,
      0.014931803562673504,
      0.014927276687438873,
      0.014579266865922043,
      0.014336987326799153,
      0.013684095602789192,
      0.013661258009094386,
      0.013921577194721917,
      0.013647875078218205,
      0.01314623473169716,
      0.012889516606744242,
      0.012613024722438977,
      0.012312150522805555,
      0.01229208425313704,
      0.012305777779276338,
      0.01238502938163364,
      0.012430470475956353,
      0.012539051156719386,
      0.0126131653113718,
      0.012392506776491731,
      0.012424610610627251
    ],
    "validation_loss": [
      0.030282431705431503,
      0.007996954443910114,
      0.007468389832395148,
      0.006866209186170693,
      0.006022880475811817,
      0.006390070777151968,
      0.007237755576265858,
      0.005865599100406353,
      0.0058790436079660495,
      0.007259855261788919,
      0.005547988684392059,
      0.005350834650957917,
      0.006035297646649651,
      0.004987420712864691,
      0.005156019354121877,
      0.0053900507851861994,
      0.006067754550986773,
      0.005214510573451961,
      0.005168397233567454,
      0.004814516199374949,
      0.005200653870987309,
      0.005458883478768639,
      0.005164328522954162,
      0.005968779612046022,
      0.007952146212589908,
      0.0069606686727358745,
      0.007117392306404931,
      0.0049217131340524535,
      0.00493324624856452,
      0.0056657153149167975,
      0.004882135975558858,
      0.005093118452655894,
      0.005131713498930831,
      0.006850287070745355,
      0.005229767014669789,
      0.005198074625218874,
      0.006549043580889702,
      0.005018708240761832,
      0.005128247611276753,
      0.005492027734985927,
      0.005748553191787088,
      0.0066803949070977165,
      0.005150430852065345,
      0.005582623024165005,
      0.006090045756810195,
      0.005802707401449447,
      0.005234182268459272,
      0.005779483707270006,
      0.005202502451863114,
      0.006374372778317103,
      0.007113649985277569,
      0.005769771106957973,
      0.004971913902180178,
      0.005565464711533143,
      0.004979062151372224,
      0.0049295262107951245,
      0.004889046226243873,
      0.00487661103789623,
      0.004822855059812952,
      0.005507882814724129,
      0.006517732141448276,
      0.005900370367392376,
      0.006408471060539042,
      0.006530899033471421,
      0.004992769545895028
    ]
  }
}