{
  "CNN-Attention-BiLSTM-based": {
    "training_loss": [
      0.35039658041297084,
      0.2159608959315849,
      0.13374567426264442,
      0.08829272710159095,
      0.06812254276116829,
      0.056845120275940006,
      0.04887635611800851,
      0.04303208862632957,
      0.0393387376739726,
      0.036870028408967435,
      0.03438954382782229,
      0.03177390965215999,
      0.030162613935226627,
      0.029123024510564144,
      0.02844510859206619,
      0.02718772143974417,
      0.02556184264296612,
      0.023340263009711277,
      0.022015198415486464,
      0.020931105951368024,
      0.02026376877335944,
      0.020144966977022387,
      0.02017813190119137,
      0.020449591413675746,
      0.020157596799989838,
      0.0195074825238283,
      0.018878030418487728,
      0.018212882486824192,
      0.018067138276073518,
      0.01763140461770826,
      0.017241835141983814,
      0.017035215717595885,
      0.016846242260373966,
      0.01683061212255545,
      0.01659078357902851,
      0.016642138968392436,
      0.016259048259788494,
      0.015771967767820246,
      0.015620736700729986,
      0.01589061812996394,
      0.016734754869112,
      0.016273593753706878,
      0.015605151994475453,
      0.015488173809362857,
      0.015560753719422454,
      0.01568362009234067,
      0.015619764466893244,
      0.015972383579077636,
      0.015563313193834737,
      0.015308065077095675,
      0.015209046181856176,
      0.015432987848621623,
      0.01528163001065344,
      0.014621328890624013,
      0.014401756089889198,
      0.014297839832034266,
      0.01396967660175354,
      0.013752314806519946,
      0.01373602707987026,
      0.013730897178822813,
      0.013650509005609988,
      0.01359504908176366,
      0.013479432171107801,
      0.013445674498891173,
      0.013416974786522094
    ],
    "validation_loss": [
      0.013115909876996706,
      0.00804920295080506,
      0.007528190189506043,
      0.006591083021139671,
      0.006201424380689337,
      0.0061994933648827615,
      0.00605138803011821,
      0.006700402655803489,
      0.006495447183474768,
      0.006809295125749295,
      0.007423214495325569,
      0.006416413543220681,
      0.007211297443837919,
      0.007646976079589535,
      0.00836836268893735,
      0.007873709054236445,
      0.005739426791615745,
      0.005258739080227872,
      0.005109970672333355,
      0.004990979051298989,
      0.005159884961175157,
      0.006015299175965442,
      0.006093078355701239,
      0.005630830493665932,
      0.005888147749359052,
      0.005712164150821714,
      0.0057927183643792434,
      0.006024267289611379,
      0.005760613446419116,
      0.0057052996779438075,
      0.005432784404024978,
      0.006603536196053028,
      0.005815937797067566,
      0.00578845881297532,
      0.005576877717757288,
      0.005712122840712242,
      0.005478013515628992,
      0.006124373264415043,
      0.005616971448181285,
      0.006206039694870207,
      0.0065250928561005825,
      0.005720649224472756,
      0.0056652029129740135,
      0.005669264201133556,
      0.005743608418558504,
      0.006138409566192932,
      0.0061689310669638025,
      0.006961520441568044,
      0.00607906033622587,
      0.0054850058781795346,
      0.006547380530727202,
      0.006612164040149929,
      0.005806777794272908,
      0.00533674447674911,
      0.005951785927739536,
      0.0055738829179045515,
      0.005661043652452385,
      0.005484077267205235,
      0.005708249367369036,
      0.006355014122409286,
      0.005617291864738416,
      0.005779266227754371,
      0.006437025695138867,
      0.005330717652683814,
      0.005841952195674859
    ]
  }
}