{
  "CNN-Attention-LSTM-based": {
    "MSE": 0.009145,
    "MAE": 0.075474,
    "RMSE": 0.095579,
    "MAPE": 0.388409
  }
}