{
  "CNN-BiLSTM-Attention-based": {
    "MSE": 0.00908,
    "MAE": 0.07513,
    "RMSE": 0.095211,
    "MAPE": 0.391737
  }
}