{
  "CNN-BiLSTM-Attention-based": {
    "MSE": 0.029202,
    "MAE": 0.128429,
    "RMSE": 0.147848,
    "MAPE": 0.561754
  }
}