{
  "CNN-Attention-BiLSTM-based": {
    "training_loss": [
      0.4761995173000789,
      0.3979588288527269,
      0.37715597356949654,
      0.3543534185086097,
      0.3315812170088708,
      0.3176445064844785,
      0.30254799356827367,
      0.28638265474692925,
      0.2704442687384732,
      0.2570323100040009,
      0.24346660859101302,
      0.23054635785259567,
      0.2180562851937501,
      0.20684743469411676,
      0.1956307100249337,
      0.18509580882696006,
      0.17548415648353682,
      0.16632811881445506,
      0.15745830921443194,
      0.14946043314216853,
      0.14173610602225456,
      0.13455231321024727,
      0.12811675448934515,
      0.1219823282290172,
      0.1164440800259997,
      0.11117897714143032,
      0.10648841051371781,
      0.10199352765416765,
      0.09817622325845532,
      0.09507521820235086,
      0.09205296255283422,
      0.0892923859866349,
      0.08675893297145416,
      0.0840629850338389,
      0.0819669981728067,
      0.07966207207499684,
      0.07771883680895492,
      0.07585270817463215,
      0.07405314214162893,
      0.07233720434295547,
      0.07083268640758274,
      0.06952538508010077,
      0.06817308724760175,
      0.06726347019413968,
      0.06590954292487432,
      0.06458243868359319,
      0.06280783714948,
      0.06149682501604507,
      0.06038483169737396,
      0.059159455547382785,
      0.057952379351937686,
      0.057337179232935805,
      0.056059656547499705,
      0.05547877630362144,
      0.05444191294637593,
      0.05366653639015618,
      0.052863782857889896,
      0.052440545723571645,
      0.05137406451093567,
      0.051280594997472694,
      0.05050352361652401,
      0.05023112254855516,
      0.04870798545596483,
      0.04834762502175111,
      0.04695853752481354,
      0.04611441961952023,
      0.04515421898527579,
      0.04444319976272283,
      0.04374537293935989,
      0.04329349579927805,
      0.04258943883168114,
      0.041869196024808014,
      0.041317882732703134,
      0.04070954673461147,
      0.04009225401845012,
      0.03978983307635034,
      0.03937208889560266,
      0.038733663206750694,
      0.038362688534743304,
      0.037938126343321964,
      0.03752058718379561,
      0.037222495341634416,
      0.03664572531735147,
      0.03630541429132015,
      0.035953284482230674,
      0.03591281076619675,
      0.03544384710021786,
      0.035164412996777285,
      0.03446608401470251
    ],
    "validation_loss": [
      0.25008833408355713,
      0.20229262113571167,
      0.1671573668718338,
      0.13215231895446777,
      0.09655223786830902,
      0.07535748928785324,
      0.06773626804351807,
      0.05937062203884125,
      0.047158531844615936,
      0.04233642667531967,
      0.04121728241443634,
      0.0340031161904335,
      0.026453698053956032,
      0.02631852775812149,
      0.023608891293406487,
      0.022517472505569458,
      0.023911915719509125,
      0.02073132060468197,
      0.02010832168161869,
      0.021641157567501068,
      0.01975986734032631,
      0.02073635905981064,
      0.0239733774214983,
      0.02627876028418541,
      0.021157793700695038,
      0.02330983243882656,
      0.02039593830704689,
      0.0230723787099123,
      0.02227073162794113,
      0.02105596475303173,
      0.02269645780324936,
      0.022473564371466637,
      0.019960403442382812,
      0.02165549248456955,
      0.021814236417412758,
      0.02052363194525242,
      0.021228857338428497,
      0.02121850661933422,
      0.020607370883226395,
      0.022660521790385246,
      0.020846987143158913,
      0.020982038229703903,
      0.022556906566023827,
      0.019245648756623268,
      0.021734779700636864,
      0.022566551342606544,
      0.02210792899131775,
      0.020904066041111946,
      0.020756768062710762,
      0.02033139020204544,
      0.021379901096224785,
      0.020940862596035004,
      0.021662980318069458,
      0.02166416496038437,
      0.02199741266667843,
      0.020297862589359283,
      0.023611105978488922,
      0.02119278535246849,
      0.020437417551875114,
      0.023355258628726006,
      0.021103331819176674,
      0.021576549857854843,
      0.02183433249592781,
      0.026981357485055923,
      0.020839499309659004,
      0.028096109628677368,
      0.022424159571528435,
      0.02434568852186203,
      0.023289600387215614,
      0.022511355578899384,
      0.022613734006881714,
      0.022853048518300056,
      0.0222361758351326,
      0.021559718996286392,
      0.02198224514722824,
      0.02196468971669674,
      0.022085467353463173,
      0.025133095681667328,
      0.022306028753519058,
      0.02256324142217636,
      0.02410043403506279,
      0.02435280941426754,
      0.021345574408769608,
      0.023890959098935127,
      0.022070318460464478,
      0.022156881168484688,
      0.024896256625652313,
      0.0213368758559227,
      0.02229963056743145
    ]
  }
}