{
  "CNN-Attention-BiLSTM-based": {
    "training_loss": [
      1.4777150462557387,
      1.3958250542620678,
      1.311345730628167,
      1.2355999279689123,
      1.1644696647470647,
      1.096678471231794,
      1.0301238014981464,
      0.9666530965091465,
      0.9056020795882165,
      0.8467303364426939,
      0.790556667151151,
      0.7365980460927203,
      0.685255667963228,
      0.6363935812369926,
      0.5901566718841766,
      0.5464118585719929,
      0.5051839020285573,
      0.4666746646374256,
      0.43070844607753356,
      0.39751947072002436,
      0.36705378552416823,
      0.3394430021306018,
      0.3149559722913729,
      0.2936271872970608,
      0.2745489113397532,
      0.2581039446217197,
      0.24489181129248827,
      0.2336888002765762,
      0.2247254150313931,
      0.21517728373304112,
      0.20632257724141742,
      0.19772980127718065,
      0.1901699059701466,
      0.18350271818104325,
      0.17708020412421727,
      0.17120098171534237,
      0.16614713639646142,
      0.1613054849676319,
      0.15767878221048343,
      0.15442439392730073,
      0.15051743752889699,
      0.14569708600744502,
      0.14216309650377792,
      0.13831278692175458,
      0.13450109427208667,
      0.1313044059943486,
      0.12878345401137026,
      0.1270335248925469,
      0.12697897424231042,
      0.1270439714401752,
      0.1272173358218653,
      0.1214566884132532,
      0.12271196514993281,
      0.1180677039848341,
      0.11632173008226848,
      0.1139041258842795,
      0.11119993411369257,
      0.10849212860310828,
      0.10619070266301815,
      0.10388403349406236,
      0.10187974791009943,
      0.1003995616952856,
      0.09908687781829101,
      0.098937045079428
    ],
    "validation_loss": [
      0.20571137964725494,
      0.1791868805885315,
      0.1575329452753067,
      0.133724644780159,
      0.10761860758066177,
      0.08256348222494125,
      0.0625619888305664,
      0.04876970127224922,
      0.0388004295527935,
      0.031145116314291954,
      0.026458583772182465,
      0.02475755102932453,
      0.0238395556807518,
      0.023298345506191254,
      0.026391487568616867,
      0.027888085693120956,
      0.027059609070420265,
      0.029459072276949883,
      0.03017621487379074,
      0.030813386663794518,
      0.0309880580753088,
      0.03144802153110504,
      0.03341720253229141,
      0.024537259712815285,
      0.05019726604223251,
      0.02910945750772953,
      0.03461189195513725,
      0.05350218713283539,
      0.03245243430137634,
      0.05039862543344498,
      0.05197007954120636,
      0.03696419671177864,
      0.0511077344417572,
      0.038415566086769104,
      0.04223978519439697,
      0.04262034222483635,
      0.041377320885658264,
      0.04382241517305374,
      0.03418757766485214,
      0.05058819800615311,
      0.03779958561062813,
      0.047524016350507736,
      0.030614372342824936,
      0.057622458785772324,
      0.04747321456670761,
      0.049432896077632904,
      0.052332665771245956,
      0.07233783602714539,
      0.06012006103992462,
      0.06952951103448868,
      0.05831320583820343,
      0.051419809460639954,
      0.07126107811927795,
      0.0629151314496994,
      0.05165152624249458,
      0.06589174270629883,
      0.0507701151072979,
      0.053117536008358,
      0.05485624074935913,
      0.04654397442936897,
      0.05100023001432419,
      0.04517674446105957,
      0.05347392335534096,
      0.03463069722056389
    ]
  }
}