{
  "CNN-Attention-BiLSTM-based": {
    "training_loss": [
      0.4751620520936682,
      0.40032232061345524,
      0.3793579834572812,
      0.3575165626850534,
      0.3388393717877408,
      0.31915459417282266,
      0.30120954361367736,
      0.28725278060486975,
      0.27256832858349417,
      0.25721792591379045,
      0.24244798941815154,
      0.22800493493993232,
      0.215370459759489,
      0.20260835866978827,
      0.19074675884652645,
      0.1796063187908619,
      0.16941808829916286,
      0.15978016593354813,
      0.15073182227763723,
      0.14224195416937482,
      0.13452931858123618,
      0.12722530897627485,
      0.12037614067184164,
      0.11395654114002877,
      0.10809248559018399,
      0.10279661321893652,
      0.09796206970164116,
      0.09362735900473088,
      0.08982370651148736,
      0.08663862008363643,
      0.08342444960107194,
      0.08082175540163163,
      0.07813206727200366,
      0.07567287807134872,
      0.07311223225390658,
      0.0709384319947121,
      0.06884339800540437,
      0.06682588017367302,
      0.06505969198460275,
      0.06326723637733053,
      0.06176239822773223,
      0.06032257527112961,
      0.058908007404905684,
      0.0577641395812339,
      0.0564942775254554,
      0.05531188005462606,
      0.05376008573047658,
      0.05257808749980115,
      0.05144721547022779,
      0.05021252174009668,
      0.04912189632020098,
      0.047980809465367744,
      0.04700522861899214,
      0.04611045835500068,
      0.04516291055590548,
      0.044359381290826394,
      0.04380839286332435,
      0.04312543325284694,
      0.04219931649400833,
      0.041537516294641696,
      0.04084925567533108,
      0.04015953926012871,
      0.03955549826013281,
      0.038806523255845334,
      0.03821594149191329,
      0.037580673127098285,
      0.03695038634728878,
      0.036313082785048384,
      0.03567434657127299,
      0.035177908679272264,
      0.034564680637831385,
      0.03404524113903654,
      0.03365414122000654,
      0.03325225119578078,
      0.0328761543682281,
      0.03263418852014745
    ],
    "validation_loss": [
      0.2293049693107605,
      0.18856924772262573,
      0.15631315112113953,
      0.1380094587802887,
      0.11859416961669922,
      0.09507189691066742,
      0.07465860992670059,
      0.06387950479984283,
      0.06101788580417633,
      0.059481363743543625,
      0.05491124093532562,
      0.051249414682388306,
      0.05073035508394241,
      0.05237029865384102,
      0.049831755459308624,
      0.05105382204055786,
      0.05058565363287926,
      0.04921998828649521,
      0.04305601119995117,
      0.04570905491709709,
      0.04200085252523422,
      0.04228736087679863,
      0.03620466589927673,
      0.031740278005599976,
      0.03741946071386337,
      0.02909330651164055,
      0.035648200660943985,
      0.038548942655324936,
      0.031180769205093384,
      0.037045009434223175,
      0.029053740203380585,
      0.040954310446977615,
      0.0378626324236393,
      0.036389876157045364,
      0.041394416242837906,
      0.03311452269554138,
      0.0391584150493145,
      0.03914780542254448,
      0.036670904606580734,
      0.04249957948923111,
      0.0401017963886261,
      0.043471500277519226,
      0.0422530472278595,
      0.04167455807328224,
      0.036963190883398056,
      0.045129694044589996,
      0.033426132053136826,
      0.033136457204818726,
      0.049324583262205124,
      0.033719729632139206,
      0.04292121157050133,
      0.04502212256193161,
      0.03995448723435402,
      0.0380418561398983,
      0.04401145875453949,
      0.04098143056035042,
      0.04569479823112488,
      0.039468396455049515,
      0.044231221079826355,
      0.0453549288213253,
      0.03722056373953819,
      0.04616615176200867,
      0.04023616388440132,
      0.04629562050104141,
      0.04100551828742027,
      0.044001802802085876,
      0.04357815533876419,
      0.0464618094265461,
      0.04720751568675041,
      0.04206179454922676,
      0.048276856541633606,
      0.040652092546224594,
      0.04265451431274414,
      0.050070442259311676,
      0.03667527809739113,
      0.053684305399656296
    ]
  }
}