{
  "CNN-GRU-Attention-based": {
    "MSE": 0.013358,
    "MAE": 0.09655,
    "RMSE": 0.115575,
    "MAPE": 0.396673
  }
}